{"type":"FeatureCollection","features":[{"type":"Feature","id":1,"geometry":{"type":"MultiPolygon","coordinates":[[[[13.0035035139369,47.803801677730263],[13.003413682408489,47.803891510195939],[13.0035035139369,47.803891510195939],[13.0035035139369,47.803981341299497],[13.004267078335147,47.803891510195939],[13.003817921591418,47.804250834281461],[13.003817921591418,47.805104230260362],[13.003548428802809,47.805553385202295],[13.003728090961303,47.806002541087082],[13.00256028738016,47.806361865049887],[13.00256028738016,47.807350007761144],[13.002650118010241,47.807394922755137],[13.002650118010241,47.808023741262517],[13.002784865302859,47.80811357185641],[13.005389967050414,47.807439838916963],[13.00574929226573,47.807933909909963],[13.00574929226573,47.80824831896421],[13.005928954424258,47.808338149772965],[13.005973869290132,47.809056799096091],[13.005704375603228,47.809281377157269],[13.005569629208907,47.809775448128171],[13.005030642733393,47.810224603097311],[13.005075557599268,47.810314434107646],[13.004940811204982,47.810269519225209],[13.004491656257846,47.810718674144447],[13.00480606481066,47.811077999264604],[13.004626402652168,47.81193139528385],[13.004895896339072,47.812066140932302],[13.005345051286207,47.812066140932302],[13.005659459839022,47.812380549705267],[13.005928954424258,47.812245803062815],[13.005884037761721,47.812155971773635],[13.006018785054339,47.812200888040941],[13.006153532346957,47.812066140932302],[13.0070967580054,47.813009368176459],[13.0070967580054,47.813099199195946],[13.006962011611078,47.81318903006003],[13.007006927375285,47.813323777271329],[13.006917095846873,47.81345852413299],[13.006288277842946,47.81345852413299],[13.006243362977072,47.813323777271329],[13.006108615684454,47.813323777271329],[13.005704375603228,47.81368310125761],[13.00574929226573,47.813772931714865],[13.005614544973113,47.813728016807303],[13.005704375603228,47.813997509892808],[13.005659459839022,47.814132256815952],[13.005345051286207,47.814132256815952],[13.005434882814619,47.814671244028183],[13.005345051286207,47.81462632808784],[13.005120474261805,47.81485090619443],[13.005210304891886,47.81512039888144],[13.005295407688644,47.815148766895859],[13.005120474261805,47.815210229868484],[13.005030642733393,47.81525514590696],[13.005075557599268,47.815344977264125],[13.004895896339072,47.815300060700118],[13.004940811204982,47.815389893186037],[13.004761149046454,47.815344977264125],[13.004536571123754,47.815434807862594],[13.004581486887961,47.815524638908954],[13.004401824729435,47.815479723706801],[13.004311994099352,47.815524638908954],[13.004356908965228,47.815614469799854],[13.004177246806735,47.815569555278699],[13.003907754018126,47.815659386091887],[13.003683176095427,47.815749216749715],[13.003728090961303,47.815839047855327],[13.003413682408489,47.815839047855327],[13.003458598172694,47.815928878805529],[13.003278936014201,47.815883963953091],[13.003323850880076,47.815973794825588],[13.003144188721583,47.815928878805529],[13.003189105384086,47.816018710203558],[13.002964526563057,47.815973794825588],[13.002829780168769,47.816018710203558],[13.002874695932974,47.816108540842983],[13.002695033774447,47.816063626145912],[13.002739948640357,47.816153456707625],[13.002425540087541,47.816153456707625],[13.002470455851748,47.816243287717114],[13.002156047298934,47.816243287717114],[13.002200962164808,47.816333119174388],[13.001976385140441,47.816288204068393],[13.002021300006316,47.816378034844767],[13.001706890555205,47.816378034844767],[13.001751807217708,47.816467866068962],[13.001572145059214,47.816422949873093],[13.00161705992509,47.816512782225999],[13.001437397766596,47.816467866068962],[13.001482312632472,47.816557697137732],[13.001257735608069,47.816512782225999],[13.001078072551246,47.816557697137732],[13.001122989213782,47.816647528051092],[13.000898411291049,47.816602613217071],[13.000943327055255,47.816692444052713],[13.000763664896763,47.816602613217071],[13.000404339681412,47.816647528051092],[13.000359423917205,47.816333119174388],[13.000449256343948,47.816243287717114],[13.000584001839938,47.816243287717114],[13.000808579762637,47.816422949873093],[13.001078072551246,47.816422949873093],[13.001392482002391,47.816288204068393],[13.001482312632472,47.816108540842983],[13.001841637847823,47.816153456707625],[13.001886552713698,47.816243287717114],[13.002066215770522,47.816243287717114],[13.002021300006316,47.816108540842983],[13.002245877929015,47.816198373136615],[13.002200962164808,47.816108540842983],[13.002290793693222,47.816153456707625],[13.002515370717624,47.815210229868484],[13.003458598172694,47.81485090619443],[13.003323850880076,47.814671244028183],[13.003323850880076,47.814491581240311],[13.002874695932974,47.814087341012652],[13.001706890555205,47.814446665747823],[13.000628917604145,47.814267003992647],[13.000359423917205,47.814132256815952],[13.000359423917205,47.813099199195946],[13.000898411291049,47.812919537001584],[13.00103315768537,47.812784789947891],[13.000404339681412,47.812155971773635],[13.000179761758712,47.811751732065595],[13.000269593287124,47.811437323105174],[13.000628917604145,47.811077999264604],[13.000718749132556,47.811122914051133],[13.000673833368349,47.810853421129629],[13.000808579762637,47.810898336713677],[13.000763664896763,47.810808506110035],[13.00103315768537,47.810583928016207],[13.000943327055255,47.810000026098308],[13.000763664896763,47.809955109737324],[13.000628917604145,47.809595785294135],[13.000179761758712,47.809505954247378],[13.000089931128597,47.809236460778081],[12.999416198258794,47.809326292291011],[12.999146703673558,47.809191544963369],[12.999146703673558,47.809281377157269],[12.999056873043445,47.809281377157269],[12.998652632962219,47.809730532176275],[12.998472970803725,47.809775448128171],[12.998293308645199,47.80946103926901],[12.997709407303807,47.809685616788819],[12.997709407303807,47.808742390109565],[12.997619574877065,47.808742390109565],[12.997574660011191,47.808517812131008],[12.997844152799766,47.8085627279251],[12.997844152799766,47.808427981029674],[12.998023814958291,47.808383065119095],[12.997844152799766,47.807978825002351],[12.997844152799766,47.807439838916963],[12.997978900092384,47.807125429795214],[12.998203478015116,47.806900852064949],[12.99838314017361,47.806900852064949],[12.99851788656793,47.806721190146945],[12.998652632962219,47.806766105081358],[12.998832295120744,47.806631358954903],[12.998742463592333,47.806541527004136],[12.998787380254837,47.806272033839697],[12.998652632962219,47.806182203077555],[12.998652632962219,47.805912709858852],[12.998967042413362,47.805867794186476],[12.998877210884951,47.805194061076755],[12.998293308645199,47.804924566954767],[12.99851788656793,47.804250834281461],[12.999146703673558,47.803981341299497],[12.999640776181495,47.804205917775363],[13.000988241921164,47.804071172247703],[13.00256028738016,47.803577100713468],[13.002470455851748,47.803083028703682],[13.002245877929015,47.802768620965026],[13.001976385140441,47.802094886878031],[13.001886552713698,47.801331323003829],[13.00256028738016,47.799804194171038],[13.003413682408489,47.799130460257331],[13.003413682408489,47.798950798013927],[13.003189105384086,47.798501642100995],[13.003458598172694,47.79787282478209],[13.003683176095427,47.797738077913259],[13.000089931128597,47.796345696271906],[13.000045016262721,47.795537216227558],[13.000134846892802,47.795447383798574],[13.000089931128597,47.795312637881246],[13.000179761758712,47.795357553024687],[13.000134846892802,47.795222806874413],[13.00031450905133,47.79508805977126],[13.00031450905133,47.794504158056853],[13.000404339681412,47.794459242175741],[13.002605202246036,47.795312637881246],[13.004536571123754,47.796166032847196],[13.004671318416372,47.796166032847196],[13.00480606481066,47.795941456011789],[13.005345051286207,47.795761792999748],[13.005075557599268,47.79508805977126],[13.005345051286207,47.794459242175741],[13.005973869290132,47.794189749091196],[13.006557772428183,47.794324496109901],[13.0070967580054,47.793471099866515],[13.007950153932057,47.793201607088704],[13.007950153932057,47.792797367111987],[13.008084901224676,47.792797367111987],[13.008129816090552,47.792977028907401],[13.008174731854757,47.792887198087335],[13.008534056171777,47.792887198087335],[13.008623886801859,47.792662619754267],[13.008893381387095,47.792438042261146],[13.008893381387095,47.791854139737318],[13.008399308879159,47.791360069096129],[13.008668802566065,47.790596503765087],[13.010151015598352,47.789922771160867],[13.009387452098435,47.788665134923008],[13.009297620570024,47.788485472705673],[13.009342536334231,47.788350726238654],[13.009836607045537,47.787856654882596],[13.010016270102362,47.787901571038581],[13.010016270102362,47.787811739291364],[13.010690002972197,47.787272752790301],[13.01064508720799,47.787676992888315],[13.011004412423308,47.787991402027004],[13.010959495760805,47.788171064141594],[13.011184073683504,47.788350726238654],[13.011184073683504,47.788530387714665],[13.011408651606237,47.78875496579878],[13.011588313764729,47.78875496579878],[13.011902723215876,47.78929395322475],[13.012172216004483,47.78956344574695],[13.012576456085709,47.789743109066201],[13.013160359223727,47.789473615061475],[13.013160359223727,47.789338868138614],[13.012890864638491,47.789204122073514],[13.012890864638491,47.789024459908696],[13.013429852012337,47.788485472705673],[13.01351968264245,47.788530387714665],[13.013474767776541,47.788395641967661],[13.013654429935068,47.788215980025861],[13.013474767776541,47.788081232860122],[13.013654429935068,47.787856654882596],[13.013744260565151,47.787901571038581],[13.013699344800944,47.787766824264892],[13.013879007857769,47.787587161960097],[13.014148500646376,47.787587161960097],[13.014552740727602,47.787811739291364],[13.015181558731529,47.787856654882596],[13.01527139025994,47.787766824264892],[13.015451052418467,47.787048174940828],[13.015675630341166,47.786958344132913],[13.015720546105372,47.786823596724545],[13.015406136654262,47.786554103877727],[13.015406136654262,47.786329525941021],[13.01527139025994,47.786194778713224],[13.015136642967322,47.786194778713224],[13.015136642967322,47.785925286227581],[13.01527139025994,47.785835455289707],[13.015226473597437,47.785071890274878],[13.015720546105372,47.784892227708539],[13.015900208263899,47.784892227708539],[13.016169701052508,47.785161721928759],[13.016349363211001,47.785610877265839],[13.016798519056433,47.785745624196593],[13.016888349686548,47.785565962148219],[13.017023096979166,47.785565962148219],[13.016978181214961,47.78547612998576],[13.017157843373454,47.785296468213083],[13.017517167690475,47.785565962148219],[13.017831577141585,47.785521045784606],[13.017966324434203,47.785161721928759],[13.0179214077717,47.784847313177153],[13.017966324434203,47.784757480979863],[13.018101069930193,47.784802396796131],[13.018056155064318,47.784712565728441],[13.018280732088721,47.78448798828547],[13.019403620803953,47.784577819137631],[13.019583283860777,47.784712565728441],[13.020571426181757,47.785655792948234],[13.021290074815797,47.786643934780749],[13.02169431489699,47.787632077141829],[13.021873977055517,47.788350726238654],[13.0218969568588,47.788695427013998],[13.021604484266909,47.787452414974815],[13.020796004104456,47.787407499034209],[13.020706172576045,47.787452414974815],[13.020706172576045,47.787587161960097],[13.020571426181757,47.787587161960097],[13.020706172576045,47.788126148218502],[13.020616341047631,47.788126148218502],[13.020616341047631,47.788260895267747],[13.020257016730612,47.788305811074395],[13.020257016730612,47.788889713028439],[13.019762946019304,47.789024459908696],[13.019673115389189,47.788889713028439],[13.019718030255099,47.78862022003046],[13.019628198726686,47.788530387714665],[13.019313790173872,47.78862022003046],[13.019268875307997,47.78875496579878],[13.019044297385264,47.788575303891974],[13.018954465856853,47.78862022003046],[13.018954465856853,47.788440557054294],[13.018819718564234,47.788440557054294],[13.018774803698358,47.788530387714665],[13.018640057304038,47.788485472705673],[13.018595140641535,47.788575303891974],[13.018325647852926,47.788530387714665],[13.018190900560308,47.788665134923008],[13.018235817222811,47.788844797122849],[13.018011239300112,47.789024459908696],[13.018011239300112,47.789204122073514],[13.017696829848967,47.789473615061475],[13.017831577141585,47.790057517173338],[13.017517167690475,47.790327011167946],[13.017562082556349,47.790416842188925],[13.017427337060358,47.790371925792556],[13.016933266349051,47.790910912744671],[13.016753603292228,47.790821081974151],[13.016124786186598,47.790821081974151],[13.015540883048548,47.791090575026836],[13.015046812337241,47.79086599677531],[13.014417994333314,47.791135490802134],[13.014373078569108,47.791360069096129],[13.014193417308912,47.791360069096129],[13.014058670016293,47.790910912744671],[13.01351968264245,47.790641419967358],[13.01325018985384,47.790641419967358],[13.013070527695316,47.790776165927156],[13.013115442561222,47.790910912744671],[13.013025611931109,47.79086599677531],[13.013025611931109,47.791000743963387],[13.012890864638491,47.791000743963387],[13.012576456085709,47.791360069096129],[13.012711203378327,47.791584645816137],[13.012666287614122,47.791988886173847],[13.012172216004483,47.792258379809276],[13.012082385374368,47.792213463797538],[13.012082385374368,47.792033801776235],[13.011812891687462,47.792033801776235],[13.011812891687462,47.791899054852685],[13.011318820976122,47.791899054852685],[13.01136373584203,47.792348211112881],[13.010734918736402,47.792438042261146],[13.010690002972197,47.792527873254173],[13.010555255679579,47.792482958078828],[13.010555255679579,47.792662619754267],[13.010330678655176,47.792707534774323],[13.010330678655176,47.792797367111987],[13.010420510183588,47.792797367111987],[13.010375594419381,47.793111774846345],[13.01064508720799,47.793021944259223],[13.01064508720799,47.792932112913292],[13.010824750264813,47.792977028907401],[13.011273905211915,47.793516014791258],[13.011812891687462,47.793516014791258],[13.011902723215876,47.793381269297043],[13.012037469610162,47.793381269297043],[13.012351879061308,47.793560930884176],[13.012576456085709,47.793830424212459],[13.013340021382254,47.793785508955985],[13.012621371849916,47.793830424212459],[13.012576456085709,47.793965170955985],[13.012980696166903,47.794324496109901],[13.012935781301026,47.794459242175741],[13.013115442561222,47.794638904260253],[13.013115442561222,47.794818566930552],[13.013429852012337,47.79508805977126],[13.013384937146458,47.795177891011051],[13.012486624557297,47.795582131176872],[13.012801034008408,47.796255865240681],[13.012576456085709,47.796794850908817],[13.012621371849916,47.797019428883338],[13.012671277755498,47.7970443821999],[13.012621371849916,47.797064344965207],[13.012306963297101,47.797468584937597],[13.012262048431191,47.797693161810408],[13.012127301138575,47.797782993977336],[13.010914580894896,47.797917740126223],[13.01064508720799,47.797827908795718],[13.01064508720799,47.797693161810408],[13.010555255679579,47.797648246875532],[13.010600172342114,47.797423669205173],[13.010151015598352,47.797019428883338],[13.010151015598352,47.796929597810028],[13.01006118496827,47.796974512762638],[13.010106100732477,47.796839767184835],[13.009746776415456,47.797019428883338],[13.009162874175702,47.796884682215087],[13.008893381387095,47.796705020050659],[13.009028126883086,47.796525357868461],[13.008893381387095,47.796525357868461],[13.008938296253003,47.796435527147835],[13.008803549858683,47.796435527147835],[13.008803549858683,47.796525357868461],[13.008534056171777,47.796435527147835],[13.008489141305903,47.796255865240681],[13.008578971935984,47.796121117799139],[13.008309478249078,47.796031286983116],[13.008219646720667,47.796031286983116],[13.00826456338317,47.796255865240681],[13.008084901224676,47.796480441924068],[13.007635745379243,47.79666010486509],[13.007186588635481,47.796705020050659],[13.0070967580054,47.796615189037183],[13.006692517924174,47.796615189037183],[13.006512855765646,47.797154175805595],[13.006243362977072,47.797288921774943],[13.006108615684454,47.797288921774943],[13.005928954424258,47.797064344965207],[13.005839122895846,47.797109259801381],[13.005839122895846,47.796974512762638],[13.005704375603228,47.796884682215087],[13.005300136420299,47.796974512762638],[13.005030642733393,47.796839767184835],[13.005030642733393,47.797109259801381],[13.004940811204982,47.797154175805595],[13.004985726969187,47.79733383822731],[13.004850979676569,47.79733383822731],[13.004716234180579,47.797513500027733],[13.004671318416372,47.797782993977336],[13.005345051286207,47.798007571301461],[13.005524714343032,47.798142318074817],[13.005524714343032,47.79827706510212],[13.005120474261805,47.798860967262641],[13.004850979676569,47.798726219939368],[13.004671318416372,47.798771135752645],[13.004671318416372,47.79922029114605],[13.004761149046454,47.799265207135633],[13.004761149046454,47.799399954267827],[13.004401824729435,47.799624531240319],[13.004401824729435,47.799759278044057],[13.003952668884036,47.799849109052339],[13.003907754018126,47.799938939905324],[13.003773006725508,47.799894025101651],[13.003862838253921,47.800253349081252],[13.003773006725508,47.801106744961658],[13.004356908965228,47.801376237771692],[13.005075557599268,47.801061828753987],[13.005659459839022,47.801196576053684],[13.006243362977072,47.801196576053684],[13.007545913850832,47.801600815855679],[13.0070967580054,47.80173556296414],[13.006827265216792,47.802364381199347],[13.006962011611078,47.802768620965026],[13.006333193607153,47.802948283280145],[13.005210304891886,47.803487268910843],[13.004356908965228,47.803711846919391],[13.004267078335147,47.803891510195939],[13.0035035139369,47.803801677730263]],[[13.000763664896763,47.805149144782945],[13.000808579762637,47.805373722846895],[13.001167904977988,47.805283891737801],[13.000988241921164,47.805149144782945],[13.000763664896763,47.805149144782945]]],[[[13.065576816201943,47.786599018745065],[13.065621731067818,47.78668885077758],[13.065486984673532,47.78668885077758],[13.065531900437737,47.786599018745065],[13.065442068909325,47.786599018745065],[13.065307321616707,47.786374442209542],[13.06535223827921,47.786239695098189],[13.065082744592305,47.785970202241842],[13.06476833603949,47.786239695098189],[13.064947998197983,47.786374442209542],[13.06499291396219,47.786599018745065],[13.065082744592305,47.786554103877727],[13.065082744592305,47.78668885077758],[13.06499291396219,47.786643934780749],[13.064633588746872,47.787048174940828],[13.065127660356511,47.787138006197075],[13.064588672982667,47.787048174940828],[13.064364095958265,47.786823596724545],[13.064274265328184,47.78668885077758],[13.064364095958265,47.786374442209542],[13.064094602271359,47.786104948241103],[13.06180390907662,47.786194778713224],[13.06180390907662,47.78547612998576],[13.061399668995394,47.785655792948234],[13.061264921702776,47.78547612998576],[13.061130175308486,47.785521045784606],[13.061175091072693,47.785431214751718],[13.060905598284085,47.785206636792076],[13.060725935227261,47.785206636792076],[13.060636103698849,47.785835455289707],[13.060142032987541,47.785790539158967],[13.059872540198933,47.785341384167168],[13.059827624434726,47.784982059069314],[13.059737792906315,47.784937144011934],[13.059872540198933,47.784937144011934],[13.060321695146035,47.784712565728441],[13.060411526674446,47.784443072801139],[13.060321695146035,47.784308326115351],[13.060591188832941,47.783679507855126],[13.060905598284085,47.783589677261368],[13.0614445838613,47.782960858758329],[13.061309838365311,47.782646449974266],[13.061579331153919,47.782017632133908],[13.062028486999353,47.781927801082809],[13.062567472576536,47.782556618802516],[13.063286122108906,47.782556618802516],[13.063465785165731,47.782646449974266],[13.064094602271359,47.782511704063872],[13.064049687405451,47.782376957200583],[13.064139518035566,47.782287126166764],[13.064319180194058,47.782332041099444],[13.064319180194058,47.782466788079162],[13.06445392658838,47.782466788079162],[13.064498842352585,47.782556618802516],[13.06445392658838,47.783095605918938],[13.064723420275284,47.783275268055228],[13.064858166669572,47.783544761000861],[13.065217490986592,47.783454930174216],[13.066205634205868,47.783454930174216],[13.066205634205868,47.783230352126701],[13.066385296364395,47.783050689835164],[13.066654789153004,47.783050689835164],[13.066969197705784,47.783185436762921],[13.067059029234196,47.782646449974266],[13.067553099945538,47.782691365803743],[13.067553099945538,47.783095605918938],[13.067867509396649,47.783365099192366],[13.068002255790971,47.784038832903079],[13.068181917949463,47.783904085773031],[13.068316665242081,47.783949001119474],[13.068496327400608,47.783859169784201],[13.068631073794895,47.783993917030685],[13.068855651717628,47.784038832903079],[13.06894548324604,47.783724423999232],[13.06952938458743,47.783499845908757],[13.06952938458743,47.783589677261368],[13.069619216115841,47.783544761000861],[13.069709046745956,47.783679507855126],[13.069843794038574,47.784038832903079],[13.069753963408459,47.78435324111252],[13.070113286827182,47.78435324111252],[13.070203118355595,47.78448798828547],[13.070517526908409,47.784443072801139],[13.070607358436821,47.784847313177153],[13.070966682753841,47.784622735109096],[13.071505670127651,47.784802396796131],[13.07155058499356,47.784667649834589],[13.071909910208877,47.784712565728441],[13.072269233627601,47.784577819137631],[13.072269233627601,47.785116805819428],[13.072853135867321,47.785565962148219],[13.073122629554259,47.785565962148219],[13.073347206578628,47.785341384167168],[13.073841279086597,47.785341384167168],[13.073841279086597,47.785431214751718],[13.073931109716678,47.785386298875252],[13.074245519167823,47.785700707988234],[13.074964167801864,47.784937144011934],[13.07509891419615,47.784937144011934],[13.075413322748965,47.785251552823787],[13.07536840788309,47.785386298875252],[13.075458239411502,47.785341384167168],[13.075592984907461,47.785431214751718],[13.075592984907461,47.785790539158967],[13.075503154277378,47.785835455289707],[13.075503154277378,47.786060032946828],[13.075413322748965,47.786060032946828],[13.075413322748965,47.786239695098189],[13.075772647964284,47.786464272819494],[13.076087057415428,47.786419357232127],[13.07595231012281,47.78668885077758],[13.075997224988686,47.787093091191913],[13.075862478594397,47.787138006197075],[13.075862478594397,47.787407499034209],[13.075727732200079,47.787497330876569],[13.075727732200079,47.788171064141594],[13.075997224988686,47.788440557054294],[13.075997224988686,47.788889713028439],[13.075862478594397,47.788889713028439],[13.075907394358603,47.788799881781998],[13.075682816435872,47.788844797122849],[13.075817562830192,47.788889713028439],[13.075727732200079,47.789024459908696],[13.075772647964284,47.78929395322475],[13.076176888045511,47.789204122073514],[13.076401465069912,47.789024459908696],[13.076626042992645,47.789024459908696],[13.076805705151139,47.789204122073514],[13.076760790285263,47.789338868138614],[13.076850620915344,47.789338868138614],[13.076850620915344,47.789428700264054],[13.076760790285263,47.789428700264054],[13.076805705151139,47.789608362238518],[13.076626042992645,47.789832939889372],[13.076760790285263,47.789922771160867],[13.076760790285263,47.790147349263684],[13.077030283073871,47.790371925792556],[13.076985368207962,47.790506673054637],[13.076356550204036,47.790821081974151],[13.076266718675624,47.791045659816284],[13.075817562830192,47.791539731032557],[13.076087057415428,47.791809223979698],[13.076311634439829,47.791809223979698],[13.076401465069912,47.79194397113617],[13.076715873622728,47.79194397113617],[13.076985368207962,47.791539731032557],[13.077434523155096,47.791539731032557],[13.077659101077797,47.791674478284328],[13.077614186211921,47.791764308786703],[13.077748931707879,47.791719392951443],[13.077883679000497,47.79194397113617],[13.078243003317517,47.791809223979698],[13.078332833947632,47.792977028907401],[13.07869215916295,47.793066860175685],[13.07869215916295,47.793156691288672],[13.078153171789106,47.793650761746576],[13.078153171789106,47.793875340033651],[13.078063341159023,47.793920255212477],[13.078287919081722,47.794279580073542],[13.07842266637434,47.794324496109901],[13.07842266637434,47.794414326859304],[13.078332833947632,47.794414326859304],[13.078377749711839,47.794593989099106],[13.078198087553311,47.794683819986069],[13.078063341159023,47.794504158056853],[13.077928593866407,47.794549073295649],[13.078018426293115,47.794998228979665],[13.077748931707879,47.794998228979665],[13.077928593866407,47.795132975712313],[13.078018426293115,47.795627047294268],[13.07842266637434,47.795582131176872],[13.078781989793065,47.79567196216594],[13.079051482581672,47.795402468732789],[13.079051482581672,47.795267722095502],[13.07918622987429,47.795267722095502],[13.079500639325401,47.795582131176872],[13.0794557226629,47.79567196216594],[13.079635385719723,47.795716878205731],[13.079635385719723,47.795851624885159],[13.079500639325401,47.795851624885159],[13.079545555089608,47.795941456011789],[13.0794557226629,47.796076202108829],[13.07977013211401,47.796121117799139],[13.07977013211401,47.796300780172217],[13.079725217248134,47.796390611125794],[13.079590469955518,47.796390611125794],[13.079545555089608,47.79666010486509],[13.080039625800916,47.796749935800861],[13.080309118589524,47.796525357868461],[13.080309118589524,47.796749935800861],[13.08048878074805,47.796749935800861],[13.08048878074805,47.796884682215087],[13.080623528040668,47.796884682215087],[13.080533697410553,47.796974512762638],[13.080623528040668,47.798007571301461],[13.08048878074805,47.797962656034976],[13.080174372195236,47.798142318074817],[13.079590469955518,47.798142318074817],[13.079680300585599,47.79827706510212],[13.079635385719723,47.79836689625953],[13.07977013211401,47.798321980096837],[13.079859962744091,47.79845672726163],[13.079949795170833,47.798816050923641],[13.080309118589524,47.799130460257331],[13.080309118589524,47.799399954267827],[13.080129457329328,47.799355037791351],[13.080039625800916,47.799444868895208],[13.080084540666824,47.799759278044057],[13.079635385719723,47.800073687100408],[13.079545555089608,47.800343179838649],[13.079904879406628,47.800522843301167],[13.079949795170833,47.800882167155436],[13.080039625800916,47.800927082915031],[13.07999471003671,47.801016913714307],[13.080129457329328,47.801016913714307],[13.080174372195236,47.801106744961658],[13.080803190199163,47.801061828753987],[13.0810726838861,47.800882167155436],[13.081252346044595,47.800971998032374],[13.081297260910503,47.80142115370753],[13.081432008203121,47.80142115370753],[13.081476923967328,47.801510984859291],[13.081521838833202,47.802544043102394],[13.082195572601334,47.802499126930655],[13.082824389706962,47.802229633911722],[13.083228629788188,47.802184718071544],[13.083318461316601,47.803801677730263],[13.083408292845013,47.803846593982527],[13.083228629788188,47.804340664763629],[13.082420149625737,47.804385581153156],[13.082330318995655,47.804475412005679],[13.082105741072922,47.80658644330061],[13.08179133162181,47.807260175846615],[13.081117598751977,47.807529669917365],[13.080713358670749,47.807305092124977],[13.080578612276463,47.807350007761144],[13.080129457329328,47.807170344983412],[13.080039625800916,47.807439838916963],[13.0794557226629,47.807844079005385],[13.078512497004455,47.808203402898215],[13.076985368207962,47.80766441612672],[13.076850620915344,47.807529669917365],[13.076805705151139,47.807305092124977],[13.076745818064406,47.807305092124977],[13.076850620915344,47.807260175846615],[13.076940452443758,47.806990682790904],[13.077165030366489,47.806766105081358],[13.077344691626685,47.806676273966993],[13.077883679000497,47.806676273966993],[13.078153171789106,47.806990682790904],[13.07810825692323,47.807125429795214],[13.078198087553311,47.807125429795214],[13.078198087553311,47.80703559869896],[13.07846758124025,47.807080513964841],[13.07869215916295,47.806721190146945],[13.079006567715764,47.806631358954903],[13.0794557226629,47.806137287034858],[13.079904879406628,47.805957624889032],[13.079859962744091,47.805822879078583],[13.080039625800916,47.805553385202295],[13.079859962744091,47.805418638946506],[13.079635385719723,47.805418638946506],[13.079006567715764,47.804744904837825],[13.078916737085683,47.804789820877815],[13.078916737085683,47.804655073847989],[13.07869215916295,47.804520327071984],[13.078781989793065,47.804295750145293],[13.078602327634536,47.804071172247703],[13.078512497004455,47.80411608706018],[13.078557411870332,47.803981341299497],[13.078243003317517,47.803666931757391],[13.07810825692323,47.803666931757391],[13.078063341159023,47.803936425163755],[13.077883679000497,47.80411608706018],[13.077569270447714,47.804071172247703],[13.077569270447714,47.803891510195939],[13.077165030366489,47.803936425163755],[13.076940452443758,47.804340664763629],[13.076715873622728,47.804071172247703],[13.076760790285263,47.803936425163755],[13.07653621236253,47.803756763249325],[13.076626042992645,47.803666931757391],[13.07653621236253,47.803352522725788],[13.076446380834119,47.803262691741537],[13.076356550204036,47.803307607253103],[13.076356550204036,47.803217776191168],[13.076087057415428,47.803262691741537],[13.076131972281305,47.802723704987471],[13.075817562830192,47.802633874122598],[13.075817562830192,47.802139802795885],[13.075637900671666,47.802139802795885],[13.075637900671666,47.802005056132536],[13.075413322748965,47.801870309119685],[13.075503154277378,47.801645732200754],[13.075278576354679,47.80142115370753],[13.075188744826265,47.801466069001115],[13.075233660590472,47.801331323003829],[13.074874336273451,47.801061828753987],[13.074559927720637,47.801331323003829],[13.074604842586513,47.801466069001115],[13.074515011956432,47.80142115370753],[13.074335349797904,47.801555900075172],[13.073931109716678,47.801241492144804],[13.073931109716678,47.801106744961658],[13.074155686741081,47.800882167155436],[13.074829421407543,47.800927082915031],[13.074919252037658,47.800702504935565],[13.075188744826265,47.800522843301167],[13.075188744826265,47.800253349081252],[13.075637900671666,47.800388096064246],[13.075682816435872,47.799938939905324],[13.075548070041583,47.799983855876981],[13.07536840788309,47.799669446880408],[13.075143829960357,47.799624531240319],[13.074874336273451,47.799399954267827],[13.075009082667739,47.799265207135633],[13.075413322748965,47.79922029114605],[13.075862478594397,47.799310123086322],[13.075862478594397,47.798860967262641],[13.07536840788309,47.798771135752645],[13.074964167801864,47.798501642100995],[13.075009082667739,47.79827706510212],[13.075143829960357,47.798142318074817],[13.075592984907461,47.797917740126223],[13.075592984907461,47.797738077913259],[13.075458239411502,47.797738077913259],[13.075503154277378,47.797648246875532],[13.075413322748965,47.797558416285945],[13.074694674114925,47.797693161810408],[13.07464975924905,47.797513500027733],[13.074245519167823,47.797199091167521],[13.074245519167823,47.797019428883338],[13.073796363322391,47.796929597810028],[13.073706531793979,47.796345696271906],[13.073347206578628,47.796031286983116],[13.072942967395733,47.79621094906333],[13.07271839037133,47.796794850908817],[13.070472612042499,47.796839767184835],[13.070966682753841,47.796615189037183],[13.071191260676541,47.796390611125794],[13.071505670127651,47.796525357868461],[13.07213448723328,47.796255865240681],[13.072403980920219,47.795627047294268],[13.072179402997486,47.79508805977126],[13.072493812448631,47.79477365071773],[13.073526869635453,47.79508805977126],[13.073661616029773,47.795043143791389],[13.073886193952472,47.794728736276539],[13.073886193952472,47.794549073295649],[13.07402094124509,47.794459242175741],[13.073976024582587,47.794279580073542],[13.074335349797904,47.793965170955985],[13.074335349797904,47.793875340033651],[13.073706531793979,47.79374059305718],[13.073661616029773,47.793336353048794],[13.073751446659854,47.793066860175685],[13.073481953871246,47.793066860175685],[13.073481953871246,47.792572788994164],[13.073347206578628,47.792617704091867],[13.073257375948547,47.792482958078828],[13.073167545318466,47.792527873254173],[13.073167545318466,47.792393125801169],[13.073077713790054,47.792393125801169],[13.072583643078712,47.791854139737318],[13.072269233627601,47.791764308786703],[13.07155058499356,47.791854139737318],[13.071505670127651,47.791629561767898],[13.070921766989635,47.791090575026836],[13.070921766989635,47.790910912744671],[13.071415837700943,47.790416842188925],[13.071595500757766,47.790641419967358],[13.071730247152054,47.790596503765087],[13.071685332286178,47.790686334923734],[13.071909910208877,47.790910912744671],[13.072269233627601,47.791000743963387],[13.072403980920219,47.791225322236194],[13.072538727314507,47.791270237894985],[13.072628558842919,47.789967686134801],[13.072403980920219,47.789743109066201],[13.072179402997486,47.789743109066201],[13.071954825074787,47.78951853102717],[13.071999740838992,47.78929395322475],[13.072179402997486,47.789069375055462],[13.07213448723328,47.788485472705673],[13.072044655704868,47.788260895267747],[13.071909910208877,47.788305811074395],[13.071954825074787,47.788215980025861],[13.071640415623643,47.787901571038581],[13.071460754363445,47.787901571038581],[13.070562442672614,47.78862022003046],[13.070292948985676,47.788260895267747],[13.070158202591388,47.788260895267747],[13.070203118355595,47.788171064141594],[13.070113286827182,47.788081232860122],[13.069888708904449,47.788081232860122],[13.069888708904449,47.787856654882596],[13.06925989179882,47.787946485948652],[13.069035313876121,47.788260895267747],[13.068900566583503,47.788126148218502],[13.068765820189217,47.788171064141594],[13.068810735953422,47.788081232860122],[13.068496327400608,47.787856654882596],[13.068406495872196,47.788036316859397],[13.068047171555175,47.788171064141594],[13.068047171555175,47.788485472705673],[13.068137003083589,47.788530387714665],[13.068271748579578,47.788934628291642],[13.067957340026764,47.78929395322475],[13.067418353551217,47.78929395322475],[13.067059029234196,47.789114290766953],[13.066520042758683,47.788485472705673],[13.066520042758683,47.788126148218502],[13.067059029234196,47.788126148218502],[13.067148859864311,47.788305811074395],[13.067283607156929,47.788350726238654],[13.067508185079628,47.788126148218502],[13.067463269315423,47.788036316859397],[13.067598015709743,47.788036316859397],[13.067777677868238,47.787766824264892],[13.067777677868238,47.787632077141829],[13.067508185079628,47.78736258426197],[13.067418353551217,47.787407499034209],[13.067463269315423,47.787272752790301],[13.067238691392724,47.787138006197075],[13.067418353551217,47.786913427765342],[13.067418353551217,47.786778682051271],[13.067238691392724,47.786599018745065],[13.067103944998403,47.786643934780749],[13.067148859864311,47.786554103877727],[13.066879367075703,47.786329525941021],[13.066430211230271,47.786374442209542],[13.06634037970186,47.78628461023721],[13.066025971149045,47.78628461023721],[13.066025971149045,47.786778682051271],[13.065846308990551,47.786778682051271],[13.065801394124643,47.786643934780749],[13.065711561697933,47.78668885077758],[13.065756478360436,47.786599018745065],[13.065666646832025,47.786599018745065],[13.065576816201943,47.786599018745065]],[[13.077569270447714,47.794998228979665],[13.077659101077797,47.794998228979665],[13.077614186211921,47.794953312922132],[13.077569270447714,47.794998228979665]],[[13.082150656837127,47.803801677730263],[13.082015910442841,47.803801677730263],[13.081970994678635,47.803666931757391],[13.081746416755935,47.803666931757391],[13.081297260910503,47.803756763249325],[13.081207430280388,47.80411608706018],[13.08134217667471,47.804205917775363],[13.082195572601334,47.804295750145293],[13.082150656837127,47.803936425163755],[13.082150656837127,47.803801677730263]],[[13.079096399244175,47.801331323003829],[13.078871821321476,47.80142115370753],[13.078871821321476,47.801510984859291],[13.07918622987429,47.801915225231753],[13.079949795170833,47.801915225231753],[13.079949795170833,47.801241492144804],[13.079725217248134,47.801241492144804],[13.079096399244175,47.801331323003829]]],[[[13.032923204744517,47.78448798828547],[13.032923204744517,47.784398157278041],[13.032743541687692,47.784443072801139],[13.032743541687692,47.784308326115351],[13.032923204744517,47.784218494797429],[13.032788458350229,47.783904085773031],[13.032024893053686,47.783949001119474],[13.032024893053686,47.784880999079341],[13.031935062423571,47.784757480979863],[13.031710483602541,47.784712565728441],[13.031665568736665,47.78448798828547],[13.031755400265078,47.78448798828547],[13.031935062423571,47.784173579080274],[13.031485906578139,47.784218494797429],[13.03099183586683,47.784128663927874],[13.03099183586683,47.783679507855126],[13.030677427314016,47.78363459287948],[13.030632510651481,47.783499845908757],[13.030452849391283,47.783544761000861],[13.03027318723279,47.783454930174216],[13.03027318723279,47.78363459287948],[13.030183354806049,47.783589677261368],[13.029913862017471,47.783949001119474],[13.029644369228864,47.783904085773031],[13.029419791306132,47.78363459287948],[13.029105381855018,47.783544761000861],[13.029105381855018,47.783993917030685],[13.028925719696494,47.784128663927874],[13.028970634562402,47.784218494797429],[13.028835889066411,47.784218494797429],[13.028790973302204,47.784532903730963],[13.028611311143679,47.78448798828547],[13.028566395379473,47.78435324111252],[13.028386733220978,47.784308326115351],[13.028296901692567,47.784173579080274],[13.02789266161134,47.784038832903079],[13.027802830981258,47.783904085773031],[13.027723445062962,47.783923932262141],[13.027937578273876,47.783410015004485],[13.028431648985185,47.783230352126701],[13.028207071062452,47.782691365803743],[13.028476563851061,47.78206254790306],[13.028611311143679,47.782017632133908],[13.028521479615266,47.781837969876484],[13.028656226009586,47.781658308205387],[13.028566395379473,47.781478645913381],[13.028611311143679,47.781298983000433],[13.028970634562402,47.781074405900696],[13.029105381855018,47.780759997176325],[13.029374874643628,47.780670165762963],[13.029419791306132,47.77959219178657],[13.029868947151565,47.77959219178657],[13.030048609310089,47.779816769856332],[13.030497764257193,47.780086263225364],[13.031171498025325,47.780086263225364],[13.03126132865544,47.780176093836744],[13.031710483602541,47.78022100998966],[13.031710483602541,47.781433730243329],[13.031396075948058,47.781478645913381],[13.031396075948058,47.781658308205387],[13.033102866903043,47.781882885800869],[13.033686769142763,47.782332041099444],[13.034540165069421,47.781927801082809],[13.034719827227915,47.781209151914801],[13.035483390727865,47.780670165762963],[13.035438475861955,47.780580334797989],[13.035618138020482,47.780580334797989],[13.035573223154573,47.780670165762963],[13.0357528853131,47.780894742798054],[13.036157125394327,47.78093965893374],[13.036336786654523,47.781119321277558],[13.036965604658448,47.780984575030615],[13.03741475960555,47.781658308205387],[13.037908832113519,47.781748139118527],[13.0379986627436,47.781209151914801],[13.038178324902127,47.781119321277558],[13.038178324902127,47.780086263225364],[13.038357987060621,47.779951516715492],[13.038582564983354,47.779951516715492],[13.038717312275971,47.77959219178657],[13.039346129381567,47.779322698874729],[13.040064778015607,47.77959219178657],[13.040199525308225,47.779951516715492],[13.041008004572346,47.779951516715492],[13.041097836100759,47.77909812108539],[13.041996146893325,47.779143036962331],[13.042085979320035,47.779053205773266],[13.042445302738757,47.779053205773266],[13.042849542819985,47.779457445807104],[13.043388530193795,47.7791879521968],[13.043613108116528,47.7791879521968],[13.044152093693745,47.77963710784033],[13.044107178827836,47.77972693922775],[13.044241925222156,47.77972693922775],[13.044466503144857,47.780041348163309],[13.044780911697671,47.780041348163309],[13.045813969782824,47.780445587757747],[13.045948717075442,47.780445587757747],[13.045948717075442,47.780355757008373],[13.046083462571431,47.780400671798802],[13.046038547705557,47.780310840971865],[13.046218209864049,47.78022100998966],[13.04671228057539,47.780670165762963],[13.046847027868008,47.780670165762963],[13.046487702652659,47.780265926103823],[13.046487702652659,47.780131178852294],[13.04657753418107,47.780176093836744],[13.046532619315194,47.780041348163309],[13.047071605790709,47.779502360769946],[13.047251267949235,47.779502360769946],[13.04788008595316,47.78022100998966],[13.048329240900262,47.780310840971865],[13.048419072428674,47.780041348163309],[13.049002974668428,47.779816769856332],[13.049047890432634,47.779412530201782],[13.049272468355333,47.7791879521968],[13.049586876908148,47.778873542929581],[13.049721624200766,47.77891845900055],[13.049676708436559,47.778828628027163],[13.049901286359258,47.77873879689853],[13.049991116989373,47.779008289818755],[13.050125864281991,47.77909812108539],[13.050260609777983,47.778963373825398],[13.051069089940434,47.779008289818755],[13.05111400570464,47.779412530201782],[13.050979259310319,47.77999643185516],[13.05111400570464,47.780310840971865],[13.051203837233052,47.780176093836744],[13.051877570102853,47.779906600933359],[13.052506388106812,47.780176093836744],[13.052596218736893,47.780490503074184],[13.052910628188039,47.780355757008373],[13.053269953403355,47.780535418955509],[13.053359784033471,47.780355757008373],[13.053988602037396,47.780086263225364],[13.054258094826004,47.780086263225364],[13.054572504277116,47.78022100998966],[13.054707250671436,47.779951516715492],[13.055740307858292,47.77999643185516],[13.055830140285,47.779816769856332],[13.055964885780991,47.779816769856332],[13.05618946370369,47.780086263225364],[13.056369125862217,47.780041348163309],[13.056728451077534,47.780490503074184],[13.05717760602467,47.780310840971865],[13.057267436654751,47.780176093836744],[13.058255579874027,47.78022100998966],[13.05821066410982,47.780759997176325],[13.058300494739903,47.780849827830821],[13.058300494739903,47.781388815138158],[13.058839482113747,47.780984575030615],[13.058839482113747,47.780804912221129],[13.058749650585336,47.780759997176325],[13.05879456634954,47.77999643185516],[13.058929312743862,47.77999643185516],[13.058974229406365,47.780131178852294],[13.059558130747787,47.780131178852294],[13.059962370829014,47.780580334797989],[13.060142032987541,47.780984575030615],[13.059019144272273,47.784577819137631],[13.059198806430768,47.783949001119474],[13.05843524203252,47.783904085773031],[13.058390326268315,47.783814254963751],[13.058031001951328,47.783949001119474],[13.057447099711574,47.783949001119474],[13.057312353317288,47.784128663927874],[13.057042859630348,47.784128663927874],[13.056728451077534,47.784308326115351],[13.056503873154835,47.784577819137631],[13.056324210996308,47.784622735109096],[13.056234380366227,47.784802396796131],[13.055380984439568,47.785026975295082],[13.055156405618538,47.785296468213083],[13.05502165922425,47.785296468213083],[13.054707250671436,47.784982059069314],[13.054707250671436,47.784083748133099],[13.054392842118622,47.783814254963751],[13.05430301059021,47.783859169784201],[13.05430301059021,47.783724423999232],[13.054123348431684,47.783589677261368],[13.05371910835049,47.783679507855126],[13.053494530427757,47.783410015004485],[13.053449614663553,47.783185436762921],[13.053180121874943,47.78314052075671],[13.053090290346532,47.783230352126701],[13.053135206110738,47.78278119674264],[13.052326725948285,47.782691365803743],[13.052281810184079,47.783050689835164],[13.05192248586706,47.783230352126701],[13.05169790794436,47.782915943765325],[13.05169790794436,47.782601534709606],[13.050844512916031,47.782601534709606],[13.050709765623415,47.782736280990783],[13.05075468138762,47.782826111852067],[13.050619934993298,47.78278119674264],[13.050485187700682,47.782960858758329],[13.050350441306394,47.782960858758329],[13.050260609777983,47.78287102812989],[13.050260609777983,47.782646449974266],[13.050170779147866,47.782511704063872],[13.05003603185525,47.782511704063872],[13.05003603185525,47.782376957200583],[13.049631791774022,47.782332041099444],[13.049362298985448,47.782152378721364],[13.049092806196839,47.782152378721364],[13.049002974668428,47.782242209988013],[13.048958058904221,47.782466788079162],[13.048823311611605,47.782601534709606],[13.048868228274106,47.782736280990783],[13.048688566115613,47.783005774919772],[13.048508903058789,47.783095605918938],[13.048419072428674,47.783410015004485],[13.048239410270181,47.783544761000861],[13.048104662977563,47.784128663927874],[13.047790255323045,47.784398157278041],[13.047430930107728,47.784443072801139],[13.047206352185029,47.783949001119474],[13.047386014343523,47.783275268055228],[13.047116520656617,47.782960858758329],[13.04716143731912,47.782466788079162],[13.046847027868008,47.782556618802516],[13.046442787786782,47.782511704063872],[13.046487702652659,47.782332041099444],[13.046352957156667,47.781972716929587],[13.046218209864049,47.782017632133908],[13.046218209864049,47.781927801082809],[13.046128379233968,47.781927801082809],[13.045679223388536,47.781433730243329],[13.04549956123001,47.781478645913381],[13.045274983307309,47.781972716929587],[13.044601250437475,47.782197294977721],[13.04455633377497,47.782556618802516],[13.044376671616444,47.78278119674264],[13.043613108116528,47.783050689835164],[13.04334361442959,47.783320183945008],[13.042804627055778,47.783185436762921],[13.042445302738757,47.782736280990783],[13.042265640580231,47.78278119674264],[13.04217580995015,47.782646449974266],[13.040738511783772,47.782646449974266],[13.040693596019565,47.782511704063872],[13.040513933861039,47.782421872055643],[13.040424103230958,47.783904085773031],[13.040738511783772,47.783993917030685],[13.04087325817806,47.784892227708539],[13.040334271702546,47.786194778713224],[13.040424103230958,47.787497330876569],[13.039930031621319,47.787721907992463],[13.039211382987279,47.787407499034209],[13.038986805064546,47.787407499034209],[13.038268156430538,47.787721907992463],[13.037818999686776,47.787632077141829],[13.037280014109559,47.787901571038581],[13.036696111869841,47.787721907992463],[13.036830858264127,47.787407499034209],[13.038896974434465,47.785116805819428],[13.038896974434465,47.784937144011934],[13.038357987060621,47.784398157278041],[13.038223239768003,47.784443072801139],[13.038268156430538,47.78435324111252],[13.0379986627436,47.784083748133099],[13.037729169056695,47.784083748133099],[13.037145266816943,47.784308326115351],[13.035258813703463,47.786509187764459],[13.035258813703463,47.786374442209542],[13.036516448813016,47.784398157278041],[13.035932546573298,47.783724423999232],[13.035842715943181,47.783769338897301],[13.035887630809091,47.78363459287948],[13.035707968650563,47.783499845908757],[13.035438475861955,47.783499845908757],[13.035393560097749,47.784038832903079],[13.034899489386442,47.784173579080274],[13.034585079935297,47.784128663927874],[13.034405417776803,47.783949001119474],[13.034270671382517,47.783589677261368],[13.034046094358114,47.783589677261368],[13.03373168490697,47.784577819137631],[13.03373168490697,47.784604769087345],[13.033327444825742,47.784443072801139],[13.033147781768919,47.784532903730963],[13.032923204744517,47.78448798828547]],[[13.032833373216105,47.783859169784201],[13.033147781768919,47.783679507855126],[13.033102866903043,47.783454930174216],[13.033013036272928,47.78363459287948],[13.032923204744517,47.78363459287948],[13.032833373216105,47.783859169784201]]],[[[13.060950513149962,47.823384862009398],[13.060698985768736,47.823468703951356],[13.060770850991467,47.823384862009398],[13.060905598284085,47.823384862009398],[13.06108526044258,47.823205199818304],[13.0614445838613,47.822711128753156],[13.062028486999353,47.822576381776379],[13.061983571235146,47.822711128753156],[13.062118317629434,47.822756043731189],[13.062208149157845,47.822711128753156],[13.06216323339364,47.82262129807733],[13.06229797978796,47.82262129807733],[13.062387811316372,47.822486550867374],[13.062118317629434,47.822261973216371],[13.06229797978796,47.822082310757949],[13.06229797978796,47.821947563958467],[13.062208149157845,47.821947563958467],[13.062253064023754,47.821857733167619],[13.061983571235146,47.821812816809171],[13.061938656369238,47.821633155208936],[13.06180390907662,47.821633155208936],[13.061848823942528,47.821543323874081],[13.061309838365311,47.821004336822725],[13.061040343780075,47.821049253277508],[13.060815766755672,47.821273830746307],[13.060770850991467,47.821183999995995],[13.061130175308486,47.820689927789196],[13.0614445838613,47.819881447807767],[13.061758993312413,47.819611955100832],[13.061983571235146,47.819072967902997],[13.06229797978796,47.81884839116789],[13.062702219869154,47.81817465694364],[13.062926797791887,47.817635669904689],[13.06288188202768,47.816378034844767],[13.063600530661722,47.816108542049413],[13.063914940112832,47.815434807862594],[13.063645447324223,47.81462632808784],[13.063061544186173,47.814401750216476],[13.063061544186173,47.81368310125761],[13.063600530661722,47.813503439273667],[13.063780192820214,47.812964452005168],[13.064094602271359,47.813054283705625],[13.064723420275284,47.812784789947891],[13.06476833603949,47.812650043147784],[13.065397154043415,47.812515297204605],[13.065307321616707,47.813638186272335],[13.065666646832025,47.81435683524959],[13.065442068909325,47.81525514590696],[13.064858166669572,47.815479723706801],[13.064633588746872,47.815749216749715],[13.06445392658838,47.816243287717114],[13.064004770742947,47.816467866068962],[13.062657304104947,47.818938221737255],[13.062342895552167,47.819342462201362],[13.06216323339364,47.819881447807767],[13.061534415389714,47.82064501283309],[13.061534415389714,47.820824674837191],[13.062073401865227,47.821363661944361],[13.062208149157845,47.821318745761609],[13.06216323339364,47.821408576881886],[13.062253064023754,47.821498409053085],[13.062432727080578,47.821498409053085],[13.062702219869154,47.821318745761609],[13.063241207242998,47.821318745761609],[13.063286122108906,47.820959422138586],[13.063151375714586,47.820824674837191],[13.063196290580494,47.820600097234887],[13.063375952738989,47.820510265921953],[13.063465785165731,47.820824674837191],[13.063420869401524,47.821273830746307],[13.064409010824173,47.821183999995995],[13.06445392658838,47.820959422138586],[13.064813250905367,47.820600097234887],[13.065397154043415,47.820510265921953],[13.065397154043415,47.819791617060865],[13.065711561697933,47.819432293122219],[13.065891224754758,47.819477207921153],[13.066250549071778,47.819881447807767],[13.06607088691325,47.82010602610611],[13.06611580177916,47.82024077286006],[13.066025971149045,47.820195856912122],[13.065666646832025,47.820555182201019],[13.065711561697933,47.820689927789196],[13.066295464835983,47.820734843912859],[13.067014114368321,47.821004336822725],[13.067508185079628,47.821004336822725],[13.067553099945538,47.82113908426097],[13.067957340026764,47.821094169090244],[13.067822593632442,47.820824674837191],[13.067687847238156,47.820869590844232],[13.067732763002361,47.82077975999762],[13.067642930575619,47.820734843912859],[13.067642930575619,47.820555182201019],[13.067777677868238,47.820510265921953],[13.067957340026764,47.82077975999762],[13.068586158030689,47.82077975999762],[13.068765820189217,47.820869590844232],[13.069035313876121,47.820689927789196],[13.069484468823223,47.820689927789196],[13.069619216115841,47.82077975999762],[13.069619216115841,47.821004336822725],[13.069753963408459,47.82113908426097],[13.070068371961273,47.821049253277508],[13.070113286827182,47.820869590844232],[13.0702480341198,47.821228915089016],[13.070787020595313,47.821228915089016],[13.07083193635952,47.820959422138586],[13.071146344912334,47.82064501283309],[13.071820077782169,47.820555182201019],[13.071864994444672,47.819971280208762],[13.072179402997486,47.819522123887644],[13.072403980920219,47.819522123887644],[13.072493812448631,47.819611955100832],[13.072538727314507,47.819971280208762],[13.072448895786094,47.820016195144603],[13.072448895786094,47.820285688165939],[13.072583643078712,47.82024077286006],[13.072538727314507,47.820330604036116],[13.07276330523724,47.820555182201019],[13.073032798924144,47.820330604036116],[13.073347206578628,47.820285688165939],[13.073706531793979,47.820016195144603],[13.073886193952472,47.820061111247981],[13.073841279086597,47.820195856912122],[13.07402094124509,47.820375519867468],[13.074155686741081,47.820375519867468],[13.074290434033699,47.82024077286006],[13.074245519167823,47.820061111247981],[13.074335349797904,47.820061111247981],[13.074380264663814,47.819926364027715],[13.074919252037658,47.820150942131711],[13.075188744826265,47.82010602610611],[13.075143829960357,47.819971280208762],[13.075323492118883,47.819791617060865],[13.075233660590472,47.819656870950745],[13.075323492118883,47.819567039815269],[13.075278576354679,47.819387377078016],[13.07536840788309,47.819387377078016],[13.075503154277378,47.81920771492544],[13.075503154277378,47.819028052754341],[13.075817562830192,47.818668727753348],[13.074604842586513,47.81817465694364],[13.076042140752893,47.818758559236727],[13.077344691626685,47.819477207921153],[13.079320977166908,47.82010602610611],[13.079500639325401,47.820555182201019],[13.07977013211401,47.820824674837191],[13.080129457329328,47.821004336822725],[13.080129457329328,47.821543323874081],[13.079904879406628,47.821947563958467],[13.07977013211401,47.822082310757949],[13.079545555089608,47.822082310757949],[13.078512497004455,47.821678071119663],[13.078647243398743,47.821902648884041],[13.078602327634536,47.822037395196979],[13.078871821321476,47.822172141763296],[13.078961651951557,47.82235180391082],[13.07842266637434,47.822845874777009],[13.07842266637434,47.822935706270492],[13.078287919081722,47.822935706270492],[13.078287919081722,47.823070452917726],[13.078153171789106,47.823160284022578],[13.078018426293115,47.823115368791136],[13.078063341159023,47.823205199818304],[13.077928593866407,47.823295031293135],[13.077793848370415,47.823295031293135],[13.077524353785179,47.822800959876695],[13.077299776760777,47.82262129807733],[13.076760790285263,47.822756043731189],[13.07653621236253,47.822935706270492],[13.076311634439829,47.822935706270492],[13.076266718675624,47.822800959876695],[13.076176888045511,47.822845874777009],[13.07595231012281,47.82262129807733],[13.075997224988686,47.822486550867374],[13.075862478594397,47.822261973216371],[13.075413322748965,47.822172141763296],[13.07509891419615,47.822396719802924],[13.075143829960357,47.82266621313309],[13.075278576354679,47.82262129807733],[13.075323492118883,47.822800959876695],[13.075188744826265,47.822800959876695],[13.075143829960357,47.822890790844738],[13.074245519167823,47.822890790844738],[13.073886193952472,47.823115368791136],[13.073931109716678,47.823295031293135],[13.073751446659854,47.823609440230847],[13.073796363322391,47.823744185732387],[13.073212461082672,47.824283173287732],[13.072583643078712,47.823744185732387],[13.072628558842919,47.82365435503479],[13.072493812448631,47.82369927100617],[13.072448895786094,47.823250114972019],[13.07213448723328,47.823070452917726],[13.071820077782169,47.823070452917726],[13.071730247152054,47.823160284022578],[13.071326007070827,47.823923849073687],[13.069978541331192,47.823384862009398],[13.070158202591388,47.823834018083893],[13.069888708904449,47.824462834763573],[13.069619216115841,47.824687413146421],[13.069439553957348,47.824687413146421],[13.068900566583503,47.824148426772787],[13.06894548324604,47.82401367990802],[13.068855651717628,47.824058594965344],[13.068720905323307,47.823878933296669],[13.067867509396649,47.823968764208736],[13.067822593632442,47.824103511190046],[13.067732763002361,47.824103511190046],[13.067732763002361,47.824373004103379],[13.067238691392724,47.824283173287732],[13.067283607156929,47.824148426772787],[13.067193775628517,47.824193341713475],[13.066969197705784,47.823923849073687],[13.066789536445622,47.824103511190046],[13.066654789153004,47.824103511190046],[13.066385296364395,47.823834018083893],[13.066430211230271,47.82369927100617],[13.06634037970186,47.823744185732387],[13.066160718441662,47.823519609300106],[13.065711561697933,47.823564524181776],[13.065666646832025,47.82365435503479],[13.06607088691325,47.82401367990802],[13.066025971149045,47.824148426772787],[13.06611580177916,47.824103511190046],[13.06634037970186,47.824328088714964],[13.066295464835983,47.824507751241597],[13.065756478360436,47.824867075032515],[13.065756478360436,47.82504673810611],[13.065846308990551,47.825091652872644],[13.065801394124643,47.825361147290145],[13.062522557710659,47.825765387197606],[13.06229797978796,47.825989964166773],[13.06225374494672,47.826520785229121],[13.061848823942528,47.826034879926461],[13.061489499625507,47.825855217860628],[13.061309838365311,47.825855217860628],[13.061309838365311,47.825989964166773],[13.061175091072693,47.825989964166773],[13.061130175308486,47.826214541973606],[13.060950513149962,47.826394204001893],[13.060456442438653,47.826618781869044],[13.06036661091024,47.826528950718142],[13.060343793702033,47.825890088236093],[13.060815766755672,47.825675555775994],[13.061624246918125,47.825675555775994],[13.062387811316372,47.825495893069544],[13.062387811316372,47.825316230947443],[13.062253064023754,47.825316230947443],[13.061938656369238,47.824956907250176],[13.062028486999353,47.824687413146421],[13.06229797978796,47.824462834763573],[13.061669161784002,47.824148426772787],[13.061309838365311,47.82365435503479],[13.06108526044258,47.823519609300106],[13.060950513149962,47.823384862009398]]],[[[13.023105947297397,47.826695779960744],[13.02340110585201,47.826753529208474],[13.02371551530312,47.826888276198126],[13.02394009322582,47.827202685083293],[13.023962551107925,47.827210170167412],[13.023895176563318,47.827202685083293],[13.02371551530312,47.82738234670677],[13.023446021616216,47.827427261864663],[13.023131613063402,47.827786587156623],[13.023131613063402,47.828100996028034],[13.022862119376462,47.828235741931813],[13.022907035140669,47.82859506705433],[13.023131613063402,47.82859506705433],[13.023221443693483,47.828460320274147],[13.023221443693483,47.828550151097744],[13.023446021616216,47.828684898247801],[13.023625683774709,47.82859506705433],[13.024029923855936,47.82859506705433],[13.024164671148553,47.828011165030091],[13.024479079701369,47.828056080246974],[13.024793488254183,47.828460320274147],[13.025018066176882,47.828100996028034],[13.025332474729696,47.827831501964745],[13.02587146210354,47.827921333273608],[13.025826546339333,47.827786587156623],[13.026185870656354,47.828190826870461],[13.026320617050642,47.828639981765903],[13.026769772896074,47.828954390895319],[13.026859604424486,47.829223885158825],[13.026724857131867,47.829448462240762],[13.0269494350546,47.829538293766348],[13.026635025603456,47.829448462240762],[13.025691799945047,47.829762871297014],[13.025062981941087,47.829673040160117],[13.025107896806997,47.829762871297014],[13.024973151311006,47.829762871297014],[13.024928234648469,47.829852702278394],[13.024928234648469,47.830571351165524],[13.025467222022314,47.831110337783102],[13.025557052652429,47.831065422797202],[13.025512136888223,47.831200168844333],[13.025916376969414,47.831514578143285],[13.026051124262032,47.831918817766876],[13.025961292733621,47.832412889234028],[13.026096040026239,47.832367974169415],[13.026051124262032,47.832457804862777],[13.026410448579053,47.832772213778753],[13.026230786420561,47.832996791787956],[13.026230786420561,47.833131538247528],[13.02659011073758,47.833490863243391],[13.026724857131867,47.833445946699683],[13.026679942265993,47.833535777939112],[13.026769772896074,47.833625609023073],[13.026904520188692,47.833625609023073],[13.027039265684682,47.833401031926172],[13.027218928741506,47.833401031926172],[13.0271740129773,47.833535777939112],[13.027488422428444,47.833670524808227],[13.028207071062452,47.832817129096533],[13.028386733220978,47.832996791787956],[13.028476563851061,47.832951876022626],[13.028476563851061,47.833086623201922],[13.028611311143679,47.833176453857341],[13.028746058436298,47.833176453857341],[13.028970634562402,47.832906960218466],[13.029105381855018,47.833086623201922],[13.029240129147636,47.83304170691131],[13.029195213383431,47.833131538247528],[13.029285044013514,47.833131538247528],[13.029374874643628,47.833311201056475],[13.029509621936246,47.833266284960295],[13.029464707070337,47.833356115907748],[13.02955453770045,47.833356115907748],[13.029824031387358,47.832862044978441],[13.030542680021398,47.832098479950105],[13.032440936997739,47.830985708989189],[13.032743541687692,47.831245084919701],[13.032743541687692,47.831379831103362],[13.032563880427496,47.831514578143285],[13.032608796191703,47.831918817766876],[13.032518964663291,47.83205356521642],[13.032384218269003,47.83205356521642],[13.032384218269003,47.832188311713082],[13.032069808817893,47.832188311713082],[13.031710483602541,47.832412889234028],[13.031935062423571,47.832772213778753],[13.03184523089516,47.832996791787956],[13.031665568736665,47.832951876022626],[13.031665568736665,47.83304170691131],[13.03157573810655,47.83304170691131],[13.031081667395243,47.83358069380207],[13.030902004338419,47.833490863243391],[13.030812172810007,47.833311199850399],[13.030497764257193,47.833535777939112],[13.030003692647554,47.834658667070016],[13.030318102098665,47.835332400824633],[13.030228270570253,47.83551206324961],[13.030452849391283,47.83591630308949],[13.030183354806049,47.836634951823669],[13.030048609310089,47.836724782969341],[13.029824031387358,47.836724782969341],[13.029464707070337,47.836545121125482],[13.029150297619225,47.836545121125482],[13.028925719696494,47.836320542795107],[13.028970634562402,47.836230712155583],[13.028476563851061,47.836140880757533],[13.027713000351143,47.83641037388211],[13.027578253058525,47.836230712155583],[13.027623168822732,47.836051049806969],[13.027533338192651,47.836006134273383],[13.027039265684682,47.836275626891805],[13.026769772896074,47.836275626891805],[13.026545194973375,47.835961218097871],[13.02645536434326,47.835961218097871],[13.026051124262032,47.836230712155583],[13.025826546339333,47.836275626891805],[13.025826546339333,47.836051049806969],[13.025646884180841,47.83591630308949],[13.025691799945047,47.835826471750117],[13.025557052652429,47.835826471750117],[13.025512136888223,47.835736640858229],[13.025512136888223,47.835377315735435],[13.024523994567243,47.835961218097871],[13.024434163937162,47.836095964698707],[13.024029923855936,47.836230712155583],[13.023670598640585,47.83659003619254],[13.023535853144628,47.83659003619254],[13.023446021616216,47.836500204813582],[13.023490937380421,47.83641037388211],[13.023356190986101,47.83641037388211],[13.023041782433287,47.836051049806969],[13.023176527929277,47.835826471750117],[13.022862119376462,47.835556978004881],[13.022907035140669,47.835422231813354],[13.022817203612256,47.835467147249403],[13.022502795059442,47.835152737777584],[13.023176527929277,47.834389173892603],[13.022817203612256,47.834119681124662],[13.022817203612256,47.83402984908696],[13.02263754235206,47.834074765125258],[13.022368047766825,47.8338501869571],[13.02241296442936,47.832592552118903],[13.021873977055517,47.832637466989134],[13.021514652738496,47.832278142717449],[13.021559567604372,47.832188311713082],[13.021424822108415,47.832233226933198],[13.020930749600446,47.831649324833336],[13.020481594653345,47.831694239916899],[13.019942608177798,47.831155253936217],[13.019987523942003,47.831065422797202],[13.019852776649385,47.831065422797202],[13.019852776649385,47.830885760052759],[13.019987523942003,47.830885760052759],[13.019942608177798,47.830795929050318],[13.020032438807913,47.830751013792344],[13.020032438807913,47.830616267182066],[13.019942608177798,47.830616267182066],[13.019987523942003,47.830122196098813],[13.017382421296153,47.829358631162776],[13.017202759137659,47.829493378023017],[13.017247674901865,47.829807786807123],[13.01661885689794,47.829628125136487],[13.016573941133734,47.829807786807123],[13.016484109605322,47.829807786807123],[13.016529026267825,47.829942533707353],[13.016439194739412,47.829942533707353],[13.016259531682589,47.829897617710742],[13.01603495375989,47.829628125136487],[13.015810376735487,47.829583208867767],[13.015765460971281,47.829313715866995],[13.015630713678664,47.829358631162776],[13.015495968182673,47.829178969143392],[13.015181558731529,47.82926879992926],[13.015181558731529,47.828954390895319],[13.015361220890055,47.82877472928579],[13.015316306024147,47.828639981765903],[13.015495968182673,47.828505235705379],[13.015495968182673,47.828011165030091],[13.015810376735487,47.827966249171283],[13.016079870422393,47.828056080246974],[13.016259531682589,47.827831501964745],[13.016349363211001,47.827517093270117],[13.016978181214961,47.827247599793601],[13.017427337060358,47.827337430906894],[13.018011239300112,47.827112853133677],[13.018819718564234,47.827112853133677],[13.018909550092646,47.826843359970646],[13.018995297879787,47.826733112857738],[13.018954465856853,47.82697810672709],[13.019493453230696,47.827517093270117],[13.019628198726686,47.827472178189915],[13.019583283860777,47.827562008914512],[13.019852776649385,47.827786587156623],[13.020032438807913,47.827786587156623],[13.020077354572118,47.827292516274319],[13.020481594653345,47.82738234670677],[13.02052651041755,47.827562008914512],[13.020885834734571,47.827651840086752],[13.020975666262983,47.827831501964745],[13.020885834734571,47.827966249171283],[13.021020581128859,47.827921333273608],[13.021245159051592,47.828190826870461],[13.021469736974291,47.828145911167134],[13.021469736974291,47.827831501964745],[13.02169431489699,47.827472178189915],[13.021873977055517,47.827472178189915],[13.022098554978216,47.827741671103468],[13.022278217136742,47.827741671103468],[13.022368047766825,47.827696756217648],[13.022368047766825,47.827562008914512],[13.02263754235206,47.827562008914512],[13.02263754235206,47.827202685083293],[13.023041782433287,47.827292516274319],[13.023041782433287,47.827112853133677],[13.023131613063402,47.827067937703696],[13.023131613063402,47.826708612864429],[13.023105947297397,47.826695779960744]]],[[[13.041367329787697,47.838206996125393],[13.04087325817806,47.838206996125393],[13.040828343312183,47.838027333987242],[13.040424103230958,47.837578178934834],[13.040424103230958,47.837263770195044],[13.040783426649647,47.836545121125482],[13.040738511783772,47.836140880757533],[13.040469018096832,47.836230712155583],[13.040154610442348,47.83659003619254],[13.039615623068505,47.83690444479403],[13.038717312275971,47.837263770195044],[13.037863916349313,47.83739851582515],[13.03741475960555,47.83766801025638],[13.036741026735715,47.837084107202621],[13.036785943398252,47.836994276076076],[13.036651196105634,47.836994276076076],[13.036516448813016,47.836814613959426],[13.036516448813016,47.836634951823669],[13.036381703317026,47.836545121125482],[13.036291870890317,47.836230712155583],[13.036696111869841,47.836006134273383],[13.035932546573298,47.836185796174519],[13.035124067309141,47.83659003619254],[13.034270671382517,47.836769699086815],[13.034270671382517,47.836095964698707],[13.034180839854104,47.836051049806969],[13.03422575561831,47.835017991742333],[13.034629995699502,47.834928161259789],[13.036022378101709,47.834299342924474],[13.037190182581147,47.83402984908696],[13.037504592032292,47.833670524808227],[13.037908832113519,47.833490863243391],[13.038402902824826,47.832862044978441],[13.0379986627436,47.833401031926172],[13.038537649219148,47.833984934215856],[13.038717312275971,47.83394001809981],[13.038717312275971,47.83402984908696],[13.038807142906053,47.83402984908696],[13.03930121361736,47.834568835965399],[13.039435960909978,47.834568835965399],[13.0395707073043,47.834793414038323],[13.040424103230958,47.834838328812701],[13.040513933861039,47.834703583166984],[13.041187666730874,47.83474849801911],[13.041367329787697,47.834479004705273],[13.041332353882108,47.834388069164859],[13.041726654104718,47.834344258126464],[13.042490219401261,47.83394001809981],[13.043388530193795,47.833760356261962],[13.045409729701598,47.834074765125258],[13.046891942733884,47.83416459587918],[13.047030653393529,47.833776209174545],[13.047071605790709,47.83394001809981],[13.04729618281511,47.833984934215856],[13.047386014343523,47.834119681124662],[13.048715981799765,47.834208344958242],[13.048643650351407,47.834389173892603],[13.048643650351407,47.834479004705273],[13.05111400570464,47.834658667070016],[13.051158920570515,47.836455290271765],[13.050305526440484,47.836500204813582],[13.049407214749653,47.836320542795107],[13.04814957874177,47.836275626891805],[13.046936859396421,47.836006134273383],[13.045005489620403,47.83587138683626],[13.043927515771012,47.835646809810825],[13.043074120742684,47.835646809810825],[13.042535134267171,47.83587138683626],[13.042669880661457,47.83690444479403],[13.042400386974553,47.837533262914249],[13.041861401397336,47.837623093710562],[13.041681739238809,47.837892586975308],[13.041681739238809,47.838117165134065],[13.04145716131611,47.83807225018306],[13.041367329787697,47.838206996125393]]],[[[13.078826905557271,47.810359350157846],[13.0810726838861,47.810898336713677],[13.081297260910503,47.811033083232687],[13.082105741072922,47.810988167765188],[13.083183714922313,47.810763589844989],[13.084576097324485,47.810673759008317],[13.084621013088691,47.811706817219637],[13.084890505877299,47.811616986204633],[13.084890505877299,47.810673759008317],[13.085025253169917,47.810628843230035],[13.085025253169917,47.811572070035595],[13.085115083799998,47.811572070035595],[13.085294745958526,47.812021225754989],[13.085654071173844,47.812066140932302],[13.085654071173844,47.812694958987741],[13.08583373333237,47.813009368176459],[13.086013394592566,47.813009368176459],[13.086013394592566,47.813278860768719],[13.085698986039752,47.813548354978714],[13.085564238747134,47.813548354978714],[13.085294745958526,47.813323777271329],[13.084845590113094,47.813323777271329],[13.084396435165958,47.813503439273667],[13.084216773007466,47.813728016807303],[13.083722702296157,47.813817847790133],[13.084082025714848,47.814716158723115],[13.084621013088691,47.814895820733952],[13.084621013088691,47.815614469799854],[13.08453118156028,47.815704301138631],[13.084576097324485,47.816333119174388],[13.084441350031868,47.816333119174388],[13.084351519401752,47.815749216749715],[13.083767617162033,47.815883963953091],[13.083587955003539,47.816063626145912],[13.083363377080806,47.816602613217071],[13.083228629788188,47.816647528051092],[13.083498124373424,47.817231430025323],[13.083543039239334,47.817545838891306],[13.083408292845013,47.817725501969086],[13.082509981154148,47.817905163821962],[13.082554896918355,47.817815333274851],[13.082465066288274,47.817815333274851],[13.082105741072922,47.817411092984621],[13.081746416755935,47.81727634612502],[13.081476923967328,47.817051768253975],[13.080623528040668,47.816782274732908],[13.080219287959443,47.816512782225999],[13.07941080779699,47.816467866068962],[13.077659101077797,47.816692444052713],[13.077299776760777,47.816378034844767],[13.077344691626685,47.815883963953091],[13.077209945232365,47.815794132925191],[13.077209945232365,47.815300060700118],[13.077178206855049,47.815314230182423],[13.077299776760777,47.815030567739001],[13.077614186211921,47.81485090619443],[13.078063341159023,47.81485090619443],[13.078198087553311,47.815030567739001],[13.079096399244175,47.815344977264125],[13.079320977166908,47.815344977264125],[13.07941080779699,47.81525514590696],[13.079365892032785,47.81507548393293],[13.079590469955518,47.814895820733952],[13.079590469955518,47.814761075189011],[13.080398950117935,47.814985652712764],[13.080398950117935,47.814311919037287],[13.080219287959443,47.814311919037287],[13.080309118589524,47.814267003992647],[13.080309118589524,47.813907679220776],[13.079725217248134,47.813907679220776],[13.079590469955518,47.813817847790133],[13.079545555089608,47.813548354978714],[13.07999471003671,47.813503439273667],[13.080668443804875,47.813638186272335],[13.080623528040668,47.813323777271329],[13.080713358670749,47.813233946037073],[13.080713358670749,47.812829706274535],[13.080623528040668,47.812784789947891],[13.080623528040668,47.812650043147784],[13.079725217248134,47.812694958987741],[13.079051482581672,47.812470381209252],[13.078961651951557,47.813009368176459],[13.078557411870332,47.813009368176459],[13.078153171789106,47.812784789947891],[13.078018426293115,47.81260512787226],[13.077479438919303,47.812470381209252],[13.077254860996572,47.812155971773635],[13.077254860996572,47.811572070035595],[13.07738960828919,47.811527155034256],[13.078332833947632,47.811527155034256],[13.078512497004455,47.811437323105174],[13.079320977166908,47.811527155034256],[13.079365892032785,47.810539012160234],[13.078826905557271,47.810359350157846]],[[13.082644728446766,47.81525514590696],[13.082689644210973,47.815479723706801],[13.083093884292198,47.815434807862594],[13.083363377080806,47.81525514590696],[13.083363377080806,47.815165314997621],[13.083138799158107,47.815030567739001],[13.082824389706962,47.815210229868484],[13.082644728446766,47.81525514590696]],[[13.080264202825317,47.812245803062815],[13.080264202825317,47.812650043147784],[13.081252346044595,47.812515297204605],[13.082465066288274,47.812560211954597],[13.082509981154148,47.812425465778325],[13.082465066288274,47.812155971773635],[13.080713358670749,47.812111057277299],[13.080578612276463,47.812200888040941],[13.080264202825317,47.812245803062815]]],[[[13.012351879061308,47.824417920056028],[13.012351879061308,47.824328088714964],[13.012486624557297,47.824373004103379],[13.012396793927183,47.824103511190046],[13.012666287614122,47.824103511190046],[13.012636344070739,47.824058594965344],[13.012711203378327,47.824058594965344],[13.012845949772615,47.824148426772787],[13.012801034008408,47.824103511190046],[13.012711203378327,47.824058594965344],[13.012801034008408,47.824058594965344],[13.012890864638491,47.824103511190046],[13.012890864638491,47.824238257821584],[13.012980696166903,47.824238257821584],[13.012935781301026,47.824103511190046],[13.013160359223727,47.824507751241597],[13.013699344800944,47.824328088714964],[13.013789177227686,47.824373004103379],[13.013654429935068,47.824373004103379],[13.013654429935068,47.824507751241597],[13.013789177227686,47.824462834763573],[13.013744260565151,47.82455266707769],[13.013923922723675,47.82455266707769],[13.013654429935068,47.824597582271736],[13.013609514170861,47.824777243865597],[13.012890864638491,47.824956907250176],[13.012890864638491,47.825136568806577],[13.012801034008408,47.825136568806577],[13.013025611931109,47.825406061784662],[13.013879007857769,47.825406061784662],[13.014058670016293,47.825540809256772],[13.014193417308912,47.825900133133828],[13.013923922723675,47.826528950718142],[13.012801034008408,47.826933191180458],[13.012351879061308,47.826708612864429],[13.011408651606237,47.826843359970646],[13.011228990346041,47.826933191180458],[13.011273905211915,47.827247599793601],[13.01086966513069,47.827247599793601],[13.010555255679579,47.827472178189915],[13.010420510183588,47.827472178189915],[13.010330678655176,47.82738234670677],[13.010375594419381,47.827292516274319],[13.010195932260888,47.827247599793601],[13.010106100732477,47.827067937703696],[13.01028576289097,47.826933191180458],[13.010195932260888,47.826618781869044],[13.010330678655176,47.826484035989075],[13.010465425049498,47.826528950718142],[13.010465425049498,47.826394204001893],[13.010151015598352,47.826214541973606],[13.010151015598352,47.826079796250454],[13.010330678655176,47.825900133133828],[13.010465425049498,47.825945048971306],[13.010420510183588,47.825855217860628],[13.010555255679579,47.825720471204669],[13.010959495760805,47.825810301945424],[13.011049327289216,47.825361147290145],[13.010734918736402,47.825361147290145],[13.01064508720799,47.825226399954765],[13.009746776415456,47.825226399954765],[13.009656944887045,47.825406061784662],[13.009701860651251,47.825540809256772],[13.009477282728517,47.825765387197606],[13.009342536334231,47.825765387197606],[13.009297620570024,47.825630639705366],[13.008758634094477,47.825630639705366],[13.008668802566065,47.82504673810611],[13.008084901224676,47.825091652872644],[13.007770491773531,47.824687413146421],[13.007635745379243,47.824867075032515],[13.007366251692305,47.824956907250176],[13.007051843139491,47.824822160071605],[13.006423025135565,47.824911991160775],[13.006467940001441,47.824283173287732],[13.00637810937136,47.824283173287732],[13.00637810937136,47.824193341713475],[13.006467940001441,47.824193341713475],[13.006467940001441,47.824058594965344],[13.006602687294059,47.82401367990802],[13.006827265216792,47.823609440230847],[13.006872180082667,47.823205199818304],[13.007366251692305,47.823025538211674],[13.007411166558214,47.822935706270492],[13.007051843139491,47.822800959876695],[13.006602687294059,47.822890790844738],[13.006243362977072,47.82266621313309],[13.00579420713164,47.82262129807733],[13.005524714343032,47.822711128753156],[13.005210304891886,47.822980622260538],[13.005165389127681,47.822396719802924],[13.005030642733393,47.822396719802924],[13.004985726969187,47.822306889186201],[13.005030642733393,47.821498409053085],[13.00579420713164,47.821273830746307],[13.007141673769606,47.821678071119663],[13.007545913850832,47.821722985785208],[13.007500998086625,47.821588239862528],[13.007590828716708,47.821588239862528],[13.00768066114345,47.821678071119663],[13.00768066114345,47.820824674837191],[13.007860323301943,47.820555182201019],[13.007905238167853,47.820600097234887],[13.008534056171777,47.82064501283309],[13.009028126883086,47.820061111247981],[13.009881522809744,47.82010602610611],[13.010375594419381,47.820016195144603],[13.010959495760805,47.819522123887644],[13.011184073683504,47.819611955100832],[13.011228990346041,47.819701786158596],[13.011004412423308,47.81974670193074],[13.010824750264813,47.820195856912122],[13.010824750264813,47.820375519867468],[13.011049327289216,47.820734843912859],[13.010779833602278,47.821183999995995],[13.010465425049498,47.821183999995995],[13.010106100732477,47.820914506209277],[13.009791692179663,47.820824674837191],[13.009836607045537,47.821004336822725],[13.00956711425693,47.821228915089016],[13.009836607045537,47.821363661944361],[13.009746776415456,47.821633155208936],[13.00956711425693,47.821588239862528],[13.00956711425693,47.821722985785208],[13.009746776415456,47.821678071119663],[13.009701860651251,47.822082310757949],[13.009881522809744,47.822037395196979],[13.009926437675652,47.822441635052989],[13.010054275127098,47.822526859743796],[13.009612030021135,47.822711128753156],[13.009297620570024,47.82266621313309],[13.009387452098435,47.822845874777009],[13.009252704805819,47.822890790844738],[13.009342536334231,47.822890790844738],[13.009432366964312,47.823160284022578],[13.009746776415456,47.823205199818304],[13.009926437675652,47.823564524181776],[13.01028576289097,47.823609440230847],[13.010555255679579,47.823923849073687],[13.01086966513069,47.823968764208736],[13.011139158817629,47.824193341713475],[13.01136373584203,47.824103511190046],[13.011678145293143,47.824148426772787],[13.011857808349966,47.824417920056028],[13.012306963297101,47.824507751241597],[13.012441709691389,47.824642498030066],[13.012351879061308,47.824417920056028]],[[13.008893381387095,47.822441635052989],[13.009252704805819,47.82266621313309],[13.009207789939909,47.82262129807733],[13.008893381387095,47.822441635052989]],[[13.007635745379243,47.821767902221382],[13.007635745379243,47.821857733167619],[13.007725576009324,47.821857733167619],[13.007635745379243,47.821767902221382]],[[13.009073042647291,47.822711128753156],[13.009117958411498,47.822800959876695],[13.009252704805819,47.822800959876695],[13.009162874175702,47.822756043731189],[13.009073042647291,47.822711128753156]],[[13.012441709691389,47.824687413146421],[13.012351879061308,47.824956907250176],[13.012531541219801,47.82504673810611],[13.012576456085709,47.824822160071605],[13.012486624557297,47.824732328827018],[13.012441709691389,47.824687413146421]],[[13.008758634094477,47.82253146603972],[13.008803549858683,47.82235180391082],[13.008578971935984,47.822261973216371],[13.008534056171777,47.82212722628006],[13.007950153932057,47.821722985785208],[13.007725576009324,47.821678071119663],[13.007770491773531,47.821947563958467],[13.007905238167853,47.821902648884041],[13.007905238167853,47.822037395196979],[13.008084901224676,47.822037395196979],[13.008039984562139,47.82212722628006],[13.008129816090552,47.822217057207681],[13.00898321201721,47.822711128753156],[13.008938296253003,47.822576381776379],[13.008848464724592,47.822576381776379],[13.008758634094477,47.82253146603972]]],[[[13.063016629320298,47.826573867217704],[13.063196290580494,47.826349289156262],[13.063825108584419,47.826259458142076],[13.064229348665647,47.826124710726205],[13.064364095958265,47.825989964166773],[13.06499291396219,47.826034879926461],[13.065307321616707,47.826304373065483],[13.065711561697933,47.826214541973606],[13.066025971149045,47.825945048971306],[13.06607088691325,47.825675555775994],[13.065981056283169,47.825630639705366],[13.065981056283169,47.825226399954765],[13.066295464835983,47.825136568806577],[13.06634037970186,47.825001822094443],[13.066520042758683,47.825001822094443],[13.066520042758683,47.825136568806577],[13.066654789153004,47.825091652872644],[13.066654789153004,47.825406061784662],[13.066834451311497,47.825585724198966],[13.06737343778701,47.825540809256772],[13.067553099945538,47.825720471204669],[13.067508185079628,47.825900133133828],[13.067687847238156,47.826034879926461],[13.067463269315423,47.826349289156262],[13.067014114368321,47.826439120014939],[13.067014114368321,47.826843359970646],[13.067642930575619,47.827292516274319],[13.068181917949463,47.827292516274319],[13.068855651717628,47.827517093270117],[13.068855651717628,47.828505235705379],[13.068765820189217,47.828639981765903],[13.068990398111916,47.828684898247801],[13.06894548324604,47.828954390895319],[13.068855651717628,47.828954390895319],[13.068900566583503,47.829223885158825],[13.068451411636403,47.829313715866995],[13.067912425160856,47.829134054295217],[13.066969197705784,47.828999307105107],[13.06692428283991,47.829493378023017],[13.067014114368321,47.829852702278394],[13.066879367075703,47.829942533707353],[13.06692428283991,47.830167111297925],[13.066295464835983,47.82998744906196],[13.065981056283169,47.829762871297014],[13.064588672982667,47.829493378023017],[13.062253064023754,47.829538293766348],[13.061983571235146,47.829448462240762],[13.062208149157845,47.829448462240762],[13.06216323339364,47.828550151097744],[13.062253064023754,47.828415404804034],[13.062073401865227,47.828460320274147],[13.061938656369238,47.82832557314412],[13.061848823942528,47.828011165030091],[13.062073401865227,47.827831501964745],[13.062387811316372,47.827831501964745],[13.062612389239073,47.828011165030091],[13.062747135633359,47.828011165030091],[13.062792051397565,47.827831501964745],[13.062971712657761,47.827696756217648],[13.063825108584419,47.827831501964745],[13.063780192820214,47.827696756217648],[13.063914940112832,47.827606925123149],[13.063914940112832,47.827517093270117],[13.063645447324223,47.827517093270117],[13.063645447324223,47.827157769127936],[13.063375952738989,47.827023022234805],[13.063106459950379,47.826753529208474],[13.063061544186173,47.826573867217704],[13.063016629320298,47.826573867217704]]],[[[13.024523994567243,47.780580334797989],[13.024658741859861,47.780580334797989],[13.024613826095655,47.780804912221129],[13.024793488254183,47.780984575030615],[13.025467222022314,47.780804912221129],[13.025422306258108,47.781119321277558],[13.025512136888223,47.781119321277558],[13.025557052652429,47.781254067778839],[13.026051124262032,47.781209151914801],[13.026410448579053,47.781478645913381],[13.02645536434326,47.781613392086967],[13.026724857131867,47.781748139118527],[13.026859604424486,47.78206254790306],[13.026724857131867,47.782332041099444],[13.026859604424486,47.782556618802516],[13.026724857131867,47.78278119674264],[13.026859604424486,47.782826111852067],[13.027129097213093,47.783454930174216],[13.027039265684682,47.783769338897301],[13.027308760269918,47.783904085773031],[13.027533338192651,47.783859169784201],[13.027683055909465,47.783934029945243],[13.027623168822732,47.783949001119474],[13.027802830981258,47.78435324111252],[13.027847745847135,47.784892227708539],[13.027353675135826,47.785026975295082],[13.027353675135826,47.784892227708539],[13.0271740129773,47.784847313177153],[13.027084182347219,47.784937144011934],[13.027084182347219,47.78547612998576],[13.027308760269918,47.785565962148219],[13.027847745847135,47.785524500705179],[13.027847745847135,47.785655792948234],[13.028043742072452,47.785812589208007],[13.02766808368864,47.785925286227581],[13.027623168822732,47.786015117010152],[13.027623168822732,47.785880370174468],[13.027488422428444,47.785880370174468],[13.027533338192651,47.786015117010152],[13.027398590900033,47.786104948241103],[13.027398590900033,47.786599018745065],[13.026814688660279,47.786060032946828],[13.026814688660279,47.785431214751718],[13.026545194973375,47.785206636792076],[13.02659011073758,47.784667649834589],[13.02645536434326,47.784712565728441],[13.026275702184765,47.784218494797429],[13.025646884180841,47.78426340987221],[13.025422306258108,47.784577819137631],[13.025332474729696,47.784982059069314],[13.025107896806997,47.785026975295082],[13.025107896806997,47.785116805819428],[13.024658741859861,47.785071890274878],[13.024658741859861,47.785206636792076],[13.024928234648469,47.785251552823787],[13.024928234648469,47.785521045784606],[13.025152812571202,47.785655792948234],[13.025152812571202,47.785835455289707],[13.025512136888223,47.786554103877727],[13.025736714810922,47.786599018745065],[13.025422306258108,47.786599018745065],[13.024973151311006,47.786823596724545],[13.024344333307047,47.786554103877727],[13.02398500809173,47.785655792948234],[13.02398500809173,47.785431214751718],[13.024164671148553,47.785071890274878],[13.02394009322582,47.785026975295082],[13.023850261697408,47.784712565728441],[13.023446021616216,47.784802396796131],[13.022907035140669,47.78426340987221],[13.022951950904874,47.784173579080274],[13.022817203612256,47.784173579080274],[13.022817203612256,47.784083748133099],[13.022278217136742,47.783589677261368],[13.022323132900949,47.783454930174216],[13.023131613063402,47.782960858758329],[13.022907035140669,47.782466788079162],[13.023041782433287,47.782107464237043],[13.023356190986101,47.781972716929587],[13.023805345933203,47.781972716929587],[13.024299416644544,47.78152356094094],[13.024299416644544,47.781388815138158],[13.024119755384348,47.781343898786901],[13.024164671148553,47.781074405900696],[13.024029923855936,47.780984575030615],[13.024029923855936,47.780804912221129],[13.024164671148553,47.780715080885372],[13.024434163937162,47.780715080885372],[13.024523994567243,47.780580334797989]]],[[[13.004716234180579,47.816063626145912],[13.004940811204982,47.816378034844767],[13.005479797680495,47.816512782225999],[13.005434882814619,47.816647528051092],[13.005614544973113,47.816602613217071],[13.005704375603228,47.816737358809029],[13.004850979676569,47.817051768253975],[13.006602687294059,47.818084826259572],[13.007186588635481,47.817994994816878],[13.007770491773531,47.817635669904689],[13.008084901224676,47.817545838891306],[13.008219646720667,47.81750092423114],[13.008174731854757,47.817635669904689],[13.008399308879159,47.817411092984621],[13.008489141305903,47.817456007722491],[13.008489141305903,47.817366177001489],[13.008668802566065,47.81750092423114],[13.007635745379243,47.818399234783385],[13.007141673769606,47.818668727753348],[13.007141673769606,47.819028052754341],[13.006827265216792,47.81929754607944],[13.006872180082667,47.819656870950745],[13.007006927375285,47.819656870950745],[13.007411166558214,47.819252631125075],[13.007366251692305,47.819117884219203],[13.008219646720667,47.819028052754341],[13.008354394013285,47.818938221737255],[13.008578971935984,47.819342462201362],[13.008578971935984,47.819567039815269],[13.008444224643366,47.819567039815269],[13.008489141305903,47.819836532755346],[13.008354394013285,47.819836532755346],[13.007829227220084,47.820492990883636],[13.007815406639441,47.820465350810366],[13.006872180082667,47.819881447807767],[13.006288277842946,47.819881447807767],[13.005659459839022,47.81974670193074],[13.005704375603228,47.819881447807767],[13.005524714343032,47.819836532755346],[13.005569629208907,47.82064501283309],[13.005524714343032,47.821004336822725],[13.005434882814619,47.821094169090244],[13.003997584648241,47.821947563958467],[13.003548428802809,47.82212722628006],[13.003234020249995,47.822082310757949],[13.003234020249995,47.821812816809171],[13.003099273855673,47.821543323874081],[13.003189105384086,47.821183999995995],[13.003683176095427,47.82077975999762],[13.003413682408489,47.820555182201019],[13.003099273855673,47.820555182201019],[13.002964526563057,47.820330604036116],[13.002964526563057,47.819701786158596],[13.003189105384086,47.819656870950745],[13.003189105384086,47.819028052754341],[13.003278936014201,47.818938221737255],[13.003234020249995,47.818444151079255],[13.004671318416372,47.819028052754341],[13.005120474261805,47.819567039815269],[13.005434882814619,47.819791617060865],[13.005524714343032,47.819791617060865],[13.005479797680495,47.819656870950745],[13.005659459839022,47.819701786158596],[13.005614544973113,47.819342462201362],[13.005704375603228,47.81920771492544],[13.005704375603228,47.818713643816075],[13.005569629208907,47.818578896717746],[13.005030642733393,47.818219572830586],[13.004626402652168,47.81812974222423],[13.00422216257094,47.817815333274851],[13.004267078335147,47.817411092984621],[13.004671318416372,47.81727634612502],[13.004177246806735,47.817321262185907],[13.004177246806735,47.817186515093177],[13.004042500412448,47.81727634612502],[13.004087416176654,47.817051768253975],[13.003773006725508,47.817006853166419],[13.003323850880076,47.816647528051092],[13.003323850880076,47.816512782225999],[13.0035035139369,47.816333119174388],[13.003638260331222,47.816378034844767],[13.003548428802809,47.816243287717114],[13.003683176095427,47.816198373136615],[13.003817921591418,47.816288204068393],[13.003773006725508,47.816198373136615],[13.003907754018126,47.816198373136615],[13.004267078335147,47.816647528051092],[13.004356908965228,47.816557697137732],[13.004267078335147,47.816557697137732],[13.004267078335147,47.816467866068962],[13.004446739595343,47.816378034844767],[13.004401824729435,47.816288204068393],[13.004716234180579,47.816063626145912]]],[[[13.060007285694923,47.831289999750062],[13.060097118121632,47.831245084919701],[13.060097118121632,47.831379831103362],[13.060321695146035,47.831424747023242],[13.060276780280159,47.831245084919701],[13.060546273068734,47.831694239916899],[13.061175091072693,47.83160440910784],[13.061534415389714,47.831963733823294],[13.061489499625507,47.832098479950105],[13.061579331153919,47.83205356521642],[13.06180390907662,47.832323057859817],[13.061983571235146,47.832323057859817],[13.061983571235146,47.832412889234028],[13.061669161784002,47.832772213778753],[13.061579331153919,47.83272729781909],[13.061624246918125,47.832862044978441],[13.06108526044258,47.833401031926172],[13.060905598284085,47.833401031926172],[13.060681020361352,47.833221368825242],[13.059737792906315,47.833356115907748],[13.059423384353501,47.834119681124662],[13.059019144272273,47.834344258126464],[13.058749650585336,47.834344258126464],[13.05848015689843,47.834658667070016],[13.058345411402438,47.834613752140129],[13.058390326268315,47.834703583166984],[13.058120832581409,47.834568835965399],[13.058075916817204,47.834299342924474],[13.057941171321213,47.83416459587918],[13.058614904191048,47.833445946699683],[13.058704734821129,47.832008649237785],[13.058974229406365,47.831649324833336],[13.060056285200401,47.83121650196717],[13.060007285694923,47.831289999750062]]],[[[13.057581846105895,47.832233226933198],[13.057626761870102,47.832547636003731],[13.057626761870102,47.832862044978441],[13.057402183947369,47.83304170691131],[13.057267436654751,47.83304170691131],[13.056953028101937,47.833445946699683],[13.057042859630348,47.833401031926172],[13.056997943866142,47.833535777939112],[13.057447099711574,47.83394001809981],[13.057402183947369,47.834434089016881],[13.05776150916272,47.834434089016881],[13.057941171321213,47.834838328812701],[13.05789625465871,47.835377315735435],[13.058165749243946,47.836006134273383],[13.057851339792801,47.835961218097871],[13.057806424028595,47.836455290271765],[13.057626761870102,47.836455290271765],[13.057581846105895,47.835422231813354],[13.057042859630348,47.83416459587918],[13.056548788020709,47.833760356261962],[13.056234380366227,47.833625609023073],[13.056234380366227,47.833490863243391],[13.056503873154835,47.833221368825242],[13.056638620447453,47.833221368825242],[13.056593703784916,47.83304170691131],[13.056279295232102,47.832682383026601],[13.056288919782071,47.832637466989134],[13.056638620447453,47.832637466989134],[13.056683535313327,47.832367974169415],[13.057581846105895,47.832412889234028],[13.057581846105895,47.832233226933198]]],[[[13.04976653906664,47.831514578143285],[13.049856369696755,47.831649324833336],[13.049811454830847,47.831784071776561],[13.050441064250549,47.832329732924109],[13.049856369696755,47.832637466989134],[13.048868228274106,47.832951876022626],[13.048823311611605,47.832862044978441],[13.048284326034388,47.83272729781909],[13.047790255323045,47.832457804862777],[13.047745338660542,47.832008649237785],[13.047835170188955,47.831873902877689],[13.048194495404273,47.831963733823294],[13.04846398819288,47.831873902877689],[13.048688566115613,47.831649324833336],[13.04976653906664,47.831514578143285]]],[[[13.029913862017471,47.831245084919701],[13.033102866903043,47.829583208867767],[13.031306244419646,47.830526435713146],[13.031396075948058,47.830661183159727],[13.031440990813932,47.831469662904233],[13.030677427314016,47.831918817766876],[13.030542680021398,47.831918817766876],[13.030587595785605,47.831828986743503],[13.030048609310089,47.831289999750062],[13.029868947151565,47.831289999750062],[13.030587595785605,47.830346774118077],[13.031396075948058,47.829313715866995],[13.029913862017471,47.831245084919701]]],[[[13.006872180082667,47.798816050923641],[13.007006927375285,47.798816050923641],[13.007231505298018,47.799669446880408],[13.006467940001441,47.799759278044057],[13.006467940001441,47.799355037791351],[13.006333193607153,47.799265207135633],[13.00637810937136,47.798950798013927],[13.006872180082667,47.798816050923641]]],[[[13.073122629554259,47.815434807862594],[13.073122629554259,47.816557697137732],[13.073302291712753,47.816602613217071],[13.073032798924144,47.816602613217071],[13.072359065156013,47.816333119174388],[13.071730247152054,47.816063626145912],[13.072403980920219,47.816333119174388],[13.072808221001445,47.815524638908954],[13.073122629554259,47.815434807862594]]],[[[13.0181459856944,47.790910912744671],[13.018235817222811,47.790910912744671],[13.018280732088721,47.791584645816137],[13.017472251926268,47.791674478284328],[13.017202759137659,47.791135490802134],[13.017741745613174,47.791135490802134],[13.017831577141585,47.791090575026836],[13.017831577141585,47.79095582927873],[13.0181459856944,47.790910912744671]]],[[[13.010510340813703,47.798501642100995],[13.01028576289097,47.798636388799828],[13.010016270102362,47.798636388799828],[13.010375594419381,47.798052487132558],[13.01064508720799,47.797827908795718],[13.010510340813703,47.798501642100995]]],[[[13.009612030021135,47.816467866068962],[13.009791692179663,47.816647528051092],[13.009207789939909,47.817141598915768],[13.009117958411498,47.817006853166419],[13.008938296253003,47.817006853166419],[13.009297620570024,47.816692444052713],[13.009387452098435,47.816602613217071],[13.009522197594427,47.816647528051092],[13.009477282728517,47.816557697137732],[13.009612030021135,47.816467866068962]]],[[[13.012756119142534,47.821228915089016],[13.013115442561222,47.821228915089016],[13.013115442561222,47.821543323874081],[13.013025611931109,47.821678071119663],[13.012935781301026,47.821678071119663],[13.012845949772615,47.821498409053085],[13.012711203378327,47.821498409053085],[13.012756119142534,47.821408576881886],[13.012621371849916,47.821273830746307],[13.012756119142534,47.821228915089016]]],[[[13.07271839037133,47.800118602955571],[13.073032798924144,47.800388096064246],[13.072987883159939,47.800702504935565],[13.072628558842919,47.800343179838649],[13.072493812448631,47.800388096064246],[13.072538727314507,47.800208433945969],[13.07271839037133,47.800118602955571]]],[[[13.009971354338155,47.814895820733952],[13.009971354338155,47.81507548393293],[13.009791692179663,47.815210229868484],[13.009701860651251,47.815210229868484],[13.009746776415456,47.81507548393293],[13.009342536334231,47.81512039888144],[13.009387452098435,47.814985652712764],[13.009971354338155,47.814895820733952]]],[[[13.052820796659626,47.783230352126701],[13.052820796659626,47.783769338897301],[13.052730966029511,47.783814254963751],[13.052686050265306,47.783320183945008],[13.052820796659626,47.783230352126701]]],[[[13.009073042647291,47.816018710203558],[13.009187058619794,47.81605671614269],[13.009207789939909,47.816108542049413],[13.009522197594427,47.816333119174388],[13.009297620570024,47.816333119174388],[13.009252704805819,47.816198373136615],[13.009162874175702,47.816243287717114],[13.009073042647291,47.816153456707625],[13.009073042647291,47.816018710203558]]],[[[13.075413322748965,47.808832221270421],[13.076157125109265,47.809673039701174],[13.075817562830192,47.809371207989187],[13.075413322748965,47.808832221270421]]],[[[13.021443733441776,47.82637056509045],[13.022671889436948,47.826610855827887],[13.021784146425402,47.826484035989075],[13.021443733441776,47.82637056509045]]],[[[13.015153190833187,47.797329110213276],[13.016259531682589,47.798052487132558],[13.015495968182673,47.797603331298426],[13.015153190833187,47.797329110213276]]],[[[13.021937675694,47.789306203299262],[13.021963807685598,47.78969819329464],[13.021873977055517,47.790102433237948],[13.021937675694,47.789306203299262]]],[[[13.013699344800944,47.795357553024687],[13.014128620030846,47.796255127812088],[13.014013754252087,47.796121117799139],[13.013699344800944,47.795357553024687]]],[[[13.008812533011525,47.815192264166079],[13.008848464724592,47.815210229868484],[13.009073042647291,47.815771675143907],[13.008938296253003,47.815569555278699],[13.008812533011525,47.815192264166079]]],[[[13.020885834734571,47.825181484098565],[13.021219493285587,47.825765387197606],[13.021155328421477,47.825765387197606],[13.020885834734571,47.825181484098565]]],[[[13.024958179090151,47.826004935889969],[13.025916376969414,47.826214541973606],[13.02593562696765,47.82625304103199],[13.025242644099615,47.826079796250454],[13.024958179090151,47.826004935889969]]],[[[13.062260935960586,47.826529413905632],[13.063016629320298,47.826573867217704],[13.06229797978796,47.826573867217704],[13.062260935960586,47.826529413905632]]],[[[13.013616424012035,47.794165563846597],[13.013699344800944,47.794279580073542],[13.013789177227686,47.794683819986069],[13.013616424012035,47.794165563846597]]],[[[13.014552740727602,47.796749935800861],[13.015046812337241,47.797244007094086],[13.01482223441454,47.797064344965207],[13.014552740727602,47.796749935800861]]],[[[13.060113616580159,47.824647081219304],[13.060321695146035,47.825271315168976],[13.060097118121632,47.824687413146421],[13.060113616580159,47.824647081219304]]],[[[13.046667365709482,47.8302120270613],[13.046857595648996,47.830433963274629],[13.04671228057539,47.830346774118077],[13.046667365709482,47.8302120270613]]],[[[13.025646884180841,47.827292516274319],[13.025369223909657,47.827315654193278],[13.025676251904084,47.827233779747687],[13.025646884180841,47.827292516274319]]],[[[13.056882108805219,47.829680132288061],[13.057042859630348,47.830122196098813],[13.056863196573525,47.829717955748002],[13.056882108805219,47.829680132288061]]],[[[13.014903899358707,47.823127618129412],[13.015001896573034,47.822980622260538],[13.015139777189361,47.82291794891561],[13.014903899358707,47.823127618129412]]],[[[13.066238456849716,47.786877150246745],[13.066250549071778,47.786913427765342],[13.065936139620632,47.787093091191913],[13.066238456849716,47.786877150246745]]],[[[13.02398500809173,47.825495893069544],[13.024440745893228,47.825868769886817],[13.024389248172955,47.825855217860628],[13.02398500809173,47.825495893069544]]],[[[13.036291870890317,47.828460320274147],[13.036381703317026,47.828550151097744],[13.036381703317026,47.828684898247801],[13.036291870890317,47.828460320274147]]],[[[13.033192698431456,47.78547612998576],[13.032923204744517,47.78547612998576],[13.033372359691652,47.785431214751718],[13.033192698431456,47.78547612998576]]],[[[13.03281164027446,47.830768399998284],[13.033147781768919,47.830571351165524],[13.033507106984271,47.830391689122841],[13.03281164027446,47.830768399998284]]],[[[13.056850364139688,47.830468687044991],[13.056863196573525,47.830391689122841],[13.057042859630348,47.830122196098813],[13.056850364139688,47.830468687044991]]],[[[13.013744260565151,47.823923849073687],[13.013834092093562,47.823968764208736],[13.013834092093562,47.824081052780983],[13.013744260565151,47.823923849073687]]],[[[13.027263843607415,47.829628125136487],[13.027200962435824,47.829610157789368],[13.027366507569665,47.829499794732442],[13.027263843607415,47.829628125136487]]],[[[13.03373168490697,47.784787425264071],[13.03373168490697,47.784937144011934],[13.033666353131295,47.785026975295082],[13.03373168490697,47.784787425264071]]],[[[13.014058670016293,47.823429778213921],[13.014575656750491,47.823645189083777],[13.014552740727602,47.82365435503479],[13.014058670016293,47.823429778213921]]],[[[13.014777318650335,47.823564524181776],[13.01482223441454,47.823250114972019],[13.01485966361917,47.82319397102377],[13.014777318650335,47.823564524181776]]],[[[13.046263125628256,47.831334915747682],[13.046308041392463,47.831514578143285],[13.046263125628256,47.831538762884833],[13.046263125628256,47.831469662904233],[13.046263125628256,47.831334915747682]]],[[[13.028925719696494,47.826439120014939],[13.028631727155146,47.826549367149184],[13.028966655923991,47.826393067139101],[13.028925719696494,47.826439120014939]]],[[[13.021245159051592,47.826192083874766],[13.021324421900685,47.826330794158146],[13.021245159051592,47.826304373065483],[13.021245159051592,47.826192083874766]]],[[[13.008534056171777,47.817321262185907],[13.008578971935984,47.817321262185907],[13.008668802566065,47.81750092423114],[13.008534056171777,47.817321262185907]]],[[[13.009331307393179,47.816467866068962],[13.009342536334231,47.816512782225999],[13.009162874175702,47.816467866068962],[13.009331307393179,47.816467866068962]]],[[[13.038027408832685,47.830609079898366],[13.038043577609509,47.830571351165524],[13.038241735181376,47.830555499083054],[13.038027408832685,47.830609079898366]]],[[[13.060007285694923,47.830840844872483],[13.060007285694923,47.830975590899655],[13.059962370829014,47.830975590899655],[13.060007285694923,47.830840844872483]]],[[[13.009252704805819,47.796974512762638],[13.009342536334231,47.797019428883338],[13.009207789939909,47.797019428883338],[13.009252704805819,47.796974512762638]]],[[[13.024748573388273,47.827297505718775],[13.025192444444881,47.827330386103611],[13.025107896806997,47.827337430906894],[13.024748573388273,47.827297505718775]]],[[[13.043747853612519,47.808652558793376],[13.043786352710658,47.808658975062521],[13.043658022982404,47.808787305106108],[13.043747853612519,47.808652558793376]]],[[[13.031396075948058,47.828056080246974],[13.031422751420399,47.828062919900802],[13.031081667395243,47.828190826870461],[13.031396075948058,47.828056080246974]]],[[[13.033821516435381,47.830229992993885],[13.033821516435381,47.830346774118077],[13.033776599772878,47.830256942785752],[13.033821516435381,47.830229992993885]]],[[[13.021223600383083,47.825772572739623],[13.021245159051592,47.825810301945424],[13.02111041265727,47.825810301945424],[13.021223600383083,47.825772572739623]]],[[[13.015437841793885,47.822782464820534],[13.015495968182673,47.822756043731189],[13.015675630341166,47.822756043731189],[13.015437841793885,47.822782464820534]]],[[[13.046906914954739,47.830491502115613],[13.046936859396421,47.830526435713146],[13.046802112103803,47.830526435713146],[13.046906914954739,47.830491502115613]]],[[[13.028207071062452,47.826708612864429],[13.028123228602057,47.826696635769217],[13.028296901692567,47.826674926937869],[13.028207071062452,47.826708612864429]]],[[[13.076579399768153,47.810048395710602],[13.076725639208172,47.81010157417866],[13.076626042992645,47.810089856893782],[13.076579399768153,47.810048395710602]]],[[[13.045809533901956,47.833168136244105],[13.046352957156667,47.833401031926172],[13.045813969782824,47.833176453857341],[13.045809533901956,47.833168136244105]]],[[[13.060007285694923,47.831155253936217],[13.060097118121632,47.831155253936217],[13.060074660239529,47.831188939970161],[13.060007285694923,47.831155253936217]]],[[[13.056324210996308,47.830975590899655],[13.056357896921165,47.831076651095032],[13.056324210996308,47.831065422797202],[13.056324210996308,47.830975590899655]]],[[[13.012576456085709,47.823968764208736],[13.012621371849916,47.823968764208736],[13.012621371849916,47.824036137743136],[13.012576456085709,47.823968764208736]]],[[[13.028072323769834,47.785736641078735],[13.028117240432371,47.785790539158967],[13.028072323769834,47.785804014122995],[13.028072323769834,47.785736641078735]]],[[[13.076550032044878,47.807426017821022],[13.07653621236253,47.807394922755137],[13.076614814051593,47.807361235759132],[13.076550032044878,47.807426017821022]]],[[[13.008174731854757,47.813952595179487],[13.008215741744118,47.81401703903979],[13.008141045031604,47.813961016012506],[13.008174731854757,47.813952595179487]]],[[[13.02789266161134,47.785521045784606],[13.027937578273876,47.785574945295586],[13.027852850074575,47.785524107771352],[13.02789266161134,47.785521045784606]]],[[[13.008489141305903,47.817366177001489],[13.008489141305903,47.817321262185907],[13.008534056171777,47.817321262185907],[13.008489141305903,47.817366177001489]]],[[[13.05690811323606,47.829628125136487],[13.056944044949097,47.829699990241188],[13.056894292655418,47.82965576515565],[13.05690811323606,47.829628125136487]]],[[[13.060487882575266,47.823732209159395],[13.060501358202858,47.82369927100617],[13.060591188832941,47.823594467816747],[13.060487882575266,47.823732209159395]]],[[[13.033963747592651,47.830144653703229],[13.034001177695577,47.830122196098813],[13.034084099382815,47.830087645176896],[13.033963747592651,47.830144653703229]]],[[[13.021180994187448,47.826079796250454],[13.021191261032842,47.826097761804171],[13.021155328421477,47.826079796250454],[13.021180994187448,47.826079796250454]]],[[[13.013898256957672,47.824193341713475],[13.013923922723675,47.824193341713475],[13.013901464841574,47.824198956907644],[13.013898256957672,47.824193341713475]]]]},"properties":{"OBJECTID":1,"Name and Size":"Location 1 : 40 - 45","Travel Time Start (Minutes)":40,"Travel Time End (Minutes)":45,"Facility ID":1,"Facility: Name":"Location 1","Facility: title":"Point","Facility: Breaks":null,"Facility: AdditionalTime":0,"Facility: AdditionalDistance":0,"Area (Square Kilometers)":6.0795424499999999}},{"type":"Feature","id":2,"geometry":{"type":"MultiPolygon","coordinates":[[[[13.010510340813703,47.798501642100995],[13.01064508720799,47.797827908795718],[13.010914580894896,47.797917740126223],[13.012127301138575,47.797782993977336],[13.012262048431191,47.797693161810408],[13.012306963297101,47.797468584937597],[13.012621371849916,47.797064344965207],[13.013070527695316,47.796884682215087],[13.013699344800944,47.797154175805595],[13.01396883938618,47.797782993977336],[13.01396883938618,47.798052487132558],[13.014193417308912,47.79845672726163],[13.013879007857769,47.799310123086322],[13.013699344800944,47.799489785294014],[13.013699344800944,47.799310123086322],[13.013160359223727,47.798771135752645],[13.013070527695316,47.798816050923641],[13.013115442561222,47.79868130529416],[13.012980696166903,47.798546558108363],[13.012531541219801,47.798501642100995],[13.012396793927183,47.798995714236447],[13.012082385374368,47.799265207135633],[13.011992553845957,47.79908554475471],[13.012037469610162,47.798905882959424],[13.011992553845957,47.798816050923641],[13.011902723215876,47.798860967262641],[13.011857808349966,47.798726219939368],[13.011678145293143,47.798726219939368],[13.011723061057348,47.798860967262641],[13.011408651606237,47.799040629213295],[13.010555255679579,47.799175375721127],[13.010420510183588,47.799355037791351],[13.01028576289097,47.799310123086322],[13.01028576289097,47.79922029114605],[13.010510340813703,47.798995714236447],[13.01028576289097,47.798995714236447],[13.010195932260888,47.799130460257331],[13.010240847126765,47.798995714236447],[13.01006118496827,47.798905882959424],[13.009971354338155,47.798726219939368],[13.009746776415456,47.798816050923641],[13.009656944887045,47.799355037791351],[13.009746776415456,47.799444868895208],[13.009836607045537,47.799399954267827],[13.009791692179663,47.799534699843733],[13.009926437675652,47.799534699843733],[13.009881522809744,47.799669446880408],[13.01028576289097,47.800028771206421],[13.010330678655176,47.800253349081252],[13.009701860651251,47.800477927192077],[13.009612030021135,47.800702504935565],[13.009342536334231,47.800882167155436],[13.009252704805819,47.800882167155436],[13.009252704805819,47.80074742024707],[13.009117958411498,47.80074742024707],[13.009162874175702,47.800927082915031],[13.009028126883086,47.801016913714307],[13.009028126883086,47.801331323003829],[13.009701860651251,47.801331323003829],[13.009701860651251,47.80173556296414],[13.009612030021135,47.80173556296414],[13.009612030021135,47.801870309119685],[13.009701860651251,47.801825394175637],[13.009656944887045,47.801960140098181],[13.009791692179663,47.801960140098181],[13.009746776415456,47.801825394175637],[13.01028576289097,47.801825394175637],[13.010510340813703,47.802139802795885],[13.010240847126765,47.802454211926836],[13.009926437675652,47.802499126930655],[13.009926437675652,47.802633874122598],[13.009791692179663,47.802588958028487],[13.009701860651251,47.802768620965026],[13.009432366964312,47.802768620965026],[13.009432366964312,47.802903366854537],[13.009297620570024,47.802903366854537],[13.009342536334231,47.802993197856779],[13.009207789939909,47.802948283280145],[13.009028126883086,47.803127944973944],[13.009028126883086,47.803666931757391],[13.008803549858683,47.803846593982527],[13.008668802566065,47.803801677730263],[13.008623886801859,47.803891510195939],[13.008444224643366,47.803891510195939],[13.008444224643366,47.804071172247703],[13.008489141305903,47.804161003040569],[13.008623886801859,47.804161003040569],[13.008578971935984,47.804250834281461],[13.009432366964312,47.80411608706018],[13.009836607045537,47.804430496297151],[13.009791692179663,47.804565242702843],[13.009926437675652,47.804565242702843],[13.009881522809744,47.804430496297151],[13.01006118496827,47.804430496297151],[13.010195932260888,47.804610158294814],[13.01028576289097,47.805059313888869],[13.00898321201721,47.805418638946506],[13.00871371833027,47.805418638946506],[13.008534056171777,47.805194061076755],[13.008534056171777,47.805059313888869],[13.008399308879159,47.805059313888869],[13.008219646720667,47.80523897612504],[13.00826456338317,47.805328806708403],[13.008129816090552,47.805283891737801],[13.007950153932057,47.805508469822527],[13.007725576009324,47.805463553800593],[13.007725576009324,47.805867794186476],[13.007815406639441,47.805957624889032],[13.007770491773531,47.806137287034858],[13.007995068797934,47.806002541087082],[13.00826456338317,47.806227119081399],[13.008444224643366,47.806227119081399],[13.008758634094477,47.806406780898378],[13.008893381387095,47.806406780898378],[13.008893381387095,47.806316949765915],[13.009522197594427,47.806361865049887],[13.009522197594427,47.806496611875481],[13.010420510183588,47.806855936040357],[13.010690002972197,47.806855936040357],[13.010824750264813,47.806676273966993],[13.010779833602278,47.806406780898378],[13.010959495760805,47.806406780898378],[13.01086966513069,47.806272033839697],[13.010914580894896,47.805957624889032],[13.011049327289216,47.805777962725166],[13.011767975923258,47.805733046936275],[13.011992553845957,47.806047456039629],[13.011947638980081,47.806182203077555],[13.011633230427266,47.806316949765915],[13.011633230427266,47.806766105081358],[13.011543398898855,47.806945768050689],[13.011139158817629,47.807080513964841],[13.011139158817629,47.807305092124977],[13.011318820976122,47.807439838916963],[13.010555255679579,47.807619500762449],[13.010555255679579,47.807754247945383],[13.010690002972197,47.807754247945383],[13.010690002972197,47.80788899417545],[13.010465425049498,47.807978825002351],[13.010375594419381,47.809101713820738],[13.009836607045537,47.809550869790172],[13.009881522809744,47.809640700759239],[13.009746776415456,47.809595785294135],[13.009522197594427,47.809775448128171],[13.009522197594427,47.810269519225209],[13.00956711425693,47.810494096868723],[13.009926437675652,47.810269519225209],[13.01028576289097,47.810314434107646],[13.010375594419381,47.811077999264604],[13.010600172342114,47.810943252258831],[13.011228990346041,47.810943252258831],[13.011318820976122,47.810673759008317],[13.011543398898855,47.810628843230035],[13.011902723215876,47.810628843230035],[13.012082385374368,47.810988167765188],[13.010914580894896,47.811616986204633],[13.010779833602278,47.811616986204633],[13.01064508720799,47.811392407987334],[13.010510340813703,47.811392407987334],[13.010555255679579,47.811302577031768],[13.010465425049498,47.81121274592077],[13.01028576289097,47.81121274592077],[13.010195932260888,47.811302577031768],[13.010240847126765,47.811392407987334],[13.010106100732477,47.811347492227313],[13.009926437675652,47.811482238787512],[13.009926437675652,47.811796648079245],[13.009791692179663,47.811751732065595],[13.01006118496827,47.812111057277299],[13.00956711425693,47.812380549705267],[13.009522197594427,47.812560211954597],[13.009701860651251,47.812739874788861],[13.009656944887045,47.812874620752588],[13.009836607045537,47.812964452005168],[13.009791692179663,47.813144115250687],[13.01006118496827,47.813413607746924],[13.010375594419381,47.813278860768719],[13.010600172342114,47.813548354978714],[13.010690002972197,47.813503439273667],[13.01064508720799,47.813638186272335],[13.010914580894896,47.813817847790133],[13.011723061057348,47.813278860768719],[13.011902723215876,47.813503439273667],[13.011857808349966,47.813638186272335],[13.012306963297101,47.814042425773764],[13.011004412423308,47.814985652712764],[13.010914580894896,47.815704301138631],[13.010510340813703,47.816198373136615],[13.010600172342114,47.816333119174388],[13.010734918736402,47.816333119174388],[13.010690002972197,47.816422949873093],[13.010779833602278,47.816512782225999],[13.011588313764729,47.816512782225999],[13.012172216004483,47.816872105860952],[13.012306963297101,47.81727634612502],[13.011992553845957,47.817635671111127],[13.012082385374368,47.817994994816878],[13.012531541219801,47.817905163821962],[13.013429852012337,47.817950078735649],[13.013160359223727,47.818668727753348],[13.012935781301026,47.818803475221742],[13.012801034008408,47.818758559236727],[13.012801034008408,47.818983136963617],[13.012621371849916,47.81920771492544],[13.012621371849916,47.81929754607944],[13.012801034008408,47.81920771492544],[13.012756119142534,47.81929754607944],[13.012890864638491,47.819387377078016],[13.012890864638491,47.819656870950745],[13.013025611931109,47.819701786158596],[13.01325018985384,47.819477207921153],[13.013205274089636,47.81929754607944],[13.013295104719719,47.81929754607944],[13.013340021382254,47.819162799290154],[13.013923922723675,47.819252631125075],[13.014058670016293,47.818983136963617],[13.014154918210773,47.818906138891862],[13.01410358488217,47.818983136963617],[13.014328162804901,47.818983136963617],[13.014451442204608,47.818818765093596],[13.014777318650335,47.81884839116789],[13.01482223441454,47.81929754607944],[13.014507824963397,47.819342462201362],[13.014507824963397,47.819477207921153],[13.014373078569108,47.819432293122219],[13.014373078569108,47.819522123887644],[13.014462910097519,47.819522123887644],[13.014373078569108,47.820150942131711],[13.014597657390137,47.820330604036116],[13.015181558731529,47.820285688165939],[13.015316306024147,47.820510265921953],[13.015451052418467,47.820510265921953],[13.015765460971281,47.820150942131711],[13.015945123129775,47.820195856912122],[13.016169701052508,47.819971280208762],[13.016124786186598,47.82024077286006],[13.015945123129775,47.820375519867468],[13.015810376735487,47.820330604036116],[13.015585798812754,47.820555182201019],[13.015720546105372,47.821049253277508],[13.015855291601364,47.821049253277508],[13.015810376735487,47.821183999995995],[13.016259531682589,47.82113908426097],[13.016439194739412,47.821273830746307],[13.016663771763815,47.821273830746307],[13.016933266349051,47.821228915089016],[13.016888349686548,47.821094169090244],[13.017202759137659,47.820869590844232],[13.017472251926268,47.820869590844232],[13.017831577141585,47.821094169090244],[13.018460395145544,47.820869590844232],[13.018774803698358,47.821318745761609],[13.018999380722761,47.821318745761609],[13.019268875307997,47.821543323874081],[13.019089212251172,47.822261973216371],[13.018819718564234,47.82235180391082],[13.018774803698358,47.82365435503479],[13.019493453230696,47.823878933296669],[13.018819718564234,47.82369927100617],[13.018774803698358,47.823834018083893],[13.018999380722761,47.824238257821584],[13.018864635226771,47.824462834763573],[13.018325647852926,47.824687413146421],[13.017517167690475,47.824732328827018],[13.016484109605322,47.824373004103379],[13.016214616816713,47.824103511190046],[13.016349363211001,47.823160284022578],[13.016888349686548,47.822800959876695],[13.01661885689794,47.822711128753156],[13.016529026267825,47.822845874777009],[13.01603495375989,47.822980622260538],[13.015675630341166,47.822756043731189],[13.015495968182673,47.822756043731189],[13.015001896573034,47.822980622260538],[13.01482223441454,47.823250114972019],[13.014777318650335,47.823564524181776],[13.014597657390137,47.82365435503479],[13.014058670016293,47.823429778213921],[13.014013754252087,47.82369927100617],[13.014193417308912,47.823923849073687],[13.01410358488217,47.823923849073687],[13.01410358488217,47.82401367990802],[13.014193417308912,47.82401367990802],[13.014193417308912,47.824193341713475],[13.01396883938618,47.824193341713475],[13.014013754252087,47.824373004103379],[13.013879007857769,47.824328088714964],[13.013923922723675,47.82455266707769],[13.013744260565151,47.82455266707769],[13.013789177227686,47.824462834763573],[13.013654429935068,47.824507751241597],[13.013654429935068,47.824373004103379],[13.013789177227686,47.824373004103379],[13.013744260565151,47.824238257821584],[13.013923922723675,47.824193341713475],[13.013834092093562,47.824193341713475],[13.013834092093562,47.823968764208736],[13.013744260565151,47.823923849073687],[13.012980696166903,47.82401367990802],[13.013070527695316,47.824148426772787],[13.012935781301026,47.824103511190046],[13.012980696166903,47.824238257821584],[13.012890864638491,47.824238257821584],[13.012890864638491,47.824103511190046],[13.012801034008408,47.824058594965344],[13.012621371849916,47.824058594965344],[13.012621371849916,47.823968764208736],[13.012756119142534,47.823968764208736],[13.012711203378327,47.823834018083893],[13.012890864638491,47.823789102229149],[13.012890864638491,47.82365435503479],[13.013384937146458,47.823519609300106],[13.013115442561222,47.823115368791136],[13.012801034008408,47.823295031293135],[13.012396793927183,47.823295031293135],[13.012127301138575,47.823160284022578],[13.011857808349966,47.822800959876695],[13.011678145293143,47.822890790844738],[13.011094243053423,47.822890790844738],[13.010824750264813,47.822800959876695],[13.010555255679579,47.822486550867374],[13.01006118496827,47.82253146603972],[13.009926437675652,47.822441635052989],[13.009881522809744,47.822037395196979],[13.009701860651251,47.822082310757949],[13.009746776415456,47.821678071119663],[13.00956711425693,47.821722985785208],[13.00956711425693,47.821588239862528],[13.009746776415456,47.821633155208936],[13.009836607045537,47.821363661944361],[13.00956711425693,47.821228915089016],[13.009836607045537,47.821004336822725],[13.009791692179663,47.820824674837191],[13.010106100732477,47.820914506209277],[13.010465425049498,47.821183999995995],[13.010779833602278,47.821183999995995],[13.011049327289216,47.820734843912859],[13.010824750264813,47.820375519867468],[13.010824750264813,47.820195856912122],[13.011004412423308,47.81974670193074],[13.011228990346041,47.819701786158596],[13.011184073683504,47.819611955100832],[13.010959495760805,47.819522123887644],[13.010375594419381,47.820016195144603],[13.009881522809744,47.82010602610611],[13.009028126883086,47.820061111247981],[13.008534056171777,47.82064501283309],[13.007905238167853,47.820600097234887],[13.007815406639441,47.820510265921953],[13.008354394013285,47.819836532755346],[13.008489141305903,47.819836532755346],[13.008444224643366,47.819567039815269],[13.008578971935984,47.819567039815269],[13.008578971935984,47.819342462201362],[13.008354394013285,47.818938221737255],[13.008219646720667,47.819028052754341],[13.007366251692305,47.819117884219203],[13.007411166558214,47.819252631125075],[13.007006927375285,47.819656870950745],[13.006872180082667,47.819656870950745],[13.006827265216792,47.81929754607944],[13.007141673769606,47.819028052754341],[13.007141673769606,47.818668727753348],[13.007635745379243,47.818399234783385],[13.008668802566065,47.81750092423114],[13.008578971935984,47.817321262185907],[13.008489141305903,47.817321262185907],[13.008489141305903,47.817456007722491],[13.008399308879159,47.817411092984621],[13.008174731854757,47.817635669904689],[13.008219646720667,47.81750092423114],[13.008084901224676,47.817545838891306],[13.008039984562139,47.817366177001489],[13.008219646720667,47.817411092984621],[13.008174731854757,47.81727634612502],[13.008354394013285,47.817321262185907],[13.008309478249078,47.817141598915768],[13.008399308879159,47.816961936833586],[13.008803549858683,47.816827190014742],[13.009162874175702,47.816467866068962],[13.009342536334231,47.816512782225999],[13.009297620570024,47.816333119174388],[13.009522197594427,47.816333119174388],[13.009207789939909,47.816108542049413],[13.008848464724592,47.815210229868484],[13.008758634094477,47.815165314997621],[13.00871371833027,47.814895820733952],[13.008578971935984,47.814761075189011],[13.008578971935984,47.81462632808784],[13.008489141305903,47.814671244028183],[13.008489141305903,47.814446665747823],[13.008174731854757,47.813952595179487],[13.007995068797934,47.813997509892808],[13.008039984562139,47.814087341012652],[13.007905238167853,47.814042425773764],[13.007950153932057,47.814132256815952],[13.00768066114345,47.814132256815952],[13.007725576009324,47.814222087702689],[13.007590828716708,47.814177171977093],[13.007635745379243,47.814267003992647],[13.007500998086625,47.814222087702689],[13.007545913850832,47.814311919037287],[13.007411166558214,47.814267003992647],[13.007456083220717,47.81435683524959],[13.007321335928099,47.814311919037287],[13.007366251692305,47.814401750216476],[13.007231505298018,47.81435683524959],[13.006782348554255,47.81462632808784],[13.005345051286207,47.815165314997621],[13.005210304891886,47.81512039888144],[13.005120474261805,47.81485090619443],[13.005345051286207,47.81462632808784],[13.005434882814619,47.814671244028183],[13.005345051286207,47.814132256815952],[13.005659459839022,47.814132256815952],[13.005704375603228,47.813997509892808],[13.005614544973113,47.813728016807303],[13.00574929226573,47.813772931714865],[13.005704375603228,47.81368310125761],[13.006108615684454,47.813323777271329],[13.006243362977072,47.813323777271329],[13.006288277842946,47.81345852413299],[13.006917095846873,47.81345852413299],[13.007006927375285,47.813323777271329],[13.006962011611078,47.81318903006003],[13.0070967580054,47.813099199195946],[13.0070967580054,47.813009368176459],[13.006153532346957,47.812066140932302],[13.006018785054339,47.812200888040941],[13.005884037761721,47.812155971773635],[13.005928954424258,47.812245803062815],[13.005659459839022,47.812380549705267],[13.005345051286207,47.812066140932302],[13.004895896339072,47.812066140932302],[13.004626402652168,47.81193139528385],[13.00480606481066,47.811077999264604],[13.004491656257846,47.810718674144447],[13.004940811204982,47.810269519225209],[13.005075557599268,47.810314434107646],[13.005030642733393,47.810224603097311],[13.005569629208907,47.809775448128171],[13.005704375603228,47.809281377157269],[13.005973869290132,47.809056799096091],[13.005928954424258,47.808338149772965],[13.00574929226573,47.80824831896421],[13.00574929226573,47.807933909909963],[13.005389967050414,47.807439838916963],[13.002784865302859,47.80811357185641],[13.002650118010241,47.808023741262517],[13.002650118010241,47.807394922755137],[13.00256028738016,47.807350007761144],[13.00256028738016,47.806361865049887],[13.003728090961303,47.806002541087082],[13.003548428802809,47.805553385202295],[13.003817921591418,47.805104230260362],[13.003817921591418,47.804250834281461],[13.004267078335147,47.803891510195939],[13.004356908965228,47.803711846919391],[13.005210304891886,47.803487268910843],[13.006333193607153,47.802948283280145],[13.006962011611078,47.802768620965026],[13.006827265216792,47.802364381199347],[13.0070967580054,47.80173556296414],[13.007545913850832,47.801600815855679],[13.006243362977072,47.801196576053684],[13.005659459839022,47.801196576053684],[13.005075557599268,47.801061828753987],[13.004356908965228,47.801376237771692],[13.003773006725508,47.801106744961658],[13.003862838253921,47.800253349081252],[13.003773006725508,47.799894025101651],[13.003907754018126,47.799938939905324],[13.003952668884036,47.799849109052339],[13.004401824729435,47.799759278044057],[13.004401824729435,47.799624531240319],[13.004761149046454,47.799399954267827],[13.004761149046454,47.799265207135633],[13.004671318416372,47.79922029114605],[13.004671318416372,47.798771135752645],[13.004850979676569,47.798726219939368],[13.005120474261805,47.798860967262641],[13.005524714343032,47.79827706510212],[13.005524714343032,47.798142318074817],[13.005345051286207,47.798007571301461],[13.004671318416372,47.797782993977336],[13.004716234180579,47.797513500027733],[13.004850979676569,47.79733383822731],[13.004985726969187,47.79733383822731],[13.004940811204982,47.797154175805595],[13.005030642733393,47.797109259801381],[13.005030642733393,47.796839767184835],[13.005300136420299,47.796974512762638],[13.005704375603228,47.796884682215087],[13.005839122895846,47.796974512762638],[13.005839122895846,47.797109259801381],[13.005928954424258,47.797064344965207],[13.006108615684454,47.797288921774943],[13.006243362977072,47.797288921774943],[13.006512855765646,47.797154175805595],[13.006692517924174,47.796615189037183],[13.0070967580054,47.796615189037183],[13.007186588635481,47.796705020050659],[13.007635745379243,47.79666010486509],[13.008084901224676,47.796480441924068],[13.00826456338317,47.796255865240681],[13.008219646720667,47.796031286983116],[13.008309478249078,47.796031286983116],[13.008578971935984,47.796121117799139],[13.008489141305903,47.796255865240681],[13.008534056171777,47.796435527147835],[13.008803549858683,47.796525357868461],[13.008803549858683,47.796435527147835],[13.008938296253003,47.796435527147835],[13.008893381387095,47.796525357868461],[13.009028126883086,47.796525357868461],[13.008893381387095,47.796705020050659],[13.009162874175702,47.796884682215087],[13.009746776415456,47.797019428883338],[13.010106100732477,47.796839767184835],[13.01006118496827,47.796974512762638],[13.010151015598352,47.796929597810028],[13.010151015598352,47.797019428883338],[13.010600172342114,47.797423669205173],[13.010555255679579,47.797648246875532],[13.01064508720799,47.797693161810408],[13.01064508720799,47.797827908795718],[13.010375594419381,47.798052487132558],[13.010016270102362,47.798636388799828],[13.01028576289097,47.798636388799828],[13.010510340813703,47.798501642100995]],[[13.009207789939909,47.797019428883338],[13.009342536334231,47.797019428883338],[13.009252704805819,47.796974512762638],[13.009207789939909,47.797019428883338]],[[13.012801034008408,47.82401367990802],[13.012935781301026,47.82401367990802],[13.012890864638491,47.823968764208736],[13.012801034008408,47.82401367990802]],[[13.013834092093562,47.823295031293135],[13.013834092093562,47.823384862009398],[13.013923922723675,47.823384862009398],[13.013834092093562,47.823295031293135]],[[13.013474767776541,47.82347469317331],[13.013654429935068,47.823519609300106],[13.013744260565151,47.823429778213921],[13.013834092093562,47.823429778213921],[13.013744260565151,47.823339945765959],[13.013744260565151,47.823429778213921],[13.013474767776541,47.82347469317331]],[[13.007366251692305,47.813952595179487],[13.007635745379243,47.814042425773764],[13.007950153932057,47.813862763826492],[13.008129816090552,47.813907679220776],[13.008039984562139,47.813728016807303],[13.00768066114345,47.813862763826492],[13.007366251692305,47.813952595179487]],[[13.009342536334231,47.81512039888144],[13.009746776415456,47.81507548393293],[13.009701860651251,47.815210229868484],[13.009791692179663,47.815210229868484],[13.009971354338155,47.81507548393293],[13.009971354338155,47.814895820733952],[13.009387452098435,47.814985652712764],[13.009342536334231,47.81512039888144]],[[13.012621371849916,47.821273830746307],[13.012756119142534,47.821408576881886],[13.012711203378327,47.821498409053085],[13.012845949772615,47.821498409053085],[13.012935781301026,47.821678071119663],[13.013025611931109,47.821678071119663],[13.013115442561222,47.821543323874081],[13.013115442561222,47.821228915089016],[13.012756119142534,47.821228915089016],[13.012621371849916,47.821273830746307]],[[13.008938296253003,47.817006853166419],[13.009117958411498,47.817006853166419],[13.009207789939909,47.817141598915768],[13.009791692179663,47.816647528051092],[13.009612030021135,47.816467866068962],[13.009477282728517,47.816557697137732],[13.009522197594427,47.816647528051092],[13.009387452098435,47.816602613217071],[13.009297620570024,47.816692444052713],[13.008938296253003,47.817006853166419]],[[13.00637810937136,47.798950798013927],[13.006333193607153,47.799265207135633],[13.006467940001441,47.799355037791351],[13.006467940001441,47.799759278044057],[13.007231505298018,47.799669446880408],[13.007006927375285,47.798816050923641],[13.006872180082667,47.798816050923641],[13.00637810937136,47.798950798013927]]],[[[13.045679223388536,47.781433730243329],[13.046128379233968,47.781927801082809],[13.046218209864049,47.781927801082809],[13.046218209864049,47.782017632133908],[13.046352957156667,47.781972716929587],[13.046487702652659,47.782332041099444],[13.046442787786782,47.782511704063872],[13.046847027868008,47.782556618802516],[13.04716143731912,47.782466788079162],[13.047116520656617,47.782960858758329],[13.047386014343523,47.783275268055228],[13.047206352185029,47.783949001119474],[13.047430930107728,47.784443072801139],[13.047790255323045,47.784398157278041],[13.048104662977563,47.784128663927874],[13.048239410270181,47.783544761000861],[13.048419072428674,47.783410015004485],[13.048508903058789,47.783095605918938],[13.048688566115613,47.783005774919772],[13.048868228274106,47.782736280990783],[13.048823311611605,47.782601534709606],[13.048958058904221,47.782466788079162],[13.049002974668428,47.782242209988013],[13.049092806196839,47.782152378721364],[13.049362298985448,47.782152378721364],[13.049631791774022,47.782332041099444],[13.05003603185525,47.782376957200583],[13.05003603185525,47.782511704063872],[13.050170779147866,47.782511704063872],[13.050260609777983,47.782646449974266],[13.050260609777983,47.78287102812989],[13.050350441306394,47.782960858758329],[13.050485187700682,47.782960858758329],[13.050619934993298,47.78278119674264],[13.05075468138762,47.782826111852067],[13.050709765623415,47.782736280990783],[13.050844512916031,47.782601534709606],[13.05169790794436,47.782601534709606],[13.05169790794436,47.782915943765325],[13.05192248586706,47.783230352126701],[13.052281810184079,47.783050689835164],[13.052326725948285,47.782691365803743],[13.053135206110738,47.78278119674264],[13.053090290346532,47.783230352126701],[13.053180121874943,47.78314052075671],[13.053449614663553,47.783185436762921],[13.053494530427757,47.783410015004485],[13.05371910835049,47.783679507855126],[13.054123348431684,47.783589677261368],[13.05430301059021,47.783724423999232],[13.05430301059021,47.783859169784201],[13.054392842118622,47.783814254963751],[13.054707250671436,47.784083748133099],[13.054707250671436,47.784982059069314],[13.05502165922425,47.785296468213083],[13.055156405618538,47.785296468213083],[13.055380984439568,47.785026975295082],[13.056234380366227,47.784802396796131],[13.056324210996308,47.784622735109096],[13.056503873154835,47.784577819137631],[13.056728451077534,47.784308326115351],[13.057042859630348,47.784128663927874],[13.057312353317288,47.784128663927874],[13.057447099711574,47.783949001119474],[13.058031001951328,47.783949001119474],[13.058390326268315,47.783814254963751],[13.05843524203252,47.783904085773031],[13.059198806430768,47.783949001119474],[13.059019144272273,47.784577819137631],[13.059827624434726,47.784982059069314],[13.059872540198933,47.785341384167168],[13.060142032987541,47.785790539158967],[13.060636103698849,47.785835455289707],[13.060725935227261,47.785206636792076],[13.060905598284085,47.785206636792076],[13.061175091072693,47.785431214751718],[13.061130175308486,47.785521045784606],[13.061264921702776,47.78547612998576],[13.061399668995394,47.785655792948234],[13.06180390907662,47.78547612998576],[13.06180390907662,47.786194778713224],[13.064094602271359,47.786104948241103],[13.064364095958265,47.786374442209542],[13.064274265328184,47.78668885077758],[13.064364095958265,47.786823596724545],[13.064588672982667,47.787048174940828],[13.065127660356511,47.787138006197075],[13.065217490986592,47.787272752790301],[13.065531900437737,47.787138006197075],[13.065891224754758,47.787227837298055],[13.065936139620632,47.787093091191913],[13.066250549071778,47.786913427765342],[13.066205634205868,47.786778682051271],[13.066025971149045,47.786778682051271],[13.066025971149045,47.78628461023721],[13.06634037970186,47.78628461023721],[13.066430211230271,47.786374442209542],[13.066879367075703,47.786329525941021],[13.067148859864311,47.786554103877727],[13.067103944998403,47.786643934780749],[13.067238691392724,47.786599018745065],[13.067418353551217,47.786778682051271],[13.067418353551217,47.786913427765342],[13.067238691392724,47.787138006197075],[13.067463269315423,47.787272752790301],[13.067418353551217,47.787407499034209],[13.067508185079628,47.78736258426197],[13.067777677868238,47.787632077141829],[13.067777677868238,47.787766824264892],[13.067598015709743,47.788036316859397],[13.067463269315423,47.788036316859397],[13.067508185079628,47.788126148218502],[13.067283607156929,47.788350726238654],[13.067148859864311,47.788305811074395],[13.067059029234196,47.788126148218502],[13.066520042758683,47.788126148218502],[13.066520042758683,47.788485472705673],[13.067059029234196,47.789114290766953],[13.067418353551217,47.78929395322475],[13.067957340026764,47.78929395322475],[13.068271748579578,47.788934628291642],[13.068137003083589,47.788530387714665],[13.068047171555175,47.788485472705673],[13.068047171555175,47.788171064141594],[13.068406495872196,47.788036316859397],[13.068496327400608,47.787856654882596],[13.068810735953422,47.788081232860122],[13.068765820189217,47.788171064141594],[13.068900566583503,47.788126148218502],[13.069035313876121,47.788260895267747],[13.06925989179882,47.787946485948652],[13.069888708904449,47.787856654882596],[13.069888708904449,47.788081232860122],[13.070113286827182,47.788081232860122],[13.070203118355595,47.788171064141594],[13.070158202591388,47.788260895267747],[13.070292948985676,47.788260895267747],[13.070562442672614,47.78862022003046],[13.071460754363445,47.787901571038581],[13.071640415623643,47.787901571038581],[13.071954825074787,47.788215980025861],[13.071909910208877,47.788305811074395],[13.072044655704868,47.788260895267747],[13.07213448723328,47.788485472705673],[13.072179402997486,47.789069375055462],[13.071999740838992,47.78929395322475],[13.071954825074787,47.78951853102717],[13.072179402997486,47.789743109066201],[13.072403980920219,47.789743109066201],[13.072628558842919,47.789967686134801],[13.072538727314507,47.791270237894985],[13.072403980920219,47.791225322236194],[13.072269233627601,47.791000743963387],[13.071909910208877,47.790910912744671],[13.071685332286178,47.790686334923734],[13.071730247152054,47.790596503765087],[13.071595500757766,47.790641419967358],[13.071415837700943,47.790416842188925],[13.070921766989635,47.790910912744671],[13.070921766989635,47.791090575026836],[13.071505670127651,47.791629561767898],[13.07155058499356,47.791854139737318],[13.072269233627601,47.791764308786703],[13.072583643078712,47.791854139737318],[13.073077713790054,47.792393125801169],[13.073167545318466,47.792393125801169],[13.073167545318466,47.792527873254173],[13.073257375948547,47.792482958078828],[13.073347206578628,47.792617704091867],[13.073481953871246,47.792572788994164],[13.073481953871246,47.793066860175685],[13.073751446659854,47.793066860175685],[13.073661616029773,47.793336353048794],[13.073706531793979,47.79374059305718],[13.074335349797904,47.793875340033651],[13.074335349797904,47.793965170955985],[13.073976024582587,47.794279580073542],[13.07402094124509,47.794459242175741],[13.073886193952472,47.794549073295649],[13.073886193952472,47.794728736276539],[13.073661616029773,47.795043143791389],[13.073526869635453,47.79508805977126],[13.072493812448631,47.79477365071773],[13.072179402997486,47.79508805977126],[13.072403980920219,47.795627047294268],[13.07213448723328,47.796255865240681],[13.071505670127651,47.796525357868461],[13.071191260676541,47.796390611125794],[13.070966682753841,47.796615189037183],[13.070876852123726,47.796656021280434],[13.070876852123726,47.796570273170488],[13.070337864749881,47.796076202108829],[13.070337864749881,47.79598637121515],[13.070203118355595,47.79598637121515],[13.0702480341198,47.795896540166126],[13.070158202591388,47.795806708961841],[13.0702480341198,47.79567196216594],[13.070113286827182,47.795537216227558],[13.070023456197067,47.795582131176872],[13.070023456197067,47.795447383798574],[13.069933624668655,47.795447383798574],[13.06952938458743,47.794998228979665],[13.069349723327234,47.794998228979665],[13.069349723327234,47.79508805977126],[13.068137003083589,47.79508805977126],[13.068137003083589,47.794953312922132],[13.068496327400608,47.794683819986069],[13.06894548324604,47.794683819986069],[13.06925989179882,47.794863481897586],[13.069439553957348,47.794863481897586],[13.069664131880048,47.794504158056853],[13.070023456197067,47.794324496109901],[13.070158202591388,47.794099917953602],[13.069664131880048,47.793605846938306],[13.06952938458743,47.793650761746576],[13.069574301249967,47.793560930884176],[13.069394638193142,47.793381269297043],[13.069035313876121,47.793381269297043],[13.068675988660804,47.792887198087335],[13.068541243164814,47.792842282015542],[13.068316665242081,47.793066860175685],[13.06836158010799,47.793156691288672],[13.06822683371367,47.793111774846345],[13.068271748579578,47.792932112913292],[13.068451411636403,47.792797367111987],[13.068406495872196,47.792662619754267],[13.068181917949463,47.792527873254173],[13.06836158010799,47.792348211112881],[13.068316665242081,47.792213463797538],[13.068406495872196,47.792258379809276],[13.068406495872196,47.792123632864524],[13.068316665242081,47.79216854895391],[13.068316665242081,47.791719392951443],[13.068675988660804,47.791539731032557],[13.068675988660804,47.791404984034941],[13.068496327400608,47.791180405935044],[13.068406495872196,47.791225322236194],[13.068451411636403,47.791090575026836],[13.068002255790971,47.790641419967358],[13.066699704917211,47.791360069096129],[13.06634037970186,47.791000743963387],[13.06634037970186,47.790776165927156],[13.066250549071778,47.790686334923734],[13.065801394124643,47.790731251048378],[13.065846308990551,47.790821081974151],[13.065711561697933,47.790776165927156],[13.065621731067818,47.790910912744671],[13.065262406750799,47.790910912744671],[13.065217490986592,47.790686334923734],[13.065397154043415,47.79055158873102],[13.06535223827921,47.790416842188925],[13.065442068909325,47.790192264043576],[13.065307321616707,47.790192264043576],[13.06535223827921,47.790057517173338],[13.065217490986592,47.790147349263684],[13.065262406750799,47.790012602277045],[13.065172576120716,47.789922771160867],[13.064903082433778,47.790012602277045],[13.064947998197983,47.790147349263684],[13.064498842352585,47.790192264043576],[13.064319180194058,47.78987785494099],[13.06418443290144,47.789922771160867],[13.064229348665647,47.789832939889372],[13.064139518035566,47.789743109066201],[13.063914940112832,47.78969819329464],[13.063555615795812,47.790057517173338],[13.063375952738989,47.790102433237948],[13.063286122108906,47.789922771160867],[13.063196290580494,47.789922771160867],[13.063241207242998,47.789788024195452],[13.062702219869154,47.789788024195452],[13.062702219869154,47.789608362238518],[13.062477641946455,47.789249037065012],[13.062387811316372,47.789159205836093],[13.062028486999353,47.789249037065012],[13.061624246918125,47.788710050983866],[13.061040343780075,47.788665134923008],[13.060636103698849,47.78875496579878],[13.060546273068734,47.788665134923008],[13.060142032987541,47.788665134923008],[13.059917455064808,47.788889713028439],[13.059513214983582,47.789024459908696],[13.059153890666561,47.789024459908696],[13.058884397877954,47.788844797122849],[13.05879456634954,47.788844797122849],[13.05879456634954,47.788934628291642],[13.058300494739903,47.788889713028439],[13.058165749243946,47.789024459908696],[13.058031001951328,47.789383784220767],[13.058390326268315,47.790012602277045],[13.057536931239987,47.791315152911437],[13.056683535313327,47.791045659816284],[13.055785223622497,47.791000743963387],[13.056099633073609,47.790282095297471],[13.056324210996308,47.78929395322475],[13.056773365943442,47.789383784220767],[13.057222521788875,47.789338868138614],[13.057222521788875,47.787721907992463],[13.056997943866142,47.787766824264892],[13.056638620447453,47.78736258426197],[13.056548788020709,47.787407499034209],[13.056593703784916,47.787272752790301],[13.056414041626423,47.787093091191913],[13.056279295232102,47.787093091191913],[13.056099633073609,47.787272752790301],[13.056144547939484,47.78736258426197],[13.056009802443528,47.787317668243738],[13.05587505515091,47.787497330876569],[13.055380984439568,47.787452414974815],[13.055066574988457,47.787542246135928],[13.054617419143025,47.788575303891974],[13.054347926354417,47.78987785494099],[13.054123348431684,47.790147349263684],[13.053494530427757,47.78987785494099],[13.053584361956171,47.789024459908696],[13.053314868269265,47.788395641967661],[13.052865713322129,47.788260895267747],[13.052910628188039,47.788171064141594],[13.052686050265306,47.787676992888315],[13.052596218736893,47.787587161960097],[13.051787738574442,47.787497330876569],[13.051158920570515,47.786913427765342],[13.05133858362734,47.786778682051271],[13.05133858362734,47.785925286227581],[13.050844512916031,47.786060032946828],[13.050664849859208,47.785790539158967],[13.050575019229093,47.785790539158967],[13.050619934993298,47.785700707988234],[13.04976653906664,47.785700707988234],[13.049631791774022,47.785835455289707],[13.048958058904221,47.785970202241842],[13.048868228274106,47.786104948241103],[13.048778396745695,47.785925286227581],[13.048688566115613,47.785925286227581],[13.048688566115613,47.786149864100153],[13.048778396745695,47.786104948241103],[13.048913143140016,47.786419357232127],[13.048688566115613,47.786599018745065],[13.048419072428674,47.786509187764459],[13.047925000819037,47.786554103877727],[13.04788008595316,47.786329525941021],[13.047969916583241,47.786149864100153],[13.048239410270181,47.786104948241103],[13.048239410270181,47.786015117010152],[13.048374156664469,47.786060032946828],[13.048374156664469,47.785610877265839],[13.048239410270181,47.785655792948234],[13.048104662977563,47.78547612998576],[13.047969916583241,47.785521045784606],[13.047790255323045,47.785341384167168],[13.047655508030427,47.785386298875252],[13.047700422896337,47.785565962148219],[13.047610592266222,47.785565962148219],[13.047565677400346,47.785700707988234],[13.047251267949235,47.785880370174468],[13.046757197237895,47.785880370174468],[13.04671228057539,47.785790539158967],[13.046532619315194,47.785925286227581],[13.046173294099844,47.785880370174468],[13.046173294099844,47.786329525941021],[13.045903801311235,47.786329525941021],[13.045454644567506,47.786149864100153],[13.045364813937391,47.785970202241842],[13.045409729701598,47.785835455289707],[13.044960573856198,47.785431214751718],[13.043613108116528,47.785521045784606],[13.043568192352321,47.785610877265839],[13.043792770275022,47.78628461023721],[13.043568192352321,47.786509187764459],[13.043388530193795,47.787048174940828],[13.042265640580231,47.787093091191913],[13.04217580995015,47.786149864100153],[13.040424103230958,47.786060032946828],[13.040334271702546,47.786194778713224],[13.04087325817806,47.784892227708539],[13.040738511783772,47.783993917030685],[13.040424103230958,47.783904085773031],[13.040513933861039,47.782421872055643],[13.040693596019565,47.782511704063872],[13.040738511783772,47.782646449974266],[13.04217580995015,47.782646449974266],[13.042265640580231,47.78278119674264],[13.042445302738757,47.782736280990783],[13.042804627055778,47.783185436762921],[13.04334361442959,47.783320183945008],[13.043613108116528,47.783050689835164],[13.044376671616444,47.78278119674264],[13.04455633377497,47.782556618802516],[13.044601250437475,47.782197294977721],[13.045274983307309,47.781972716929587],[13.04549956123001,47.781478645913381],[13.045679223388536,47.781433730243329]],[[13.052686050265306,47.783320183945008],[13.052730966029511,47.783814254963751],[13.052820796659626,47.783769338897301],[13.052820796659626,47.783230352126701],[13.052686050265306,47.783320183945008]]],[[[13.073347206578628,47.796031286983116],[13.073706531793979,47.796345696271906],[13.073796363322391,47.796929597810028],[13.074245519167823,47.797019428883338],[13.074245519167823,47.797199091167521],[13.07464975924905,47.797513500027733],[13.074694674114925,47.797693161810408],[13.075413322748965,47.797558416285945],[13.075503154277378,47.797648246875532],[13.075458239411502,47.797738077913259],[13.075592984907461,47.797738077913259],[13.075592984907461,47.797917740126223],[13.075143829960357,47.798142318074817],[13.075009082667739,47.79827706510212],[13.074964167801864,47.798501642100995],[13.07536840788309,47.798771135752645],[13.075862478594397,47.798860967262641],[13.075862478594397,47.799310123086322],[13.075413322748965,47.79922029114605],[13.075009082667739,47.799265207135633],[13.074874336273451,47.799399954267827],[13.075143829960357,47.799624531240319],[13.07536840788309,47.799669446880408],[13.075548070041583,47.799983855876981],[13.075682816435872,47.799938939905324],[13.075637900671666,47.800388096064246],[13.075188744826265,47.800253349081252],[13.075188744826265,47.800522843301167],[13.074919252037658,47.800702504935565],[13.074829421407543,47.800927082915031],[13.074155686741081,47.800882167155436],[13.073931109716678,47.801106744961658],[13.073931109716678,47.801241492144804],[13.074335349797904,47.801555900075172],[13.074515011956432,47.80142115370753],[13.074604842586513,47.801466069001115],[13.074559927720637,47.801331323003829],[13.074874336273451,47.801061828753987],[13.075233660590472,47.801331323003829],[13.075188744826265,47.801466069001115],[13.075278576354679,47.80142115370753],[13.075503154277378,47.801645732200754],[13.075413322748965,47.801870309119685],[13.075637900671666,47.802005056132536],[13.075637900671666,47.802139802795885],[13.075817562830192,47.802139802795885],[13.075817562830192,47.802633874122598],[13.076131972281305,47.802723704987471],[13.076087057415428,47.803262691741537],[13.076356550204036,47.803217776191168],[13.076356550204036,47.803307607253103],[13.076446380834119,47.803262691741537],[13.07653621236253,47.803352522725788],[13.076626042992645,47.803666931757391],[13.07653621236253,47.803756763249325],[13.076760790285263,47.803936425163755],[13.076715873622728,47.804071172247703],[13.076940452443758,47.804340664763629],[13.077165030366489,47.803936425163755],[13.077569270447714,47.803891510195939],[13.077569270447714,47.804071172247703],[13.077883679000497,47.80411608706018],[13.078063341159023,47.803936425163755],[13.07810825692323,47.803666931757391],[13.078243003317517,47.803666931757391],[13.078557411870332,47.803981341299497],[13.078512497004455,47.80411608706018],[13.078602327634536,47.804071172247703],[13.078781989793065,47.804295750145293],[13.07869215916295,47.804520327071984],[13.078916737085683,47.804655073847989],[13.078916737085683,47.804789820877815],[13.079006567715764,47.804744904837825],[13.079635385719723,47.805418638946506],[13.079859962744091,47.805418638946506],[13.080039625800916,47.805553385202295],[13.079859962744091,47.805822879078583],[13.079904879406628,47.805957624889032],[13.0794557226629,47.806137287034858],[13.079006567715764,47.806631358954903],[13.07869215916295,47.806721190146945],[13.07846758124025,47.807080513964841],[13.078198087553311,47.80703559869896],[13.078198087553311,47.807125429795214],[13.07810825692323,47.807125429795214],[13.078153171789106,47.806990682790904],[13.077883679000497,47.806676273966993],[13.077344691626685,47.806676273966993],[13.077165030366489,47.806766105081358],[13.076940452443758,47.806990682790904],[13.076850620915344,47.807260175846615],[13.07653621236253,47.807394922755137],[13.076715873622728,47.807799163193138],[13.076446380834119,47.808427981029674],[13.075817562830192,47.808697473867561],[13.075413322748965,47.808697473867561],[13.075637900671666,47.808652558793376],[13.075637900671666,47.807394922755137],[13.075503154277378,47.807394922755137],[13.07536840788309,47.807215260736108],[13.075278576354679,47.807260175846615],[13.075323492118883,47.807125429795214],[13.075009082667739,47.80681102118362],[13.074739589879131,47.806900852064949],[13.074470096192226,47.806496611875481],[13.074290434033699,47.806541527004136],[13.074200603403618,47.806406780898378],[13.073931109716678,47.806406780898378],[13.073976024582587,47.806182203077555],[13.073841279086597,47.805912709858852],[13.073751446659854,47.805912709858852],[13.073796363322391,47.805508469822527],[13.073661616029773,47.805553385202295],[13.073706531793979,47.805912709858852],[13.073571785399658,47.805912709858852],[13.073616701163864,47.805598301146553],[13.073347206578628,47.805598301146553],[13.073347206578628,47.805463553800593],[13.073032798924144,47.80523897612504],[13.073122629554259,47.805014398081866],[13.072853135867321,47.804744904837825],[13.072673473708827,47.804789820877815],[13.072448895786094,47.804520327071984],[13.072089572367405,47.804475412005679],[13.071954825074787,47.804026256189637],[13.072089572367405,47.803891510195939],[13.072044655704868,47.803487268910843],[13.07155058499356,47.803532184831575],[13.071460754363445,47.803442354158044],[13.070787020595313,47.803442354158044],[13.070697189066902,47.803577100713468],[13.070427696278294,47.803532184831575],[13.070113286827182,47.803172861205361],[13.069978541331192,47.802633874122598],[13.069798878274367,47.802544043102394],[13.069798878274367,47.802094886878031],[13.069349723327234,47.802094886878031],[13.06925989179882,47.801645732200754],[13.068990398111916,47.801690647300177],[13.068855651717628,47.801331323003829],[13.068631073794895,47.801196576053684],[13.068631073794895,47.801106744961658],[13.06894548324604,47.800792336123166],[13.069125145404534,47.80074742024707],[13.06930480666473,47.800477927192077],[13.069753963408459,47.800477927192077],[13.069753963408459,47.800343179838649],[13.069843794038574,47.800388096064246],[13.069888708904449,47.800298264781077],[13.070113286827182,47.800388096064246],[13.070113286827182,47.800073687100408],[13.0702480341198,47.800028771206421],[13.0702480341198,47.799714363085059],[13.069439553957348,47.799669446880408],[13.069349723327234,47.799355037791351],[13.069484468823223,47.799355037791351],[13.069619216115841,47.79922029114605],[13.0702480341198,47.799310123086322],[13.070292948985676,47.798995714236447],[13.070427696278294,47.798995714236447],[13.070472612042499,47.798726219939368],[13.071281092204952,47.798726219939368],[13.071281092204952,47.798007571301461],[13.070742104831108,47.798007571301461],[13.070742104831108,47.796884682215087],[13.070599730841733,47.796837224231375],[13.07271839037133,47.796794850908817],[13.072942967395733,47.79621094906333],[13.073347206578628,47.796031286983116]],[[13.072493812448631,47.800388096064246],[13.072628558842919,47.800343179838649],[13.072987883159939,47.800702504935565],[13.073032798924144,47.800388096064246],[13.07271839037133,47.800118602955571],[13.072538727314507,47.800208433945969],[13.072493812448631,47.800388096064246]]],[[[13.061309838365311,47.821004336822725],[13.061848823942528,47.821543323874081],[13.06180390907662,47.821633155208936],[13.061938656369238,47.821633155208936],[13.061983571235146,47.821812816809171],[13.062253064023754,47.821857733167619],[13.062208149157845,47.821947563958467],[13.06229797978796,47.821947563958467],[13.06229797978796,47.822082310757949],[13.062118317629434,47.822261973216371],[13.062387811316372,47.822486550867374],[13.06229797978796,47.82262129807733],[13.06216323339364,47.82262129807733],[13.062208149157845,47.822711128753156],[13.062118317629434,47.822756043731189],[13.061983571235146,47.822711128753156],[13.062028486999353,47.822576381776379],[13.0614445838613,47.822711128753156],[13.06108526044258,47.823205199818304],[13.060905598284085,47.823384862009398],[13.060770850991467,47.823384862009398],[13.060501358202858,47.82369927100617],[13.060097118121632,47.824687413146421],[13.060321695146035,47.825271315168976],[13.06036661091024,47.826528950718142],[13.060456442438653,47.826618781869044],[13.060950513149962,47.826394204001893],[13.061130175308486,47.826214541973606],[13.061175091072693,47.825989964166773],[13.061309838365311,47.825989964166773],[13.061309838365311,47.825855217860628],[13.061489499625507,47.825855217860628],[13.061848823942528,47.826034879926461],[13.06229797978796,47.826573867217704],[13.063061544186173,47.826573867217704],[13.063106459950379,47.826753529208474],[13.063375952738989,47.827023022234805],[13.063645447324223,47.827157769127936],[13.063645447324223,47.827517093270117],[13.063914940112832,47.827517093270117],[13.063914940112832,47.827606925123149],[13.063780192820214,47.827696756217648],[13.063825108584419,47.827831501964745],[13.062971712657761,47.827696756217648],[13.062792051397565,47.827831501964745],[13.062747135633359,47.828011165030091],[13.062612389239073,47.828011165030091],[13.062387811316372,47.827831501964745],[13.062073401865227,47.827831501964745],[13.061848823942528,47.828011165030091],[13.061938656369238,47.82832557314412],[13.062073401865227,47.828460320274147],[13.062253064023754,47.828415404804034],[13.06216323339364,47.828550151097744],[13.062208149157845,47.829448462240762],[13.061983571235146,47.829448462240762],[13.061893739706735,47.829628125136487],[13.061534415389714,47.829673040160117],[13.0614445838613,47.829762871297014],[13.060905598284085,47.829717955748002],[13.060681020361352,47.830167111297925],[13.060456442438653,47.830346774118077],[13.060052202357426,47.830436605294871],[13.059962370829014,47.830706097892424],[13.060142032987541,47.830751013792344],[13.060052202357426,47.830885760052759],[13.060186948751747,47.830885760052759],[13.060142032987541,47.831020507169399],[13.060231863617622,47.831020507169399],[13.060231863617622,47.831155253936217],[13.060142032987541,47.831200168844333],[13.060276780280159,47.831245084919701],[13.060321695146035,47.831424747023242],[13.060097118121632,47.831379831103362],[13.060097118121632,47.831245084919701],[13.060007285694923,47.831289999750062],[13.060097118121632,47.831155253936217],[13.060007285694923,47.831155253936217],[13.060007285694923,47.830840844872483],[13.059827624434726,47.830840844872483],[13.059872540198933,47.830661183159727],[13.059737792906315,47.830706097892424],[13.059019144272273,47.830436605294871],[13.05843524203252,47.82998744906196],[13.057267436654751,47.82998744906196],[13.056997943866142,47.829807786807123],[13.05690811323606,47.829628125136487],[13.056863196573525,47.829717955748002],[13.057042859630348,47.830122196098813],[13.056863196573525,47.830391689122841],[13.056818281707649,47.830661183159727],[13.05690811323606,47.830616267182066],[13.056997943866142,47.830795929050318],[13.056818281707649,47.830885760052759],[13.05690811323606,47.830930675797177],[13.05690811323606,47.831065422797202],[13.056773365943442,47.831110337783102],[13.056863196573525,47.831155253936217],[13.056773365943442,47.831289999750062],[13.056863196573525,47.831289999750062],[13.056863196573525,47.831379831103362],[13.056773365943442,47.831424747023242],[13.056997943866142,47.831559493946536],[13.05717760602467,47.831873902877689],[13.057581846105895,47.832233226933198],[13.057581846105895,47.832412889234028],[13.056683535313327,47.832367974169415],[13.056638620447453,47.832637466989134],[13.056279295232102,47.832637466989134],[13.056414041626423,47.83205356521642],[13.055830140285,47.831963733823294],[13.056324210996308,47.831424747023242],[13.056458957390628,47.831424747023242],[13.056369125862217,47.831379831103362],[13.056458957390628,47.831245084919701],[13.056369125862217,47.831245084919701],[13.056369125862217,47.831155253936217],[13.056458957390628,47.831110337783102],[13.056369125862217,47.831110337783102],[13.056324210996308,47.830975590899655],[13.056458957390628,47.830930675797177],[13.056369125862217,47.830706097892424],[13.056503873154835,47.830706097892424],[13.056503873154835,47.830526435713146],[13.056324210996308,47.8302120270613],[13.056593703784916,47.829897617710742],[13.056593703784916,47.829762871297014],[13.056458957390628,47.829807786807123],[13.056369125862217,47.82998744906196],[13.056054717309403,47.830122196098813],[13.054213179061799,47.830122196098813],[13.053808938980572,47.830301857868292],[13.053584361956171,47.830571351165524],[13.053359784033471,47.830661183159727],[13.048913143140016,47.830661183159727],[13.047290093135786,47.830463249829577],[13.047251267949235,47.830346774118077],[13.047386014343523,47.830256942785752],[13.047386014343523,47.829942533707353],[13.047700422896337,47.829583208867767],[13.047610592266222,47.829223885158825],[13.04788008595316,47.828639981765903],[13.047610592266222,47.828011165030091],[13.04729618281511,47.827921333273608],[13.047206352185029,47.827741671103468],[13.048104662977563,47.827651840086752],[13.049002974668428,47.827292516274319],[13.04922755169283,47.827067937703696],[13.049811454830847,47.827067937703696],[13.050530104363217,47.82738234670677],[13.051293667863133,47.827472178189915],[13.05169790794436,47.828550151097744],[13.051473330021661,47.828999307105107],[13.051473330021661,47.829313715866995],[13.051742823708565,47.829807786807123],[13.05237164171249,47.82998744906196],[13.052730966029511,47.82998744906196],[13.052775881793718,47.829134054295217],[13.05300045881812,47.829448462240762],[13.053404698899346,47.829448462240762],[13.053404698899346,47.82926879992926],[13.053494530427757,47.829223885158825],[13.053449614663553,47.829044222069889],[13.053808938980572,47.828909475852782],[13.053808938980572,47.82877472928579],[13.053674192586286,47.82877472928579],[13.05371910835049,47.828684898247801],[13.053629276822079,47.828639981765903],[13.053629276822079,47.827921333273608],[13.053314868269265,47.827966249171283],[13.052910628188039,47.826753529208474],[13.053090290346532,47.826753529208474],[13.053584361956171,47.827831501964745],[13.054707250671436,47.828280658160502],[13.055201322281075,47.828819645048021],[13.055336067777064,47.829178969143392],[13.056279295232102,47.828999307105107],[13.056369125862217,47.828909475852782],[13.056324210996308,47.82877472928579],[13.056414041626423,47.828819645048021],[13.056458957390628,47.828729814087772],[13.056414041626423,47.82859506705433],[13.056503873154835,47.828639981765903],[13.056683535313327,47.828460320274147],[13.056683535313327,47.82832557314412],[13.056953029000267,47.828370489295061],[13.056997943866142,47.828460320274147],[13.057536931239987,47.828460320274147],[13.057402183947369,47.828145911167134],[13.057402183947369,47.827966249171283],[13.057492014577484,47.827921333273608],[13.05776150916272,47.827966249171283],[13.05776150916272,47.828056080246974],[13.057851339792801,47.828056080246974],[13.057806424028595,47.828145911167134],[13.05789625465871,47.828056080246974],[13.058255579874027,47.828056080246974],[13.058255579874027,47.827651840086752],[13.057402183947369,47.82738234670677],[13.057267436654751,47.827247599793601],[13.057312353317288,47.827067937703696],[13.057536931239987,47.826843359970646],[13.057806424028595,47.826753529208474],[13.05776150916272,47.826888276198126],[13.05789625465871,47.826888276198126],[13.057851339792801,47.826753529208474],[13.057986086187123,47.826753529208474],[13.057986086187123,47.826663698290822],[13.057851339792801,47.826708612864429],[13.057806424028595,47.826169626972458],[13.05848015689843,47.826034879926461],[13.058614904191048,47.825855217860628],[13.058974229406365,47.825945048971306],[13.059243722194973,47.825900133133828],[13.059243722194973,47.825226399954765],[13.059108974902355,47.825136568806577],[13.05906406003648,47.824597582271736],[13.058929312743862,47.824597582271736],[13.058974229406365,47.824507751241597],[13.058839482113747,47.824417920056028],[13.058749650585336,47.824462834763573],[13.058749650585336,47.824328088714964],[13.058659819955253,47.824283173287732],[13.058345411402438,47.824283173287732],[13.058031001951328,47.823968764208736],[13.057941171321213,47.823609440230847],[13.058255579874027,47.823384862009398],[13.05848015689843,47.823339945765959],[13.058884397877954,47.822890790844738],[13.059558130747787,47.82253146603972],[13.059872540198933,47.822172141763296],[13.060501358202858,47.821767902221382],[13.060770850991467,47.821183999995995],[13.060815766755672,47.821273830746307],[13.061040343780075,47.821049253277508],[13.061309838365311,47.821004336822725]],[[13.056548788020709,47.830930675797177],[13.056773365943442,47.830930675797177],[13.056683535313327,47.830885760052759],[13.056548788020709,47.830930675797177]],[[13.056638620447453,47.831289999750062],[13.056728451077534,47.831245084919701],[13.056638620447453,47.831245084919701],[13.056638620447453,47.831155253936217],[13.056728451077534,47.831110337783102],[13.056593703784916,47.831065422797202],[13.056503873154835,47.831155253936217],[13.056593703784916,47.831155253936217],[13.056593703784916,47.831245084919701],[13.056503873154835,47.831289999750062],[13.056593703784916,47.831289999750062],[13.056593703784916,47.831379831103362],[13.056503873154835,47.831424747023242],[13.056638620447453,47.831469662904233],[13.056728451077534,47.831424747023242],[13.056683535313327,47.831379831103362],[13.056638620447453,47.831289999750062]]],[[[13.063825108584419,47.816827190014742],[13.064364095958265,47.817456007722491],[13.064543758116791,47.817411092984621],[13.064543758116791,47.817590754719056],[13.064678505409409,47.817545838891306],[13.064813250905367,47.817635671111127],[13.064723420275284,47.817950078735649],[13.064813250905367,47.818039910859234],[13.064903082433778,47.817994994816878],[13.064858166669572,47.81812974222423],[13.065666646832025,47.817905163821962],[13.065891224754758,47.81750092423114],[13.066205634205868,47.817815333274851],[13.066385296364395,47.817770417038204],[13.066385296364395,47.817860248266243],[13.066654789153004,47.818039910859234],[13.06692428283991,47.817905163821962],[13.067193775628517,47.817950078735649],[13.067508185079628,47.817680586257943],[13.067508185079628,47.817545838891306],[13.067598015709743,47.817590754719056],[13.067777677868238,47.817366177001489],[13.067957340026764,47.817456007722491],[13.06822683371367,47.817231430025323],[13.068181917949463,47.817096683905916],[13.068271748579578,47.817141598915768],[13.06836158010799,47.817006853166419],[13.068675988660804,47.817096683905916],[13.068900566583503,47.81750092423114],[13.06925989179882,47.817231430025323],[13.069394638193142,47.81727634612502],[13.069484468823223,47.817141598915768],[13.069619216115841,47.817231430025323],[13.069843794038574,47.817141598915768],[13.069843794038574,47.817321262185907],[13.069978541331192,47.817411092984621],[13.069978541331192,47.817770417038204],[13.070427696278294,47.817950078735649],[13.070697189066902,47.817950078735649],[13.070921766989635,47.817680586257943],[13.071146344912334,47.817680586257943],[13.071729361413183,47.817052721942893],[13.072314150290104,47.817770417038204],[13.072628558842919,47.817635669904689],[13.073257375948547,47.817770417038204],[13.074604842586513,47.81817465694364],[13.075817562830192,47.818668727753348],[13.075503154277378,47.819028052754341],[13.075503154277378,47.81920771492544],[13.07536840788309,47.819387377078016],[13.075278576354679,47.819387377078016],[13.075323492118883,47.819567039815269],[13.075233660590472,47.819656870950745],[13.075323492118883,47.819791617060865],[13.075143829960357,47.819971280208762],[13.075188744826265,47.82010602610611],[13.074919252037658,47.820150942131711],[13.074380264663814,47.819926364027715],[13.074335349797904,47.820061111247981],[13.074245519167823,47.820061111247981],[13.074290434033699,47.82024077286006],[13.074155686741081,47.820375519867468],[13.07402094124509,47.820375519867468],[13.073841279086597,47.820195856912122],[13.073886193952472,47.820061111247981],[13.073706531793979,47.820016195144603],[13.073347206578628,47.820285688165939],[13.073032798924144,47.820330604036116],[13.07276330523724,47.820555182201019],[13.072538727314507,47.820330604036116],[13.072583643078712,47.82024077286006],[13.072448895786094,47.820285688165939],[13.072448895786094,47.820016195144603],[13.072538727314507,47.819971280208762],[13.072493812448631,47.819611955100832],[13.072403980920219,47.819522123887644],[13.072179402997486,47.819522123887644],[13.071864994444672,47.819971280208762],[13.071820077782169,47.820555182201019],[13.071146344912334,47.82064501283309],[13.07083193635952,47.820959422138586],[13.070787020595313,47.821228915089016],[13.0702480341198,47.821228915089016],[13.070113286827182,47.820869590844232],[13.070068371961273,47.821049253277508],[13.069753963408459,47.82113908426097],[13.069619216115841,47.821004336822725],[13.069619216115841,47.82077975999762],[13.069484468823223,47.820689927789196],[13.069035313876121,47.820689927789196],[13.068765820189217,47.820869590844232],[13.068586158030689,47.82077975999762],[13.067957340026764,47.82077975999762],[13.067777677868238,47.820510265921953],[13.067642930575619,47.820555182201019],[13.067642930575619,47.820734843912859],[13.067732763002361,47.82077975999762],[13.067687847238156,47.820869590844232],[13.067822593632442,47.820824674837191],[13.067957340026764,47.821094169090244],[13.067553099945538,47.82113908426097],[13.067508185079628,47.821004336822725],[13.067014114368321,47.821004336822725],[13.066295464835983,47.820734843912859],[13.065711561697933,47.820689927789196],[13.065666646832025,47.820555182201019],[13.066025971149045,47.820195856912122],[13.06611580177916,47.82024077286006],[13.06607088691325,47.82010602610611],[13.066250549071778,47.819881447807767],[13.065891224754758,47.819477207921153],[13.065711561697933,47.819432293122219],[13.065397154043415,47.819791617060865],[13.065397154043415,47.820510265921953],[13.064813250905367,47.820600097234887],[13.06445392658838,47.820959422138586],[13.064409010824173,47.821183999995995],[13.063420869401524,47.821273830746307],[13.063465785165731,47.820824674837191],[13.063375952738989,47.820510265921953],[13.063196290580494,47.820600097234887],[13.063151375714586,47.820824674837191],[13.063286122108906,47.820959422138586],[13.063241207242998,47.821318745761609],[13.062702219869154,47.821318745761609],[13.062432727080578,47.821498409053085],[13.062253064023754,47.821498409053085],[13.06216323339364,47.821408576881886],[13.062208149157845,47.821318745761609],[13.062073401865227,47.821363661944361],[13.061534415389714,47.820824674837191],[13.061534415389714,47.82064501283309],[13.06216323339364,47.819881447807767],[13.062342895552167,47.819342462201362],[13.062657304104947,47.818938221737255],[13.064004770742947,47.816467866068962],[13.06405610317322,47.816442200020767],[13.063825108584419,47.816827190014742]]],[[[13.03027318723279,47.783454930174216],[13.030452849391283,47.783544761000861],[13.030632510651481,47.783499845908757],[13.030677427314016,47.78363459287948],[13.03099183586683,47.783679507855126],[13.03099183586683,47.784128663927874],[13.031485906578139,47.784218494797429],[13.031935062423571,47.784173579080274],[13.031755400265078,47.78448798828547],[13.031665568736665,47.78448798828547],[13.031710483602541,47.784712565728441],[13.031935062423571,47.784757480979863],[13.032294386740592,47.785251552823787],[13.032923204744517,47.78547612998576],[13.033192698431456,47.78547612998576],[13.033372359691652,47.785431214751718],[13.03373168490697,47.784937144011934],[13.03373168490697,47.784577819137631],[13.034046094358114,47.783589677261368],[13.034270671382517,47.783589677261368],[13.034405417776803,47.783949001119474],[13.034585079935297,47.784128663927874],[13.034899489386442,47.784173579080274],[13.035393560097749,47.784038832903079],[13.035438475861955,47.783499845908757],[13.035707968650563,47.783499845908757],[13.035887630809091,47.78363459287948],[13.035842715943181,47.783769338897301],[13.035932546573298,47.783724423999232],[13.036516448813016,47.784398157278041],[13.035258813703463,47.786374442209542],[13.035258813703463,47.786486731202174],[13.035168983073348,47.786464272819494],[13.034405417776803,47.786913427765342],[13.033686769142763,47.787093091191913],[13.033237613297331,47.787003259254462],[13.033192698431456,47.787901571038581],[13.033013036272928,47.787946485948652],[13.032788458350229,47.788350726238654],[13.032608796191703,47.788485472705673],[13.032474048899084,47.788440557054294],[13.032339301606466,47.787991402027004],[13.032159640346304,47.787946485948652],[13.032114724582097,47.787632077141829],[13.031800316029283,47.787227837298055],[13.031306244419646,47.786823596724545],[13.031126582261118,47.786868513169694],[13.030946920102625,47.786643934780749],[13.030812172810007,47.786643934780749],[13.030902004338419,47.787093091191913],[13.030812172810007,47.78736258426197],[13.030632510651481,47.787497330876569],[13.030183354806049,47.787497330876569],[13.02968928409474,47.78736258426197],[13.029150297619225,47.78736258426197],[13.028835889066411,47.787497330876569],[13.028746058436298,47.787901571038581],[13.028880803932287,47.788260895267747],[13.028656226009586,47.788530387714665],[13.028207071062452,47.788530387714665],[13.028431648985185,47.787856654882596],[13.027982493139753,47.787856654882596],[13.02766808368864,47.787991402027004],[13.027308760269918,47.787766824264892],[13.0271740129773,47.787946485948652],[13.026994350818807,47.787901571038581],[13.026904520188692,47.788036316859397],[13.026320617050642,47.787991402027004],[13.026320617050642,47.789069375055462],[13.026635025603456,47.788934628291642],[13.027129097213093,47.789159205836093],[13.026994350818807,47.78956344574695],[13.026724857131867,47.789743109066201],[13.026500280107465,47.789743109066201],[13.026365532814847,47.789608362238518],[13.026006209396158,47.789743109066201],[13.025467222022314,47.789653276880671],[13.025512136888223,47.789788024195452],[13.025422306258108,47.789743109066201],[13.025332474729696,47.789832939889372],[13.025377391392231,47.790102433237948],[13.025152812571202,47.790282095297471],[13.025107896806997,47.790461756735908],[13.02456891122978,47.790506673054637],[13.024254501778636,47.790776165927156],[13.024119755384348,47.790641419967358],[13.024209586014429,47.790192264043576],[13.024074838721811,47.78987785494099],[13.02398500809173,47.78987785494099],[13.024029923855936,47.78969819329464],[13.023895176563318,47.789608362238518],[13.023580768010504,47.789832939889372],[13.023535853144628,47.789608362238518],[13.022923803093757,47.789040030143227],[13.023266358559392,47.788440557054294],[13.024074838721811,47.788126148218502],[13.026185870656354,47.787901571038581],[13.025736714810922,47.786599018745065],[13.025512136888223,47.786554103877727],[13.025152812571202,47.785835455289707],[13.025152812571202,47.785655792948234],[13.024928234648469,47.785521045784606],[13.024928234648469,47.785251552823787],[13.024658741859861,47.785206636792076],[13.024658741859861,47.785071890274878],[13.025107896806997,47.785116805819428],[13.025107896806997,47.785026975295082],[13.025332474729696,47.784982059069314],[13.025422306258108,47.784577819137631],[13.025646884180841,47.78426340987221],[13.026275702184765,47.784218494797429],[13.02645536434326,47.784712565728441],[13.02659011073758,47.784667649834589],[13.026545194973375,47.785206636792076],[13.026814688660279,47.785431214751718],[13.026814688660279,47.786060032946828],[13.027398590900033,47.786599018745065],[13.027398590900033,47.786104948241103],[13.027533338192651,47.786015117010152],[13.027488422428444,47.785880370174468],[13.027623168822732,47.785880370174468],[13.027623168822732,47.786015117010152],[13.02766808368864,47.785925286227581],[13.028117240432371,47.785790539158967],[13.02789266161134,47.785521045784606],[13.027308760269918,47.785565962148219],[13.027084182347219,47.78547612998576],[13.027084182347219,47.784937144011934],[13.0271740129773,47.784847313177153],[13.027353675135826,47.784892227708539],[13.027353675135826,47.785026975295082],[13.027847745847135,47.784892227708539],[13.027802830981258,47.78435324111252],[13.027623168822732,47.783949001119474],[13.027802830981258,47.783904085773031],[13.02789266161134,47.784038832903079],[13.028296901692567,47.784173579080274],[13.028386733220978,47.784308326115351],[13.028566395379473,47.78435324111252],[13.028611311143679,47.78448798828547],[13.028790973302204,47.784532903730963],[13.028835889066411,47.784218494797429],[13.028970634562402,47.784218494797429],[13.028925719696494,47.784128663927874],[13.029105381855018,47.783993917030685],[13.029105381855018,47.783544761000861],[13.029419791306132,47.78363459287948],[13.029644369228864,47.783904085773031],[13.029913862017471,47.783949001119474],[13.030183354806049,47.783589677261368],[13.03027318723279,47.78363459287948],[13.03027318723279,47.783454930174216]]],[[[13.020796004104456,47.787407499034209],[13.021604484266909,47.787452414974815],[13.021963807685598,47.788979544119606],[13.021875904840121,47.790078337224408],[13.021829062189608,47.790057517173338],[13.021559567604372,47.790282095297471],[13.021514652738496,47.791090575026836],[13.020885834734571,47.791090575026836],[13.020840918970364,47.791719392951443],[13.020661256811838,47.791629561767898],[13.02052651041755,47.791719392951443],[13.020436678889139,47.791584645816137],[13.020301933393149,47.791629561767898],[13.020122270336325,47.791539731032557],[13.020032438807913,47.791809223979698],[13.01980786088518,47.791899054852685],[13.019628198726686,47.792393125801169],[13.019134128015379,47.792078717943305],[13.01922395864546,47.792303295178733],[13.019089212251172,47.792348211112881],[13.019044297385264,47.792572788994164],[13.018864635226771,47.792752450962546],[13.018235817222811,47.792617704091867],[13.0179214077717,47.792617704091867],[13.017786661377379,47.792707534774323],[13.017786661377379,47.793201607088704],[13.015810376735487,47.793066860175685],[13.015720546105372,47.793875340033651],[13.015900208263899,47.793785508955985],[13.016079870422393,47.793785508955985],[13.016079870422393,47.793920255212477],[13.016394278975207,47.793875340033651],[13.016484109605322,47.794459242175741],[13.015945123129775,47.794549073295649],[13.015630713678664,47.794953312922132],[13.015226473597437,47.795043143791389],[13.015136642967322,47.794728736276539],[13.015001896573034,47.794593989099106],[13.014912065942953,47.794638904260253],[13.014912065942953,47.794504158056853],[13.01482223441454,47.794459242175741],[13.01468748802022,47.794459242175741],[13.01468748802022,47.794638904260253],[13.014597657390137,47.794593989099106],[13.014507824963397,47.794728736276539],[13.013789177227686,47.794863481897586],[13.013699344800944,47.795357553024687],[13.013789177227686,47.794683819986069],[13.013699344800944,47.794279580073542],[13.013340021382254,47.793785508955985],[13.012576456085709,47.793830424212459],[13.012351879061308,47.793560930884176],[13.012037469610162,47.793381269297043],[13.011902723215876,47.793381269297043],[13.011812891687462,47.793516014791258],[13.011273905211915,47.793516014791258],[13.010824750264813,47.792977028907401],[13.01064508720799,47.792932112913292],[13.01064508720799,47.793021944259223],[13.010375594419381,47.793111774846345],[13.010420510183588,47.792797367111987],[13.010330678655176,47.792797367111987],[13.010330678655176,47.792707534774323],[13.010555255679579,47.792662619754267],[13.010555255679579,47.792482958078828],[13.010690002972197,47.792527873254173],[13.010734918736402,47.792438042261146],[13.01136373584203,47.792348211112881],[13.011318820976122,47.791899054852685],[13.011812891687462,47.791899054852685],[13.011812891687462,47.792033801776235],[13.012082385374368,47.792033801776235],[13.012082385374368,47.792213463797538],[13.012172216004483,47.792258379809276],[13.012666287614122,47.791988886173847],[13.012711203378327,47.791584645816137],[13.012576456085709,47.791360069096129],[13.012890864638491,47.791000743963387],[13.013025611931109,47.791000743963387],[13.013025611931109,47.79086599677531],[13.013115442561222,47.790910912744671],[13.013070527695316,47.790776165927156],[13.01325018985384,47.790641419967358],[13.01351968264245,47.790641419967358],[13.014058670016293,47.790910912744671],[13.014193417308912,47.791360069096129],[13.014373078569108,47.791360069096129],[13.014417994333314,47.791135490802134],[13.015046812337241,47.79086599677531],[13.015540883048548,47.791090575026836],[13.016124786186598,47.790821081974151],[13.016753603292228,47.790821081974151],[13.016933266349051,47.790910912744671],[13.017427337060358,47.790371925792556],[13.017562082556349,47.790416842188925],[13.017517167690475,47.790327011167946],[13.017831577141585,47.790057517173338],[13.017696829848967,47.789473615061475],[13.018011239300112,47.789204122073514],[13.018011239300112,47.789024459908696],[13.018235817222811,47.788844797122849],[13.018190900560308,47.788665134923008],[13.018325647852926,47.788530387714665],[13.018595140641535,47.788575303891974],[13.018640057304038,47.788485472705673],[13.018774803698358,47.788530387714665],[13.018819718564234,47.788440557054294],[13.018954465856853,47.788440557054294],[13.018954465856853,47.78862022003046],[13.019044297385264,47.788575303891974],[13.019268875307997,47.78875496579878],[13.019313790173872,47.78862022003046],[13.019628198726686,47.788530387714665],[13.019718030255099,47.78862022003046],[13.019673115389189,47.788889713028439],[13.019762946019304,47.789024459908696],[13.020257016730612,47.788889713028439],[13.020257016730612,47.788305811074395],[13.020616341047631,47.788260895267747],[13.020616341047631,47.788126148218502],[13.020706172576045,47.788126148218502],[13.020571426181757,47.787587161960097],[13.020706172576045,47.787587161960097],[13.020706172576045,47.787452414974815],[13.020796004104456,47.787407499034209]],[[13.017831577141585,47.79095582927873],[13.017831577141585,47.791090575026836],[13.017741745613174,47.791135490802134],[13.017202759137659,47.791135490802134],[13.017472251926268,47.791674478284328],[13.018280732088721,47.791584645816137],[13.018235817222811,47.790910912744671],[13.0181459856944,47.790910912744671],[13.017831577141585,47.79095582927873]]],[[[13.075548070041583,47.809011883126011],[13.075817562830192,47.809371207989187],[13.076626042992645,47.810089856893782],[13.07738960828919,47.810179688137183],[13.077883679000497,47.810359350157846],[13.078826905557271,47.810359350157846],[13.079365892032785,47.810539012160234],[13.079320977166908,47.811527155034256],[13.078512497004455,47.811437323105174],[13.078332833947632,47.811527155034256],[13.07738960828919,47.811527155034256],[13.077254860996572,47.811572070035595],[13.077254860996572,47.812155971773635],[13.077479438919303,47.812470381209252],[13.078018426293115,47.81260512787226],[13.078153171789106,47.812784789947891],[13.078557411870332,47.813009368176459],[13.078961651951557,47.813009368176459],[13.079051482581672,47.812470381209252],[13.079725217248134,47.812694958987741],[13.080623528040668,47.812650043147784],[13.080623528040668,47.812784789947891],[13.080713358670749,47.812829706274535],[13.080713358670749,47.813233946037073],[13.080623528040668,47.813323777271329],[13.080668443804875,47.813638186272335],[13.07999471003671,47.813503439273667],[13.079545555089608,47.813548354978714],[13.079590469955518,47.813817847790133],[13.079725217248134,47.813907679220776],[13.080309118589524,47.813907679220776],[13.080309118589524,47.814267003992647],[13.080219287959443,47.814311919037287],[13.080398950117935,47.814311919037287],[13.080398950117935,47.814985652712764],[13.079590469955518,47.814761075189011],[13.079590469955518,47.814895820733952],[13.079365892032785,47.81507548393293],[13.07941080779699,47.81525514590696],[13.079320977166908,47.815344977264125],[13.079096399244175,47.815344977264125],[13.078198087553311,47.815030567739001],[13.078063341159023,47.81485090619443],[13.077614186211921,47.81485090619443],[13.077299776760777,47.815030567739001],[13.077165030366489,47.815344977264125],[13.074694674114925,47.816422949873093],[13.073841279086597,47.816467866068962],[13.073302291712753,47.816602613217071],[13.073122629554259,47.816557697137732],[13.073122629554259,47.815434807862594],[13.073122629554259,47.815210229868484],[13.073032798924144,47.81512039888144],[13.073077713790054,47.81485090619443],[13.073706531793979,47.814671244028183],[13.073526869635453,47.81435683524959],[13.073392123241165,47.814401750216476],[13.07343703900537,47.814311919037287],[13.073167545318466,47.814042425773764],[13.073526869635453,47.813952595179487],[13.075009082667739,47.814042425773764],[13.075323492118883,47.813952595179487],[13.075323492118883,47.813278860768719],[13.075009082667739,47.813278860768719],[13.074829421407543,47.813413607746924],[13.073886193952472,47.81345852413299],[13.073526869635453,47.81318903006003],[13.073481953871246,47.813009368176459],[13.072808221001445,47.812874620752588],[13.072673473708827,47.812694958987741],[13.07271839037133,47.812380549705267],[13.072898051631526,47.812111057277299],[13.07343703900537,47.812066140932302],[13.073481953871246,47.811616986204633],[13.074425181326317,47.811841562847512],[13.074470096192226,47.812021225754989],[13.074380264663814,47.812066140932302],[13.074380264663814,47.812335634799936],[13.074739589879131,47.812200888040941],[13.074874336273451,47.812200888040941],[13.074919252037658,47.812335634799936],[13.075009082667739,47.812335634799936],[13.075188744826265,47.812200888040941],[13.075188744826265,47.812066140932302],[13.075278576354679,47.812111057277299],[13.075143829960357,47.811751732065595],[13.074829421407543,47.811482238787512],[13.074829421407543,47.810853421129629],[13.074919252037658,47.810808506110035],[13.074874336273451,47.810404266169158],[13.074694674114925,47.810089856893782],[13.074470096192226,47.809910193940823],[13.074739589879131,47.809640700759239],[13.074964167801864,47.809640700759239],[13.075548070041583,47.809011883126011]]],[[[13.028208564062462,47.828596831076986],[13.028701141773793,47.829178969143392],[13.028835889066411,47.829134054295217],[13.028790973302204,47.829223885158825],[13.029195213383431,47.829538293766348],[13.029015551224905,47.829897617710742],[13.029374874643628,47.830256942785752],[13.02955453770045,47.8302120270613],[13.02955453770045,47.830301857868292],[13.029644369228864,47.830301857868292],[13.030138439940172,47.830840844872483],[13.030272399410302,47.830760469766304],[13.029868947151565,47.831289999750062],[13.030048609310089,47.831289999750062],[13.030587595785605,47.831828986743503],[13.030542680021398,47.831918817766876],[13.030677427314016,47.831918817766876],[13.031440990813932,47.831469662904233],[13.031396075948058,47.830661183159727],[13.031306244419646,47.830526435713146],[13.032660443930656,47.829815480781043],[13.033268859397872,47.83051081278068],[13.033147781768919,47.830571351165524],[13.030542680021398,47.832098479950105],[13.029824031387358,47.832862044978441],[13.02955453770045,47.833356115907748],[13.029464707070337,47.833356115907748],[13.029509621936246,47.833266284960295],[13.029374874643628,47.833311201056475],[13.029285044013514,47.833131538247528],[13.029195213383431,47.833131538247528],[13.029240129147636,47.83304170691131],[13.029105381855018,47.833086623201922],[13.028970634562402,47.832906960218466],[13.028746058436298,47.833176453857341],[13.028611311143679,47.833176453857341],[13.028476563851061,47.833086623201922],[13.028476563851061,47.832951876022626],[13.028386733220978,47.832996791787956],[13.028207071062452,47.832817129096533],[13.027488422428444,47.833670524808227],[13.0271740129773,47.833535777939112],[13.027218928741506,47.833401031926172],[13.027039265684682,47.833401031926172],[13.026904520188692,47.833625609023073],[13.026769772896074,47.833625609023073],[13.026679942265993,47.833535777939112],[13.026724857131867,47.833445946699683],[13.02659011073758,47.833490863243391],[13.026230786420561,47.833131538247528],[13.026230786420561,47.832996791787956],[13.026410448579053,47.832772213778753],[13.026051124262032,47.832457804862777],[13.026096040026239,47.832367974169415],[13.025961292733621,47.832412889234028],[13.026051124262032,47.831918817766876],[13.025916376969414,47.831514578143285],[13.025512136888223,47.831200168844333],[13.025557052652429,47.831065422797202],[13.025467222022314,47.831110337783102],[13.024928234648469,47.830571351165524],[13.024928234648469,47.829852702278394],[13.024973151311006,47.829762871297014],[13.025107896806997,47.829762871297014],[13.025062981941087,47.829673040160117],[13.025691799945047,47.829762871297014],[13.026635025603456,47.829448462240762],[13.027263843607415,47.829628125136487],[13.027982493139753,47.828729814087772],[13.028208564062462,47.828596831076986]]],[[[13.040424103230958,47.834838328812701],[13.0395707073043,47.834793414038323],[13.039435960909978,47.834568835965399],[13.03930121361736,47.834568835965399],[13.038807142906053,47.83402984908696],[13.038717312275971,47.83402984908696],[13.038717312275971,47.83394001809981],[13.038537649219148,47.833984934215856],[13.0379986627436,47.833401031926172],[13.038402902824826,47.832862044978441],[13.039076635694661,47.832547636003731],[13.039121552357164,47.832098479950105],[13.038672395613435,47.832098479950105],[13.038043577609509,47.831828986743503],[13.037774084820901,47.831200168844333],[13.0379986627436,47.830616267182066],[13.038537649219148,47.830481520221923],[13.039166467223072,47.830481520221923],[13.039795285226999,47.829942533707353],[13.039121552357164,47.830526435713146],[13.039750368564496,47.831065422797202],[13.039930031621319,47.831110337783102],[13.040334271702546,47.831110337783102],[13.040558849625246,47.830751013792344],[13.040558849625246,47.830661183159727],[13.042445302738757,47.830481520221923],[13.04289445858419,47.830751013792344],[13.043074120742684,47.831065422797202],[13.04289445858419,47.831514578143285],[13.042265640580231,47.831784071776561],[13.040963089706471,47.832143395851034],[13.040828343312183,47.833401031926172],[13.041142751864964,47.833895103150908],[13.041367329787697,47.834479004705273],[13.041187666730874,47.83474849801911],[13.040513933861039,47.834703583166984],[13.040424103230958,47.834838328812701]]],[[[13.046667365709482,47.8302120270613],[13.046981774262296,47.830571351165524],[13.046999740567978,47.830544402140013],[13.047071605790709,47.830616267182066],[13.046936859396421,47.830616267182066],[13.047475845871935,47.831020507169399],[13.048419072428674,47.830930675797177],[13.049946201225167,47.831110337783102],[13.050934344444444,47.831110337783102],[13.051203837233052,47.831245084919701],[13.051428415155751,47.831694239916899],[13.051383499391545,47.832008649237785],[13.050979259310319,47.832188311713082],[13.050709765623415,47.832188311713082],[13.050485187700682,47.832367974169415],[13.049811454830847,47.831784071776561],[13.049856369696755,47.831649324833336],[13.04976653906664,47.831514578143285],[13.048688566115613,47.831649324833336],[13.04846398819288,47.831873902877689],[13.048194495404273,47.831963733823294],[13.047835170188955,47.831873902877689],[13.047745338660542,47.832008649237785],[13.047790255323045,47.832457804862777],[13.048284326034388,47.83272729781909],[13.048823311611605,47.832862044978441],[13.049002974668428,47.833221368825242],[13.049002974668428,47.833490863243391],[13.048733480981488,47.834209511800836],[13.047386014343523,47.834119681124662],[13.04729618281511,47.833984934215856],[13.047071605790709,47.83394001809981],[13.047026690026502,47.833760356261962],[13.047116520656617,47.833535777939112],[13.046891942733884,47.833221368825242],[13.046352957156667,47.833401031926172],[13.045724139152743,47.833131538247528],[13.045454644567506,47.832502719849636],[13.045724139152743,47.831828986743503],[13.046308041392463,47.831514578143285],[13.046263125628256,47.831334915747682],[13.046532619315194,47.831065422797202],[13.046622449945277,47.830795929050318],[13.046891942733884,47.830616267182066],[13.046802112103803,47.830526435713146],[13.046936859396421,47.830526435713146],[13.046667365709482,47.8302120270613]]],[[[13.029195213383431,47.822306889186201],[13.029464707070337,47.822306889186201],[13.029464707070337,47.822935706270492],[13.02955453770045,47.823205199818304],[13.029734199858947,47.823205199818304],[13.029644369228864,47.823250114972019],[13.029644369228864,47.823384862009398],[13.029824031387358,47.823339945765959],[13.029824031387358,47.823564524181776],[13.029958777781678,47.823519609300106],[13.030318102098665,47.823789102229149],[13.030542680021398,47.823250114972019],[13.030812172810007,47.82347469317331],[13.031126582261118,47.823429778213921],[13.031126582261118,47.823519609300106],[13.03126132865544,47.823519609300106],[13.031396075948058,47.823429778213921],[13.031800316029283,47.823878933296669],[13.031800316029283,47.824103511190046],[13.031530822342345,47.82455266707769],[13.030857088574214,47.824822160071605],[13.030093524175966,47.825450978049673],[13.030036867430995,47.825543417751433],[13.029644369228864,47.825630639705366],[13.029060466989112,47.826349289156262],[13.028386733220978,47.826663698290822],[13.028027408903958,47.826708612864429],[13.027533338192651,47.826618781869044],[13.027623168822732,47.826618781869044],[13.027623168822732,47.825226399954765],[13.027847745847135,47.825136568806577],[13.028072323769834,47.824867075032515],[13.028521479615266,47.823878933296669],[13.028566395379473,47.823339945765959],[13.028746058436298,47.822935706270492],[13.028925719696494,47.822800959876695],[13.029015551224905,47.822486550867374],[13.029195213383431,47.822306889186201]]],[[[13.037729169056695,47.784083748133099],[13.0379986627436,47.784083748133099],[13.038268156430538,47.78435324111252],[13.038223239768003,47.784443072801139],[13.038357987060621,47.784398157278041],[13.038896974434465,47.784937144011934],[13.038896974434465,47.785116805819428],[13.036830858264127,47.787407499034209],[13.036712637277811,47.78768334897817],[13.036696111869841,47.787676992888315],[13.035663053784688,47.787766824264892],[13.035663053784688,47.787676992888315],[13.035438475861955,47.787632077141829],[13.035528307390367,47.787497330876569],[13.035528307390367,47.787003259254462],[13.035348645231874,47.786509187764459],[13.035274666273274,47.786490694267641],[13.037145266816943,47.784308326115351],[13.037729169056695,47.784083748133099]]],[[[13.020885834734571,47.823789102229149],[13.021514652738496,47.823789102229149],[13.021469736974291,47.824417920056028],[13.021514652738496,47.824507751241597],[13.021649399132784,47.824507751241597],[13.021604484266909,47.824597582271736],[13.02169431489699,47.824642498030066],[13.021739229762899,47.824911991160775],[13.022098554978216,47.825091652872644],[13.02210546481939,47.825091652872644],[13.021649399132784,47.825630639705366],[13.021290074815797,47.825810301945424],[13.021334989681673,47.825900133133828],[13.021245159051592,47.825855217860628],[13.021290074815797,47.826079796250454],[13.021155328421477,47.826079796250454],[13.021245159051592,47.826124710726205],[13.021245159051592,47.826304373065483],[13.021784146425402,47.826484035989075],[13.023041782433287,47.826663698290822],[13.023131613063402,47.826708612864429],[13.023131613063402,47.827067937703696],[13.023041782433287,47.827112853133677],[13.023041782433287,47.827292516274319],[13.02263754235206,47.827202685083293],[13.02263754235206,47.827562008914512],[13.022368047766825,47.827562008914512],[13.022368047766825,47.827696756217648],[13.022278217136742,47.827741671103468],[13.022098554978216,47.827741671103468],[13.021873977055517,47.827472178189915],[13.02169431489699,47.827472178189915],[13.021469736974291,47.827831501964745],[13.021469736974291,47.828145911167134],[13.021245159051592,47.828190826870461],[13.021020581128859,47.827921333273608],[13.020885834734571,47.827966249171283],[13.020975666262983,47.827831501964745],[13.020885834734571,47.827651840086752],[13.02052651041755,47.827562008914512],[13.020481594653345,47.82738234670677],[13.020077354572118,47.827292516274319],[13.020032438807913,47.827786587156623],[13.019852776649385,47.827786587156623],[13.019583283860777,47.827562008914512],[13.019628198726686,47.827472178189915],[13.019493453230696,47.827517093270117],[13.018954465856853,47.82697810672709],[13.018999380722761,47.826708612864429],[13.01922395864546,47.826439120014939],[13.020122270336325,47.826259458142076],[13.020661256811838,47.826259458142076],[13.020975666262983,47.826034879926461],[13.02111041265727,47.826079796250454],[13.021020581128859,47.825900133133828],[13.021200244185682,47.825900133133828],[13.02111041265727,47.825810301945424],[13.021245159051592,47.825810301945424],[13.020885834734571,47.825181484098565],[13.02052651041755,47.824867075032515],[13.020257016730612,47.824777243865597],[13.020027948129789,47.824507751241597],[13.020167186100531,47.824507751241597],[13.020706172576045,47.823968764208736],[13.020661256811838,47.823878933296669],[13.020796004104456,47.823923849073687],[13.020885834734571,47.823789102229149]]],[[[13.02394009322582,47.824193341713475],[13.024928234648469,47.824507751241597],[13.024883319782594,47.824822160071605],[13.025377391392231,47.824822160071605],[13.02528755986382,47.824956907250176],[13.025467222022314,47.824956907250176],[13.025422306258108,47.825091652872644],[13.025557052652429,47.825091652872644],[13.025512136888223,47.825226399954765],[13.025646884180841,47.825226399954765],[13.025601968416634,47.825361147290145],[13.025736714810922,47.825316230947443],[13.025781630575128,47.825540809256772],[13.026500280107465,47.825675555775994],[13.02645536434326,47.825855217860628],[13.025961292733621,47.826079796250454],[13.025923862630695,47.826229514235081],[13.025916376969414,47.826214541973606],[13.024479079701369,47.825900133133828],[13.02398500809173,47.825495893069544],[13.023895176563318,47.825271315168976],[13.023580768010504,47.825136568806577],[13.022862119376462,47.825091652872644],[13.022817203612256,47.824462834763573],[13.022996865770784,47.824328088714964],[13.023311275221895,47.824507751241597],[13.023535853144628,47.825091652872644],[13.023670598640585,47.825091652872644],[13.023670598640585,47.824283173287732],[13.02371551530312,47.824193341713475],[13.02394009322582,47.824193341713475]]],[[[13.025940017034431,47.826261821737226],[13.026814688660279,47.826349289156262],[13.0269494350546,47.826528950718142],[13.027017115924718,47.826541257149316],[13.026230786420561,47.82697810672709],[13.026096040026239,47.826933191180458],[13.026140954892147,47.827157769127936],[13.026006209396158,47.827202685083293],[13.026140954892147,47.827337430906894],[13.026185870656354,47.827606925123149],[13.02587146210354,47.827741671103468],[13.025916376969414,47.827831501964745],[13.025826546339333,47.827786587156623],[13.02587146210354,47.827921333273608],[13.025332474729696,47.827831501964745],[13.025018066176882,47.828100996028034],[13.024793488254183,47.828460320274147],[13.024479079701369,47.828056080246974],[13.024164671148553,47.828011165030091],[13.024029923855936,47.82859506705433],[13.023625683774709,47.82859506705433],[13.023446021616216,47.828684898247801],[13.023221443693483,47.828550151097744],[13.023221443693483,47.828460320274147],[13.023131613063402,47.82859506705433],[13.022907035140669,47.82859506705433],[13.022862119376462,47.828235741931813],[13.023131613063402,47.828100996028034],[13.023131613063402,47.827786587156623],[13.023446021616216,47.827427261864663],[13.02371551530312,47.82738234670677],[13.023895176563318,47.827202685083293],[13.025107896806997,47.827337430906894],[13.025646884180841,47.827292516274319],[13.025691799945047,47.827202685083293],[13.025961292733621,47.827157769127936],[13.02587146210354,47.827023022234805],[13.026006209396158,47.827023022234805],[13.026051124262032,47.826933191180458],[13.025961292733621,47.826888276198126],[13.025961292733621,47.826753529208474],[13.026140954892147,47.826663698290822],[13.025940017034431,47.826261821737226]]],[[[13.051473330021661,47.788395641967661],[13.051563160651742,47.788485472705673],[13.051742823708565,47.788440557054294],[13.052236895318204,47.78862022003046],[13.052102148025586,47.789069375055462],[13.051518245785866,47.789204122073514],[13.051158920570515,47.789204122073514],[13.051069089940434,47.789114290766953],[13.051069089940434,47.788799881781998],[13.051203837233052,47.788485472705673],[13.051473330021661,47.788395641967661]]],[[[13.050260609777983,47.786868513169694],[13.050350441306394,47.787003259254462],[13.050485187700682,47.786958344132913],[13.050440271936475,47.787048174940828],[13.05075468138762,47.787272752790301],[13.050619934993298,47.787632077141829],[13.050305526440484,47.787991402027004],[13.050125864281991,47.787856654882596],[13.049856369696755,47.787182921766949],[13.049991116989373,47.787003259254462],[13.050260609777983,47.786868513169694]]],[[[13.073931109716678,47.8085627279251],[13.073931109716678,47.808697473867561],[13.073796363322391,47.808742390109565],[13.073841279086597,47.808877136792603],[13.073751446659854,47.808877136792603],[13.073616701163864,47.809101713820738],[13.073526869635453,47.809640700759239],[13.073077713790054,47.809416123045203],[13.073257375948547,47.808832221270421],[13.07343703900537,47.808607643076975],[13.073931109716678,47.8085627279251]]],[[[13.016079870422393,47.818983136963617],[13.016349363211001,47.819028052754341],[13.016169701052508,47.819701786158596],[13.015900208263899,47.819656870950745],[13.015900208263899,47.819477207921153],[13.015765460971281,47.81929754607944],[13.015855291601364,47.81929754607944],[13.016079870422393,47.818983136963617]]],[[[13.019718030255099,47.794683819986069],[13.01980786088518,47.794683819986069],[13.019897693311922,47.794863481897586],[13.019448536568159,47.794818566930552],[13.019718030255099,47.794683819986069]]],[[[13.028228804004131,47.828584924978415],[13.028746058436298,47.828280658160502],[13.02955453770045,47.827966249171283],[13.028228804004131,47.828584924978415]]],[[[13.040019863149732,47.829762871297014],[13.04045105179115,47.82920232513856],[13.04028935593834,47.829493378023017],[13.040019863149732,47.829762871297014]]],[[[13.034084099382815,47.830087645176896],[13.034674910565412,47.829807786807123],[13.035079150646638,47.829673040160117],[13.034084099382815,47.830087645176896]]],[[[13.039840200991204,47.829942533707353],[13.040513933861039,47.830616267182066],[13.040469018096832,47.830616267182066],[13.039840200991204,47.829942533707353]]],[[[13.046023059851732,47.83017175792439],[13.046667365709482,47.8302120270613],[13.046083462571431,47.8302120270613],[13.046023059851732,47.83017175792439]]],[[[13.031440990813932,47.828056080246974],[13.033147781768919,47.828505235705379],[13.031422751420399,47.828062919900802],[13.031440990813932,47.828056080246974]]],[[[13.013564599304955,47.799624531240319],[13.013340021382254,47.799714363085059],[13.013699344800944,47.799489785294014],[13.013564599304955,47.799624531240319]]],[[[13.065307321616707,47.813638186272335],[13.065666646832025,47.814311919037287],[13.065659401919266,47.814342345783366],[13.065307321616707,47.813638186272335]]],[[[13.040469018096832,47.828819645048021],[13.040513933861039,47.829089138201986],[13.040469018096832,47.82916998629748],[13.040469018096832,47.828819645048021]]],[[[13.064813250905367,47.807933909909963],[13.064813250905367,47.80788899417545],[13.065127660356511,47.80788899417545],[13.064813250905367,47.807933909909963]]],[[[13.070529620028735,47.796813854278341],[13.070472612042499,47.796794850908817],[13.070843165300571,47.796671332759914],[13.070529620028735,47.796813854278341]]],[[[13.039618719561267,47.82967768683082],[13.039795285226999,47.829807786807123],[13.039705453698586,47.829807786807123],[13.039618719561267,47.82967768683082]]],[[[13.030565137903501,47.828056080246974],[13.030812172810007,47.828056080246974],[13.030542680021398,47.828100996028034],[13.030565137903501,47.828056080246974]]],[[[13.039031720828753,47.7981333352893],[13.039121552357164,47.798142318074817],[13.039391045145772,47.79827706510212],[13.039031720828753,47.7981333352893]]],[[[13.063959855877037,47.808068656277214],[13.064049687405451,47.808068656277214],[13.064094602271359,47.808158488000039],[13.063959855877037,47.808068656277214]]],[[[13.045429611215491,47.829890254834261],[13.045642474208575,47.830003781963391],[13.045544476994214,47.82998744906196],[13.045429611215491,47.829890254834261]]],[[[13.062702219869154,47.81817465694364],[13.062660759923848,47.818243757735281],[13.062926797791887,47.817635669904689],[13.062702219869154,47.81817465694364]]],[[[13.039974947385526,47.829807786807123],[13.039840200991204,47.829807786807123],[13.040019863149732,47.829762871297014],[13.039974947385526,47.829807786807123]]],[[[13.029734199858947,47.827831501964745],[13.029734199858947,47.827966249171283],[13.02968928409474,47.827831501964745],[13.029734199858947,47.827831501964745]]],[[[13.043792770275022,47.808652558793376],[13.04455633377497,47.808787305106108],[13.043786352710658,47.808658975062521],[13.043792770275022,47.808652558793376]]],[[[13.047185391794487,47.81524316797875],[13.047206352185029,47.81525514590696],[13.047520760737809,47.815704301138631],[13.047185391794487,47.81524316797875]]],[[[13.045679223388536,47.814985652712764],[13.045647140956463,47.814992068802731],[13.04599363194135,47.814761075189011],[13.045679223388536,47.814985652712764]]],[[[13.014283247938994,47.818803475221742],[13.014399499818239,47.81881404325739],[13.014235967808961,47.818841298766287],[13.014283247938994,47.818803475221742]]],[[[13.063914940112832,47.808068656277214],[13.063959855877037,47.808068656277214],[13.063870025246956,47.808158488000039],[13.063914940112832,47.808068656277214]]],[[[13.031090649649753,47.828307607155359],[13.031036750732707,47.828280658160502],[13.031171498025325,47.828280658160502],[13.031090649649753,47.828307607155359]]],[[[13.063375952738989,47.807844079005385],[13.063600530661722,47.807978825002351],[13.063606948226084,47.807998075263853],[13.063375952738989,47.807844079005385]]],[[[13.015218987936157,47.798793594248131],[13.015226473597437,47.798771135752645],[13.015406136654262,47.79868130529416],[13.015218987936157,47.798793594248131]]],[[[13.033821516435381,47.830229992993885],[13.033821516435381,47.8302120270613],[13.033963747592651,47.830144653703229],[13.033821516435381,47.830229992993885]]]]},"properties":{"OBJECTID":2,"Name and Size":"Location 1 : 35 - 40","Travel Time Start (Minutes)":35,"Travel Time End (Minutes)":40,"Facility ID":1,"Facility: Name":"Location 1","Facility: title":"Point","Facility: Breaks":null,"Facility: AdditionalTime":0,"Facility: AdditionalDistance":0,"Area (Square Kilometers)":5.01281015}},{"type":"Feature","id":3,"geometry":{"type":"MultiPolygon","coordinates":[[[[13.060142032987541,47.788665134923008],[13.060546273068734,47.788665134923008],[13.060636103698849,47.78875496579878],[13.061040343780075,47.788665134923008],[13.061624246918125,47.788710050983866],[13.062028486999353,47.789249037065012],[13.062387811316372,47.789159205836093],[13.062477641946455,47.789249037065012],[13.062702219869154,47.789608362238518],[13.062702219869154,47.789788024195452],[13.063241207242998,47.789788024195452],[13.063196290580494,47.789922771160867],[13.063286122108906,47.789922771160867],[13.063375952738989,47.790102433237948],[13.063555615795812,47.790057517173338],[13.063914940112832,47.78969819329464],[13.064139518035566,47.789743109066201],[13.064229348665647,47.789832939889372],[13.06418443290144,47.789922771160867],[13.064319180194058,47.78987785494099],[13.064498842352585,47.790192264043576],[13.064947998197983,47.790147349263684],[13.064903082433778,47.790012602277045],[13.065172576120716,47.789922771160867],[13.065262406750799,47.790012602277045],[13.065217490986592,47.790147349263684],[13.06535223827921,47.790057517173338],[13.065307321616707,47.790192264043576],[13.065442068909325,47.790192264043576],[13.06535223827921,47.790416842188925],[13.065397154043415,47.79055158873102],[13.065217490986592,47.790686334923734],[13.065262406750799,47.790910912744671],[13.065621731067818,47.790910912744671],[13.065711561697933,47.790776165927156],[13.065846308990551,47.790821081974151],[13.065801394124643,47.790731251048378],[13.066250549071778,47.790686334923734],[13.06634037970186,47.790776165927156],[13.06634037970186,47.791000743963387],[13.066699704917211,47.791360069096129],[13.068002255790971,47.790641419967358],[13.068451411636403,47.791090575026836],[13.068406495872196,47.791225322236194],[13.068496327400608,47.791180405935044],[13.068675988660804,47.791404984034941],[13.068675988660804,47.791539731032557],[13.068316665242081,47.791719392951443],[13.068316665242081,47.79216854895391],[13.068406495872196,47.792123632864524],[13.068406495872196,47.792258379809276],[13.068316665242081,47.792213463797538],[13.06836158010799,47.792348211112881],[13.068181917949463,47.792527873254173],[13.068406495872196,47.792662619754267],[13.068451411636403,47.792797367111987],[13.068271748579578,47.792932112913292],[13.06822683371367,47.793111774846345],[13.06836158010799,47.793156691288672],[13.068316665242081,47.793066860175685],[13.068541243164814,47.792842282015542],[13.068675988660804,47.792887198087335],[13.069035313876121,47.793381269297043],[13.069394638193142,47.793381269297043],[13.069574301249967,47.793560930884176],[13.06952938458743,47.793650761746576],[13.069664131880048,47.793605846938306],[13.070158202591388,47.794099917953602],[13.070023456197067,47.794324496109901],[13.069664131880048,47.794504158056853],[13.069439553957348,47.794863481897586],[13.06925989179882,47.794863481897586],[13.06894548324604,47.794683819986069],[13.068496327400608,47.794683819986069],[13.068137003083589,47.794953312922132],[13.068137003083589,47.79508805977126],[13.069349723327234,47.79508805977126],[13.069349723327234,47.794998228979665],[13.06952938458743,47.794998228979665],[13.069933624668655,47.795447383798574],[13.070023456197067,47.795447383798574],[13.070023456197067,47.795582131176872],[13.070113286827182,47.795537216227558],[13.0702480341198,47.79567196216594],[13.070158202591388,47.795806708961841],[13.0702480341198,47.795896540166126],[13.070203118355595,47.79598637121515],[13.070337864749881,47.79598637121515],[13.070337864749881,47.796076202108829],[13.070876852123726,47.796570273170488],[13.070876852123726,47.79666010486509],[13.070472612042499,47.796794850908817],[13.070742104831108,47.796884682215087],[13.070742104831108,47.798007571301461],[13.071281092204952,47.798007571301461],[13.071281092204952,47.798726219939368],[13.070472612042499,47.798726219939368],[13.070427696278294,47.798995714236447],[13.070292948985676,47.798995714236447],[13.0702480341198,47.799310123086322],[13.069619216115841,47.79922029114605],[13.069484468823223,47.799355037791351],[13.069349723327234,47.799355037791351],[13.069439553957348,47.799669446880408],[13.0702480341198,47.799714363085059],[13.0702480341198,47.800028771206421],[13.070113286827182,47.800073687100408],[13.070113286827182,47.800388096064246],[13.069888708904449,47.800298264781077],[13.069843794038574,47.800388096064246],[13.069753963408459,47.800343179838649],[13.069753963408459,47.800477927192077],[13.06930480666473,47.800477927192077],[13.069125145404534,47.80074742024707],[13.06894548324604,47.800792336123166],[13.068631073794895,47.801106744961658],[13.068631073794895,47.801196576053684],[13.068855651717628,47.801331323003829],[13.068990398111916,47.801690647300177],[13.06925989179882,47.801645732200754],[13.069349723327234,47.802094886878031],[13.069798878274367,47.802094886878031],[13.069798878274367,47.802544043102394],[13.069978541331192,47.802633874122598],[13.070113286827182,47.803172861205361],[13.070427696278294,47.803532184831575],[13.070697189066902,47.803577100713468],[13.070787020595313,47.803442354158044],[13.071460754363445,47.803442354158044],[13.07155058499356,47.803532184831575],[13.072044655704868,47.803487268910843],[13.072089572367405,47.803891510195939],[13.071954825074787,47.804026256189637],[13.072089572367405,47.804475412005679],[13.072448895786094,47.804520327071984],[13.072673473708827,47.804789820877815],[13.072853135867321,47.804744904837825],[13.073122629554259,47.805014398081866],[13.073032798924144,47.80523897612504],[13.073347206578628,47.805463553800593],[13.073347206578628,47.805598301146553],[13.073616701163864,47.805598301146553],[13.073571785399658,47.805912709858852],[13.073706531793979,47.805912709858852],[13.073661616029773,47.805553385202295],[13.073796363322391,47.805508469822527],[13.073751446659854,47.805912709858852],[13.073841279086597,47.805912709858852],[13.073976024582587,47.806182203077555],[13.073931109716678,47.806406780898378],[13.074200603403618,47.806406780898378],[13.074290434033699,47.806541527004136],[13.074470096192226,47.806496611875481],[13.074739589879131,47.806900852064949],[13.075009082667739,47.80681102118362],[13.075323492118883,47.807125429795214],[13.075278576354679,47.807260175846615],[13.07536840788309,47.807215260736108],[13.075503154277378,47.807394922755137],[13.075637900671666,47.807394922755137],[13.075637900671666,47.808652558793376],[13.075413322748965,47.808697473867561],[13.075548070041583,47.809011883126011],[13.074964167801864,47.809640700759239],[13.074739589879131,47.809640700759239],[13.074470096192226,47.809910193940823],[13.074694674114925,47.810089856893782],[13.074874336273451,47.810404266169158],[13.074919252037658,47.810808506110035],[13.074829421407543,47.810853421129629],[13.074829421407543,47.811482238787512],[13.075143829960357,47.811751732065595],[13.075278576354679,47.812111057277299],[13.075188744826265,47.812066140932302],[13.075188744826265,47.812200888040941],[13.075009082667739,47.812335634799936],[13.074919252037658,47.812335634799936],[13.074874336273451,47.812200888040941],[13.074739589879131,47.812200888040941],[13.074380264663814,47.812335634799936],[13.074380264663814,47.812066140932302],[13.074470096192226,47.812021225754989],[13.074425181326317,47.811841562847512],[13.073481953871246,47.811616986204633],[13.07343703900537,47.812066140932302],[13.072898051631526,47.812111057277299],[13.07271839037133,47.812380549705267],[13.072673473708827,47.812694958987741],[13.072808221001445,47.812874620752588],[13.073481953871246,47.813009368176459],[13.073526869635453,47.81318903006003],[13.073886193952472,47.81345852413299],[13.074829421407543,47.813413607746924],[13.075009082667739,47.813278860768719],[13.075323492118883,47.813278860768719],[13.075323492118883,47.813952595179487],[13.075009082667739,47.814042425773764],[13.073526869635453,47.813952595179487],[13.073167545318466,47.814042425773764],[13.07343703900537,47.814311919037287],[13.073392123241165,47.814401750216476],[13.073526869635453,47.81435683524959],[13.073706531793979,47.814671244028183],[13.073077713790054,47.81485090619443],[13.073032798924144,47.81512039888144],[13.073122629554259,47.815210229868484],[13.073122629554259,47.815434807862594],[13.072808221001445,47.815524638908954],[13.072403980920219,47.816333119174388],[13.071730247152054,47.816063626145912],[13.071685332286178,47.815928878805529],[13.071326007070827,47.815928878805529],[13.071460754363445,47.816288204068393],[13.071326007070827,47.816557697137732],[13.071730247152054,47.817051768253975],[13.071146344912334,47.817680586257943],[13.070921766989635,47.817680586257943],[13.070697189066902,47.817950078735649],[13.070427696278294,47.817950078735649],[13.069978541331192,47.817770417038204],[13.069978541331192,47.817411092984621],[13.069843794038574,47.817321262185907],[13.069843794038574,47.817141598915768],[13.069619216115841,47.817231430025323],[13.069484468823223,47.817141598915768],[13.069394638193142,47.81727634612502],[13.06925989179882,47.817231430025323],[13.068900566583503,47.81750092423114],[13.068675988660804,47.817096683905916],[13.06836158010799,47.817006853166419],[13.068271748579578,47.817141598915768],[13.068181917949463,47.817096683905916],[13.06822683371367,47.817231430025323],[13.067957340026764,47.817456007722491],[13.067777677868238,47.817366177001489],[13.067598015709743,47.817590754719056],[13.067508185079628,47.817545838891306],[13.067508185079628,47.817680586257943],[13.067193775628517,47.817950078735649],[13.06692428283991,47.817905163821962],[13.066654789153004,47.818039910859234],[13.066385296364395,47.817860248266243],[13.066385296364395,47.817770417038204],[13.066205634205868,47.817815333274851],[13.065891224754758,47.81750092423114],[13.065666646832025,47.817905163821962],[13.064858166669572,47.81812974222423],[13.064903082433778,47.817994994816878],[13.064813250905367,47.818039910859234],[13.064723420275284,47.817950078735649],[13.064813250905367,47.817635671111127],[13.064678505409409,47.817545838891306],[13.064543758116791,47.817590754719056],[13.064543758116791,47.817411092984621],[13.064364095958265,47.817456007722491],[13.063825108584419,47.816827190014742],[13.064094602271359,47.816378034844767],[13.06445392658838,47.816243287717114],[13.064633588746872,47.815749216749715],[13.064858166669572,47.815479723706801],[13.065442068909325,47.81525514590696],[13.065666646832025,47.814311919037287],[13.065644594090113,47.814270571016579],[13.066430211230271,47.814311919037287],[13.066475126994478,47.814401750216476],[13.066564957624593,47.81435683524959],[13.066564957624593,47.814491581240311],[13.066969197705784,47.814536497297169],[13.066969197705784,47.81462632808784],[13.06737343778701,47.81435683524959],[13.067328522921136,47.814222087702689],[13.067418353551217,47.814267003992647],[13.067553099945538,47.814087341012652],[13.067777677868238,47.814401750216476],[13.068181917949463,47.814267003992647],[13.068541243164814,47.814267003992647],[13.068496327400608,47.814401750216476],[13.068631073794895,47.814401750216476],[13.068586158030689,47.814311919037287],[13.068720905323307,47.814267003992647],[13.068675988660804,47.813638186272335],[13.069709046745956,47.813638186272335],[13.069798878274367,47.813099199195946],[13.069484468823223,47.812874620752588],[13.069484468823223,47.812650043147784],[13.068810735953422,47.812650043147784],[13.068855651717628,47.812335634799936],[13.069214976034615,47.812290719252417],[13.069170060270409,47.811527155034256],[13.068810735953422,47.811167830005388],[13.068720905323307,47.81121274592077],[13.068765820189217,47.811077999264604],[13.06822683371367,47.810583928016207],[13.06822683371367,47.810494096868723],[13.068675988660804,47.810404266169158],[13.069035313876121,47.810808506110035],[13.069170060270409,47.810763589844989],[13.069125145404534,47.810853421129629],[13.069394638193142,47.811122914051133],[13.06952938458743,47.811122914051133],[13.069798878274367,47.810763589844989],[13.070472612042499,47.810673759008317],[13.070652274201027,47.810269519225209],[13.0702480341198,47.810179688137183],[13.070337864749881,47.809820362834586],[13.070652274201027,47.809685616788819],[13.070876852123726,47.809730532176275],[13.071056514282253,47.809550869790172],[13.071505670127651,47.809550869790172],[13.071685332286178,47.809281377157269],[13.071685332286178,47.808652558793376],[13.071370922835033,47.808607643076975],[13.071326007070827,47.808472896901414],[13.070607358436821,47.808383065119095],[13.070652274201027,47.808158488000039],[13.070517526908409,47.808068656277214],[13.070562442672614,47.80788899417545],[13.070292948985676,47.80788899417545],[13.0702480341198,47.807619500762449],[13.069933624668655,47.80766441612672],[13.069978541331192,47.807350007761144],[13.069709046745956,47.807394922755137],[13.069753963408459,47.806990682790904],[13.069484468823223,47.806945768050689],[13.069484468823223,47.80681102118362],[13.069125145404534,47.806496611875481],[13.068990398111916,47.806541527004136],[13.068720905323307,47.806227119081399],[13.068631073794895,47.806272033839697],[13.068720905323307,47.805957624889032],[13.068586158030689,47.806002541087082],[13.068586158030689,47.805912709858852],[13.068496327400608,47.805912709858852],[13.068496327400608,47.805777962725166],[13.068631073794895,47.805822879078583],[13.068541243164814,47.805463553800593],[13.068047171555175,47.805598301146553],[13.067553099945538,47.80523897612504],[13.067014114368321,47.805373722846895],[13.066789536445622,47.805328806708403],[13.066744619783085,47.804879652237993],[13.066609874287094,47.804789820877815],[13.066654789153004,47.804430496297151],[13.06634037970186,47.804520327071984],[13.065397154043415,47.804475412005679],[13.064903082433778,47.805508469822527],[13.064947998197983,47.806361865049887],[13.064858166669572,47.806361865049887],[13.06418443290144,47.806092372159995],[13.064229348665647,47.805867794186476],[13.063870025246956,47.805194061076755],[13.062477641946455,47.804610158294814],[13.061893739706735,47.804655073847989],[13.061579331153919,47.804520327071984],[13.060186948751747,47.804340664763629],[13.060231863617622,47.803936425163755],[13.060052202357426,47.803217776191168],[13.060276780280159,47.802813536300349],[13.060321695146035,47.802409296280786],[13.060546273068734,47.802723704987471],[13.060725935227261,47.803217776191168],[13.061489499625507,47.803622015953174],[13.061758993312413,47.80411608706018],[13.062342895552167,47.804340664763629],[13.062971712657761,47.804071172247703],[13.063151375714586,47.803666931757391],[13.063510700031605,47.804071172247703],[13.064139518035566,47.804340664763629],[13.064543758116791,47.804205917775363],[13.064588672982667,47.803711846919391],[13.064409010824173,47.803262691741537],[13.063600530661722,47.802544043102394],[13.063735277954338,47.802409296280786],[13.063690362190133,47.802319464872227],[13.063825108584419,47.802364381199347],[13.06418443290144,47.802005056132536],[13.06418443290144,47.801870309119685],[13.063825108584419,47.801600815855679],[13.063780192820214,47.800882167155436],[13.064229348665647,47.800567758164625],[13.064543758116791,47.800567758164625],[13.064813250905367,47.800702504935565],[13.06499291396219,47.800657588981807],[13.065307321616707,47.800792336123166],[13.065442068909325,47.800657588981807],[13.065397154043415,47.800522843301167],[13.065486984673532,47.800567758164625],[13.065531900437737,47.800433012250991],[13.065531900437737,47.799759278044057],[13.06611580177916,47.799624531240319],[13.066250549071778,47.799175375721127],[13.06634037970186,47.799130460257331],[13.06634037970186,47.798905882959424],[13.066564957624593,47.798726219939368],[13.066250549071778,47.79836689625953],[13.066250549071778,47.798142318074817],[13.06611580177916,47.798007571301461],[13.065756478360436,47.798007571301461],[13.065621731067818,47.798097401717925],[13.065666646832025,47.798232148861757],[13.065576816201943,47.798187233789427],[13.065531900437737,47.79827706510212],[13.0650378288281,47.798187233789427],[13.064947998197983,47.797603331298426],[13.065082744592305,47.797648246875532],[13.065442068909325,47.797154175805595],[13.064813250905367,47.797154175805595],[13.06476833603949,47.797064344965207],[13.064543758116791,47.797019428883338],[13.064678505409409,47.796974512762638],[13.064723420275284,47.79666010486509],[13.064633588746872,47.796615189037183],[13.064633588746872,47.79621094906333],[13.064498842352585,47.796166032847196],[13.064498842352585,47.79598637121515],[13.064364095958265,47.79598637121515],[13.064364095958265,47.796166032847196],[13.06418443290144,47.795941456011789],[13.063825108584419,47.796031286983116],[13.063780192820214,47.795896540166126],[13.064004770742947,47.795716878205731],[13.06418443290144,47.795716878205731],[13.064364095958265,47.795896540166126],[13.064498842352585,47.795806708961841],[13.064678505409409,47.795851624885159],[13.064903082433778,47.795447383798574],[13.064903082433778,47.79508805977126],[13.064409010824173,47.795177891011051],[13.063780192820214,47.794863481897586],[13.063959855877037,47.794638904260253],[13.063914940112832,47.794549073295649],[13.064049687405451,47.794593989099106],[13.06418443290144,47.794459242175741],[13.06418443290144,47.794234663998303],[13.063959855877037,47.794099917953602],[13.064094602271359,47.793785508955985],[13.064049687405451,47.793695677723022],[13.06418443290144,47.79374059305718],[13.06418443290144,47.793560930884176],[13.064094602271359,47.793605846938306],[13.064139518035566,47.793471099866515],[13.063735277954338,47.793066860175685],[13.063600530661722,47.793066860175685],[13.062477641946455,47.793695677723022],[13.062118317629434,47.793246522246378],[13.061983571235146,47.793246522246378],[13.062028486999353,47.793156691288672],[13.061714078446537,47.792842282015542],[13.061534415389714,47.792842282015542],[13.061309838365311,47.792617704091867],[13.061309838365311,47.792393125801169],[13.0612200068369,47.792303295178733],[13.060950513149962,47.792348211112881],[13.060950513149962,47.792527873254173],[13.060725935227261,47.792527873254173],[13.060591188832941,47.792707534774323],[13.060186948751747,47.792707534774323],[13.060276780280159,47.792033801776235],[13.059558130747787,47.792033801776235],[13.059513214983582,47.792348211112881],[13.059468300117706,47.792258379809276],[13.059333552825088,47.792258379809276],[13.059333552825088,47.792438042261146],[13.059019144272273,47.792393125801169],[13.058345411402438,47.792572788994164],[13.058300494739903,47.792123632864524],[13.05821066410982,47.792033801776235],[13.058075916817204,47.792078717943305],[13.058120832581409,47.791988886173847],[13.057671676735977,47.791629561767898],[13.057581846105895,47.791315152911437],[13.057544981941573,47.791302865288856],[13.058390326268315,47.790012602277045],[13.058031001951328,47.789383784220767],[13.058165749243946,47.789024459908696],[13.058300494739903,47.788889713028439],[13.05879456634954,47.788934628291642],[13.05879456634954,47.788844797122849],[13.058884397877954,47.788844797122849],[13.059153890666561,47.789024459908696],[13.059513214983582,47.789024459908696],[13.059917455064808,47.788889713028439],[13.060142032987541,47.788665134923008]],[[13.073257375948547,47.808832221270421],[13.073077713790054,47.809416123045203],[13.073526869635453,47.809640700759239],[13.073616701163864,47.809101713820738],[13.073751446659854,47.808877136792603],[13.073841279086597,47.808877136792603],[13.073796363322391,47.808742390109565],[13.073931109716678,47.808697473867561],[13.073931109716678,47.8085627279251],[13.07343703900537,47.808607643076975],[13.073257375948547,47.808832221270421]]],[[[13.047790255323045,47.785341384167168],[13.047969916583241,47.785521045784606],[13.048104662977563,47.78547612998576],[13.048239410270181,47.785655792948234],[13.048374156664469,47.785610877265839],[13.048374156664469,47.786060032946828],[13.048239410270181,47.786015117010152],[13.048239410270181,47.786104948241103],[13.047969916583241,47.786149864100153],[13.04788008595316,47.786329525941021],[13.047925000819037,47.786554103877727],[13.048419072428674,47.786509187764459],[13.048688566115613,47.786599018745065],[13.048913143140016,47.786419357232127],[13.048778396745695,47.786104948241103],[13.048688566115613,47.786149864100153],[13.048688566115613,47.785925286227581],[13.048778396745695,47.785925286227581],[13.048868228274106,47.786104948241103],[13.048958058904221,47.785970202241842],[13.049631791774022,47.785835455289707],[13.04976653906664,47.785700707988234],[13.050619934993298,47.785700707988234],[13.050575019229093,47.785790539158967],[13.050664849859208,47.785790539158967],[13.050844512916031,47.786060032946828],[13.05133858362734,47.785925286227581],[13.05133858362734,47.786778682051271],[13.051158920570515,47.786913427765342],[13.051787738574442,47.787497330876569],[13.052596218736893,47.787587161960097],[13.052686050265306,47.787676992888315],[13.052910628188039,47.788171064141594],[13.052865713322129,47.788260895267747],[13.053314868269265,47.788395641967661],[13.053584361956171,47.789024459908696],[13.053494530427757,47.78987785494099],[13.054123348431684,47.790147349263684],[13.054347926354417,47.78987785494099],[13.054617419143025,47.788575303891974],[13.055066574988457,47.787542246135928],[13.055380984439568,47.787452414974815],[13.05587505515091,47.787497330876569],[13.056009802443528,47.787317668243738],[13.056144547939484,47.78736258426197],[13.056099633073609,47.787272752790301],[13.056279295232102,47.787093091191913],[13.056414041626423,47.787093091191913],[13.056593703784916,47.787272752790301],[13.056548788020709,47.787407499034209],[13.056638620447453,47.78736258426197],[13.056997943866142,47.787766824264892],[13.057222521788875,47.787721907992463],[13.057222521788875,47.789338868138614],[13.056773365943442,47.789383784220767],[13.056324210996308,47.78929395322475],[13.056099633073609,47.790282095297471],[13.055785223622497,47.791000743963387],[13.055695392992382,47.791000743963387],[13.055425899305478,47.791135490802134],[13.05524623714695,47.790910912744671],[13.055066574988457,47.790910912744671],[13.054931827695839,47.790731251048378],[13.054841997065724,47.790776165927156],[13.054841997065724,47.790641419967358],[13.054752166435643,47.790641419967358],[13.054258094826004,47.790102433237948],[13.054123348431684,47.790192264043576],[13.054168264195889,47.790910912744671],[13.053584361956171,47.79095582927873],[13.053584361956171,47.79086599677531],[13.053404698899346,47.790821081974151],[13.053449614663553,47.789922771160867],[13.053269953403355,47.790012602277045],[13.053225036740853,47.790192264043576],[13.052686050265306,47.790731251048378],[13.05237164171249,47.79055158873102],[13.052012317395471,47.79055158873102],[13.051742823708565,47.790416842188925],[13.051608077314278,47.790416842188925],[13.051608077314278,47.790596503765087],[13.051428415155751,47.790641419967358],[13.051428415155751,47.790776165927156],[13.05133858362734,47.790731251048378],[13.051158920570515,47.79095582927873],[13.050709765623415,47.790731251048378],[13.050619934993298,47.791629561767898],[13.050395357070599,47.791539731032557],[13.050170779147866,47.790776165927156],[13.049811454830847,47.791000743963387],[13.049586876908148,47.791404984034941],[13.04922755169283,47.791449900141984],[13.04918263682692,47.791360069096129],[13.049407214749653,47.79086599677531],[13.049541961143941,47.790776165927156],[13.049541961143941,47.790641419967358],[13.049407214749653,47.790686334923734],[13.049407214749653,47.790596503765087],[13.04918263682692,47.790461756735908],[13.048643650351407,47.791045659816284],[13.048419072428674,47.791090575026836],[13.048104662977563,47.790596503765087],[13.048284326034388,47.790237179991678],[13.048194495404273,47.789967686134801],[13.048284326034388,47.789114290766953],[13.048194495404273,47.789024459908696],[13.048014832347448,47.789069375055462],[13.048014832347448,47.788979544119606],[13.047745338660542,47.789024459908696],[13.047700422896337,47.789114290766953],[13.047206352185029,47.789024459908696],[13.047206352185029,47.789204122073514],[13.047116520656617,47.789249037065012],[13.04716143731912,47.789383784220767],[13.047071605790709,47.789473615061475],[13.046936859396421,47.789338868138614],[13.046936859396421,47.789204122073514],[13.047116520656617,47.789159205836093],[13.047116520656617,47.789024459908696],[13.047026690026502,47.788934628291642],[13.046936859396421,47.788979544119606],[13.046802112103803,47.788665134923008],[13.046532619315194,47.788799881781998],[13.04657753418107,47.788889713028439],[13.046218209864049,47.788889713028439],[13.046308041392463,47.789024459908696],[13.046218209864049,47.789024459908696],[13.046173294099844,47.78929395322475],[13.046352957156667,47.789383784220767],[13.046487702652659,47.789653276880671],[13.046487702652659,47.790057517173338],[13.046352957156667,47.790192264043576],[13.046083462571431,47.790102433237948],[13.045319899071515,47.790102433237948],[13.044915658990289,47.79055158873102],[13.044735996831795,47.790506673054637],[13.043972432433549,47.79086599677531],[13.043658022982404,47.79086599677531],[13.043658022982404,47.790506673054637],[13.043433445059703,47.790327011167946],[13.04347836082391,47.790147349263684],[13.04334361442959,47.790057517173338],[13.04334361442959,47.78969819329464],[13.0415919068121,47.789653276880671],[13.041412244653573,47.790102433237948],[13.040963089706471,47.790237179991678],[13.040783426649647,47.790237179991678],[13.040783426649647,47.790102433237948],[13.040513933861039,47.789967686134801],[13.040469018096832,47.79086599677531],[13.040379186568421,47.790596503765087],[13.039076635694661,47.790596503765087],[13.037774084820901,47.791180405935044],[13.036561364577222,47.791584645816137],[13.036381703317026,47.791584645816137],[13.036157125394327,47.791315152911437],[13.035707968650563,47.791270237894985],[13.035438475861955,47.79095582927873],[13.035393560097749,47.790596503765087],[13.035483390727865,47.79055158873102],[13.035438475861955,47.790416842188925],[13.035573223154573,47.790461756735908],[13.035573223154573,47.790371925792556],[13.035438475861955,47.790371925792556],[13.035483390727865,47.790282095297471],[13.035303728569337,47.790147349263684],[13.035348645231874,47.789922771160867],[13.035168983073348,47.789967686134801],[13.034944405150648,47.790192264043576],[13.034989320016523,47.790282095297471],[13.034854573622235,47.790237179991678],[13.034764742093824,47.790371925792556],[13.034495249305216,47.790371925792556],[13.034270671382517,47.790506673054637],[13.034180839854104,47.790192264043576],[13.034046094358114,47.790192264043576],[13.034091009223989,47.790102433237948],[13.033911347065496,47.789922771160867],[13.033776599772878,47.789922771160867],[13.033686769142763,47.790102433237948],[13.033237613297331,47.789922771160867],[13.033237613297331,47.790057517173338],[13.033102866903043,47.790012602277045],[13.032968119610425,47.790192264043576],[13.032743541687692,47.790192264043576],[13.032653711057611,47.790282095297471],[13.032653711057611,47.790371925792556],[13.033147781768919,47.790776165927156],[13.033192698431456,47.791000743963387],[13.032833373216105,47.791225322236194],[13.032653711057611,47.791000743963387],[13.032204556110511,47.79095582927873],[13.032339301606466,47.791360069096129],[13.032294386740592,47.791494815003205],[13.032069808817893,47.791584645816137],[13.031979978187776,47.791584645816137],[13.03184523089516,47.791360069096129],[13.03184523089516,47.791045659816284],[13.032069808817893,47.790776165927156],[13.032069808817893,47.790641419967358],[13.031530822342345,47.790686334923734],[13.031126582261118,47.790641419967358],[13.031036750732707,47.790506673054637],[13.030677427314016,47.79055158873102],[13.030587595785605,47.790596503765087],[13.030632510651481,47.79095582927873],[13.030542680021398,47.79095582927873],[13.030497764257193,47.791225322236194],[13.029913862017471,47.791270237894985],[13.029824031387358,47.791404984034941],[13.029824031387358,47.791764308786703],[13.02955453770045,47.791899054852685],[13.029285044013514,47.79194397113617],[13.028701141773793,47.791539731032557],[13.028431648985185,47.791539731032557],[13.02825198592836,47.791764308786703],[13.02825198592836,47.792033801776235],[13.027982493139753,47.792213463797538],[13.02834181835507,47.792617704091867],[13.028296901692567,47.792752450962546],[13.028162155298247,47.792752450962546],[13.028027408903958,47.792527873254173],[13.027937578273876,47.792572788994164],[13.027982493139753,47.792438042261146],[13.027847745847135,47.792303295178733],[13.027578253058525,47.792303295178733],[13.027443505765907,47.792438042261146],[13.027488422428444,47.792527873254173],[13.027353675135826,47.792482958078828],[13.0271740129773,47.792707534774323],[13.027263843607415,47.793066860175685],[13.026724857131867,47.793021944259223],[13.026724857131867,47.793111774846345],[13.02659011073758,47.793066860175685],[13.026545194973375,47.793156691288672],[13.026410448579053,47.793021944259223],[13.026185870656354,47.793021944259223],[13.026051124262032,47.793111774846345],[13.025557052652429,47.793066860175685],[13.025332474729696,47.793156691288672],[13.025197728335408,47.792977028907401],[13.024703656725769,47.793021944259223],[13.024838404018388,47.793246522246378],[13.024793488254183,47.793605846938306],[13.024883319782594,47.793650761746576],[13.024928234648469,47.793875340033651],[13.02456891122978,47.793875340033651],[13.024254501778636,47.793560930884176],[13.023850261697408,47.793516014791258],[13.023805345933203,47.793785508955985],[13.02371551530312,47.793830424212459],[13.02371551530312,47.794593989099106],[13.023086697299195,47.794683819986069],[13.023041782433287,47.79477365071773],[13.02263754235206,47.79490839803276],[13.021829062189608,47.79490839803276],[13.021290074815797,47.795132975712313],[13.020975666262983,47.795492300032457],[13.020616341047631,47.795627047294268],[13.020391764023231,47.795582131176872],[13.020032438807913,47.795177891011051],[13.019762946019304,47.795132975712313],[13.019493452332366,47.795267722095502],[13.019179043779586,47.795267722095502],[13.019089212251172,47.795447383798574],[13.018909550092646,47.795537216227558],[13.018460395145544,47.795537216227558],[13.018190900560308,47.795761792999748],[13.017831577141585,47.795761792999748],[13.017786661377379,47.795941456011789],[13.017876492007494,47.796031286983116],[13.018011239300112,47.79598637121515],[13.017966324434203,47.796076202108829],[13.018056155064318,47.796076202108829],[13.0181459856944,47.796390611125794],[13.018235817222811,47.796435527147835],[13.0181459856944,47.797109259801381],[13.017831577141585,47.797109259801381],[13.017337506430277,47.797603331298426],[13.017382421296153,47.797693161810408],[13.017247674901865,47.797693161810408],[13.016888349686548,47.798142318074817],[13.016147243170405,47.798098723249275],[13.016259531682589,47.798052487132558],[13.015091728101448,47.797288921774943],[13.014193417308912,47.796390611125794],[13.013699344800944,47.795357553024687],[13.013789177227686,47.794863481897586],[13.014507824963397,47.794728736276539],[13.014597657390137,47.794593989099106],[13.01468748802022,47.794638904260253],[13.01468748802022,47.794459242175741],[13.01482223441454,47.794459242175741],[13.014912065942953,47.794504158056853],[13.014912065942953,47.794638904260253],[13.015001896573034,47.794593989099106],[13.015136642967322,47.794728736276539],[13.015226473597437,47.795043143791389],[13.015630713678664,47.794953312922132],[13.015945123129775,47.794549073295649],[13.016484109605322,47.794459242175741],[13.016394278975207,47.793875340033651],[13.016079870422393,47.793920255212477],[13.016079870422393,47.793785508955985],[13.015900208263899,47.793785508955985],[13.015720546105372,47.793875340033651],[13.015810376735487,47.793066860175685],[13.017786661377379,47.793201607088704],[13.017786661377379,47.792707534774323],[13.0179214077717,47.792617704091867],[13.018235817222811,47.792617704091867],[13.018864635226771,47.792752450962546],[13.019044297385264,47.792572788994164],[13.019089212251172,47.792348211112881],[13.01922395864546,47.792303295178733],[13.019134128015379,47.792078717943305],[13.019628198726686,47.792393125801169],[13.01980786088518,47.791899054852685],[13.020032438807913,47.791809223979698],[13.020122270336325,47.791539731032557],[13.020301933393149,47.791629561767898],[13.020436678889139,47.791584645816137],[13.02052651041755,47.791719392951443],[13.020661256811838,47.791629561767898],[13.020840918970364,47.791719392951443],[13.020885834734571,47.791090575026836],[13.021514652738496,47.791090575026836],[13.021559567604372,47.790282095297471],[13.021829062189608,47.790057517173338],[13.022233302270834,47.790237179991678],[13.022233302270834,47.789922771160867],[13.022502795059442,47.78929395322475],[13.022907035140669,47.789024459908696],[13.023535853144628,47.789608362238518],[13.023580768010504,47.789832939889372],[13.023895176563318,47.789608362238518],[13.024029923855936,47.78969819329464],[13.02398500809173,47.78987785494099],[13.024074838721811,47.78987785494099],[13.024209586014429,47.790192264043576],[13.024119755384348,47.790641419967358],[13.024254501778636,47.790776165927156],[13.02456891122978,47.790506673054637],[13.025107896806997,47.790461756735908],[13.025152812571202,47.790282095297471],[13.025377391392231,47.790102433237948],[13.025332474729696,47.789832939889372],[13.025422306258108,47.789743109066201],[13.025512136888223,47.789788024195452],[13.025467222022314,47.789653276880671],[13.026006209396158,47.789743109066201],[13.026365532814847,47.789608362238518],[13.026500280107465,47.789743109066201],[13.026724857131867,47.789743109066201],[13.026994350818807,47.78956344574695],[13.027129097213093,47.789159205836093],[13.026635025603456,47.788934628291642],[13.026320617050642,47.789069375055462],[13.026320617050642,47.787991402027004],[13.026904520188692,47.788036316859397],[13.026994350818807,47.787901571038581],[13.0271740129773,47.787946485948652],[13.027308760269918,47.787766824264892],[13.02766808368864,47.787991402027004],[13.027982493139753,47.787856654882596],[13.028431648985185,47.787856654882596],[13.028207071062452,47.788530387714665],[13.028656226009586,47.788530387714665],[13.028880803932287,47.788260895267747],[13.028746058436298,47.787901571038581],[13.028835889066411,47.787497330876569],[13.029150297619225,47.78736258426197],[13.02968928409474,47.78736258426197],[13.030183354806049,47.787497330876569],[13.030632510651481,47.787497330876569],[13.030812172810007,47.78736258426197],[13.030902004338419,47.787093091191913],[13.030812172810007,47.786643934780749],[13.030946920102625,47.786643934780749],[13.031126582261118,47.786868513169694],[13.031306244419646,47.786823596724545],[13.031800316029283,47.787227837298055],[13.032114724582097,47.787632077141829],[13.032159640346304,47.787946485948652],[13.032339301606466,47.787991402027004],[13.032474048899084,47.788440557054294],[13.032608796191703,47.788485472705673],[13.032788458350229,47.788350726238654],[13.033013036272928,47.787946485948652],[13.033192698431456,47.787901571038581],[13.033237613297331,47.787003259254462],[13.033686769142763,47.787093091191913],[13.034405417776803,47.786913427765342],[13.035168983073348,47.786464272819494],[13.035348645231874,47.786509187764459],[13.035528307390367,47.787003259254462],[13.035528307390367,47.787497330876569],[13.035438475861955,47.787632077141829],[13.035663053784688,47.787676992888315],[13.035663053784688,47.787766824264892],[13.036696111869841,47.787676992888315],[13.037280014109559,47.787901571038581],[13.037818999686776,47.787632077141829],[13.038268156430538,47.787721907992463],[13.038986805064546,47.787407499034209],[13.039211382987279,47.787407499034209],[13.039930031621319,47.787721907992463],[13.040424103230958,47.787497330876569],[13.040334271702546,47.786194778713224],[13.040424103230958,47.786060032946828],[13.04217580995015,47.786149864100153],[13.042265640580231,47.787093091191913],[13.043388530193795,47.787048174940828],[13.043568192352321,47.786509187764459],[13.043792770275022,47.78628461023721],[13.043568192352321,47.785610877265839],[13.043613108116528,47.785521045784606],[13.044960573856198,47.785431214751718],[13.045409729701598,47.785835455289707],[13.045364813937391,47.785970202241842],[13.045454644567506,47.786149864100153],[13.045903801311235,47.786329525941021],[13.046173294099844,47.786329525941021],[13.046173294099844,47.785880370174468],[13.046532619315194,47.785925286227581],[13.04671228057539,47.785790539158967],[13.046757197237895,47.785880370174468],[13.047251267949235,47.785880370174468],[13.047565677400346,47.785700707988234],[13.047610592266222,47.785565962148219],[13.047700422896337,47.785565962148219],[13.047655508030427,47.785386298875252],[13.047790255323045,47.785341384167168]],[[13.019448536568159,47.794818566930552],[13.019897693311922,47.794863481897586],[13.01980786088518,47.794683819986069],[13.019718030255099,47.794683819986069],[13.019448536568159,47.794818566930552]],[[13.049856369696755,47.787182921766949],[13.050125864281991,47.787856654882596],[13.050305526440484,47.787991402027004],[13.050619934993298,47.787632077141829],[13.05075468138762,47.787272752790301],[13.050440271936475,47.787048174940828],[13.050485187700682,47.786958344132913],[13.050350441306394,47.787003259254462],[13.050260609777983,47.786868513169694],[13.049991116989373,47.787003259254462],[13.049856369696755,47.787182921766949]],[[13.051203837233052,47.788485472705673],[13.051069089940434,47.788799881781998],[13.051069089940434,47.789114290766953],[13.051158920570515,47.789204122073514],[13.051518245785866,47.789204122073514],[13.052102148025586,47.789069375055462],[13.052236895318204,47.78862022003046],[13.051742823708565,47.788440557054294],[13.051563160651742,47.788485472705673],[13.051473330021661,47.788395641967661],[13.051203837233052,47.788485472705673]]],[[[13.012531541219801,47.798501642100995],[13.012980696166903,47.798546558108363],[13.013115442561222,47.79868130529416],[13.013070527695316,47.798816050923641],[13.013160359223727,47.798771135752645],[13.013699344800944,47.799310123086322],[13.013699344800944,47.799489785294014],[13.013340021382254,47.799714363085059],[13.013340021382254,47.799804194171038],[13.015226473597437,47.800657588981807],[13.015001896573034,47.800567758164625],[13.014867150178747,47.800612674196053],[13.014373078569108,47.801106744961658],[13.014417994333314,47.801286406990329],[13.014148500646376,47.801510984859291],[13.014148500646376,47.801645732200754],[13.014867150178747,47.801960140098181],[13.014867150178747,47.802454211926836],[13.014597657390137,47.802678788971036],[13.014417994333314,47.802499126930655],[13.01410358488217,47.802409296280786],[13.013923922723675,47.802588958028487],[13.01396883938618,47.802678788971036],[13.013834092093562,47.802678788971036],[13.013744260565151,47.802858452200283],[13.013879007857769,47.802993197856779],[13.013834092093562,47.803127944973944],[13.014013754252087,47.803307607253103],[13.013699344800944,47.803397438159635],[13.013474767776541,47.803711846919391],[13.013160359223727,47.803936425163755],[13.013205274089636,47.804071172247703],[13.013115442561222,47.804026256189637],[13.013025611931109,47.80411608706018],[13.013160359223727,47.804385581153156],[13.013070527695316,47.804385581153156],[13.013070527695316,47.804520327071984],[13.012980696166903,47.804475412005679],[13.012980696166903,47.804699989965691],[13.01351968264245,47.804879652237993],[13.01351968264245,47.805283891737801],[13.013654429935068,47.805418638946506],[13.014013754252087,47.805508469822527],[13.014193417308912,47.805328806708403],[13.014642572256015,47.805328806708403],[13.014507824963397,47.805822879078583],[13.014597657390137,47.805957624889032],[13.014956980808829,47.806047456039629],[13.014956980808829,47.806137287034858],[13.014777318650335,47.806227119081399],[13.01482223441454,47.806316949765915],[13.01468748802022,47.806272033839697],[13.014507824963397,47.806451696104673],[13.014552740727602,47.80681102118362],[13.01468748802022,47.806945768050689],[13.015091728101448,47.806945768050689],[13.015181558731529,47.80681102118362],[13.015136642967322,47.807350007761144],[13.015765460971281,47.807260175846615],[13.015945123129775,47.807574584755983],[13.015945123129775,47.807844079005385],[13.015855291601364,47.807933909909963],[13.01482223441454,47.808203402898215],[13.014642572256015,47.808607643076975],[13.014642572256015,47.808922052275904],[13.014777318650335,47.809101713820738],[13.015136642967322,47.809101713820738],[13.01527139025994,47.808922052275904],[13.015540883048548,47.808832221270421],[13.015495968182673,47.809820362834586],[13.015136642967322,47.81004494121381],[13.014642572256015,47.809955109737324],[13.014462910097519,47.810134771931594],[13.013789177227686,47.810449180935102],[13.013923922723675,47.810718674144447],[13.014013754252087,47.810718674144447],[13.01396883938618,47.810898336713677],[13.01410358488217,47.810988167765188],[13.014013754252087,47.811347492227313],[13.014058670016293,47.811706817219637],[13.014193417308912,47.811706817219637],[13.014148500646376,47.811796648079245],[13.014373078569108,47.81193139528385],[13.015091728101448,47.811841562847512],[13.014956980808829,47.812470381209252],[13.014417994333314,47.812829706274535],[13.014013754252087,47.812874620752588],[13.013923922723675,47.813099199195946],[13.014283247938994,47.81345852413299],[13.014373078569108,47.813413607746924],[13.014328162804901,47.813548354978714],[13.014867150178747,47.814087341012652],[13.015046812337241,47.814087341012652],[13.016349363211001,47.813054283705625],[13.016394278975207,47.812290719252417],[13.016573941133734,47.811886478783464],[13.016798519056433,47.811661901128296],[13.017741745613174,47.811302577031768],[13.01850531001142,47.811257661194048],[13.018729887934153,47.811392407987334],[13.018999380722761,47.811751732065595],[13.018864635226771,47.81193139528385],[13.018595140641535,47.812021225754989],[13.017786661377379,47.812021225754989],[13.017337506430277,47.812155971773635],[13.017247674901865,47.812515297204605],[13.017068011845042,47.812650043147784],[13.016933266349051,47.81260512787226],[13.016394278975207,47.813144115250687],[13.016349363211001,47.813278860768719],[13.016439194739412,47.813413607746924],[13.016304448345126,47.81345852413299],[13.016079870422393,47.814087341012652],[13.015585798812754,47.814311919037287],[13.015585798812754,47.81507548393293],[13.015630713678664,47.815165314997621],[13.015765460971281,47.815165314997621],[13.015720546105372,47.81525514590696],[13.015810376735487,47.815344977264125],[13.016663771763815,47.81512039888144],[13.016978181214961,47.81512039888144],[13.017068011845042,47.815210229868484],[13.016933266349051,47.815389893186037],[13.016214616816713,47.815524638908954],[13.016124786186598,47.815659386091887],[13.016169701052508,47.815749216749715],[13.016304448345126,47.815749216749715],[13.016259531682589,47.815883963953091],[13.016349363211001,47.815883963953091],[13.016394278975207,47.815749216749715],[13.016394278975207,47.815839047855327],[13.017023096979166,47.815973794825588],[13.017157843373454,47.816243287717114],[13.017562082556349,47.816198373136615],[13.017606999218886,47.816467866068962],[13.017023096979166,47.816827190014742],[13.017157843373454,47.817096683905916],[13.017247674901865,47.817096683905916],[13.017202759137659,47.81727634612502],[13.017966324434203,47.817186515093177],[13.018011239300112,47.817051768253975],[13.018280732088721,47.816917022271497],[13.018729887934153,47.816917022271497],[13.018684972169947,47.817680586257943],[13.018550225775625,47.817905163821962],[13.018684972169947,47.818039910859234],[13.018864635226771,47.817994994816878],[13.018999380722761,47.81817465694364],[13.019134128015379,47.81812974222423],[13.019268875307997,47.817905163821962],[13.019718030255099,47.817815333274851],[13.019762946019304,47.817411092984621],[13.019987523942003,47.817635671111127],[13.020706172576045,47.817545838891306],[13.020885834734571,47.817366177001489],[13.021469736974291,47.81750092423114],[13.021424822108415,47.817905163821962],[13.021290074815797,47.817815333274851],[13.021200244185682,47.817860248266243],[13.021200244185682,47.817680586257943],[13.021065496893064,47.817680586257943],[13.020930749600446,47.817860248266243],[13.020840918970364,47.817860248266243],[13.020840918970364,47.817725501969086],[13.020661256811838,47.817725501969086],[13.020706172576045,47.817905163821962],[13.020616341047631,47.817905163821962],[13.020571426181757,47.818084826259572],[13.020661256811838,47.818084826259572],[13.020706172576045,47.818264488075442],[13.020616341047631,47.818264488075442],[13.020616341047631,47.818354319051871],[13.02075108834025,47.818309403884719],[13.020706172576045,47.818444151079255],[13.021065496893064,47.818713643816075],[13.021065496893064,47.81884839116789],[13.020885834734571,47.81920771492544],[13.020436678889139,47.819477207921153],[13.020571426181757,47.81974670193074],[13.020661256811838,47.81974670193074],[13.020616341047631,47.819926364027715],[13.021245159051592,47.819926364027715],[13.02137990634421,47.819791617060865],[13.021604484266909,47.819836532755346],[13.021604484266909,47.820375519867468],[13.02169431489699,47.820465350810366],[13.022727372982175,47.820195856912122],[13.022996865770784,47.820510265921953],[13.023131613063402,47.820465350810366],[13.023086697299195,47.820555182201019],[13.023266358559392,47.820689927789196],[13.023446021616216,47.82064501283309],[13.023356190986101,47.821273830746307],[13.023670598640585,47.821408576881886],[13.023850261697408,47.821408576881886],[13.02394009322582,47.820959422138586],[13.024209586014429,47.820824674837191],[13.024299416644544,47.821228915089016],[13.024209586014429,47.821363661944361],[13.024344333307047,47.821318745761609],[13.024299416644544,47.821408576881886],[13.024434163937162,47.821722985785208],[13.024658741859861,47.821722985785208],[13.024703656725769,47.821812816809171],[13.024703656725769,47.822037395196979],[13.02456891122978,47.821992480200329],[13.024434163937162,47.82212722628006],[13.024434163937162,47.822261973216371],[13.024613826095655,47.82235180391082],[13.025422306258108,47.822306889186201],[13.025332474729696,47.823250114972019],[13.025512136888223,47.823205199818304],[13.025646884180841,47.823384862009398],[13.025736714810922,47.823339945765959],[13.025736714810922,47.82347469317331],[13.02587146210354,47.82347469317331],[13.026230786420561,47.822756043731189],[13.026679942265993,47.82253146603972],[13.027398590900033,47.822711128753156],[13.027713000351143,47.822711128753156],[13.027757915217054,47.82262129807733],[13.027982493139753,47.822576381776379],[13.028027408903958,47.82266621313309],[13.028117240432371,47.82262129807733],[13.028117240432371,47.822756043731189],[13.028207071062452,47.822756043731189],[13.028611311143679,47.823205199818304],[13.028630560243583,47.82319557479277],[13.028566395379473,47.823339945765959],[13.028521479615266,47.823878933296669],[13.028072323769834,47.824867075032515],[13.027847745847135,47.825136568806577],[13.027623168822732,47.825226399954765],[13.027623168822732,47.826618781869044],[13.027443505765907,47.826618781869044],[13.0269494350546,47.826528950718142],[13.026814688660279,47.826349289156262],[13.025916376969414,47.826259458142076],[13.025961292733621,47.826079796250454],[13.02645536434326,47.825855217860628],[13.026500280107465,47.825675555775994],[13.025781630575128,47.825540809256772],[13.025736714810922,47.825316230947443],[13.025601968416634,47.825361147290145],[13.025646884180841,47.825226399954765],[13.025512136888223,47.825226399954765],[13.025557052652429,47.825091652872644],[13.025422306258108,47.825091652872644],[13.025467222022314,47.824956907250176],[13.02528755986382,47.824956907250176],[13.025377391392231,47.824822160071605],[13.024883319782594,47.824822160071605],[13.024928234648469,47.824507751241597],[13.02394009322582,47.824193341713475],[13.02371551530312,47.824193341713475],[13.023670598640585,47.824283173287732],[13.023670598640585,47.825091652872644],[13.023535853144628,47.825091652872644],[13.023311275221895,47.824507751241597],[13.022996865770784,47.824328088714964],[13.022817203612256,47.824462834763573],[13.022862119376462,47.825091652872644],[13.022098554978216,47.825091652872644],[13.021739229762899,47.824911991160775],[13.02169431489699,47.824642498030066],[13.021604484266909,47.824597582271736],[13.021649399132784,47.824507751241597],[13.021514652738496,47.824507751241597],[13.021469736974291,47.824417920056028],[13.021514652738496,47.823789102229149],[13.020885834734571,47.823789102229149],[13.020796004104456,47.823923849073687],[13.020661256811838,47.823878933296669],[13.020706172576045,47.823968764208736],[13.020167186100531,47.824507751241597],[13.019987523942003,47.824507751241597],[13.019493453230696,47.823878933296669],[13.018774803698358,47.82365435503479],[13.018819718564234,47.82235180391082],[13.019089212251172,47.822261973216371],[13.019268875307997,47.821543323874081],[13.018999380722761,47.821318745761609],[13.018774803698358,47.821318745761609],[13.018460395145544,47.820869590844232],[13.017831577141585,47.821094169090244],[13.017472251926268,47.820869590844232],[13.017202759137659,47.820869590844232],[13.016888349686548,47.821094169090244],[13.016933266349051,47.821228915089016],[13.016663771763815,47.821273830746307],[13.016439194739412,47.821273830746307],[13.016259531682589,47.82113908426097],[13.015810376735487,47.821183999995995],[13.015855291601364,47.821049253277508],[13.015720546105372,47.821049253277508],[13.015585798812754,47.820555182201019],[13.015810376735487,47.820330604036116],[13.015945123129775,47.820375519867468],[13.016124786186598,47.82024077286006],[13.016169701052508,47.819971280208762],[13.015945123129775,47.820195856912122],[13.015765460971281,47.820150942131711],[13.015451052418467,47.820510265921953],[13.015316306024147,47.820510265921953],[13.015181558731529,47.820285688165939],[13.014597657390137,47.820330604036116],[13.014373078569108,47.820150942131711],[13.014462910097519,47.819522123887644],[13.014373078569108,47.819522123887644],[13.014373078569108,47.819432293122219],[13.014507824963397,47.819477207921153],[13.014507824963397,47.819342462201362],[13.01482223441454,47.81929754607944],[13.014777318650335,47.81884839116789],[13.014283247938994,47.818803475221742],[13.014058670016293,47.818983136963617],[13.013923922723675,47.819252631125075],[13.013340021382254,47.819162799290154],[13.013295104719719,47.81929754607944],[13.013205274089636,47.81929754607944],[13.01325018985384,47.819477207921153],[13.013025611931109,47.819701786158596],[13.012890864638491,47.819656870950745],[13.012890864638491,47.819387377078016],[13.012756119142534,47.81929754607944],[13.012801034008408,47.81920771492544],[13.012621371849916,47.81929754607944],[13.012621371849916,47.81920771492544],[13.012801034008408,47.818983136963617],[13.012801034008408,47.818758559236727],[13.012935781301026,47.818803475221742],[13.013160359223727,47.818668727753348],[13.013429852012337,47.817950078735649],[13.012531541219801,47.817905163821962],[13.012082385374368,47.817994994816878],[13.011992553845957,47.817635671111127],[13.012306963297101,47.81727634612502],[13.012172216004483,47.816872105860952],[13.011588313764729,47.816512782225999],[13.010779833602278,47.816512782225999],[13.010690002972197,47.816422949873093],[13.010734918736402,47.816333119174388],[13.010600172342114,47.816333119174388],[13.010510340813703,47.816198373136615],[13.010914580894896,47.815704301138631],[13.011004412423308,47.814985652712764],[13.012306963297101,47.814042425773764],[13.011857808349966,47.813638186272335],[13.011902723215876,47.813503439273667],[13.011723061057348,47.813278860768719],[13.010914580894896,47.813817847790133],[13.01064508720799,47.813638186272335],[13.010690002972197,47.813503439273667],[13.010600172342114,47.813548354978714],[13.010375594419381,47.813278860768719],[13.01006118496827,47.813413607746924],[13.009791692179663,47.813144115250687],[13.009836607045537,47.812964452005168],[13.009656944887045,47.812874620752588],[13.009701860651251,47.812739874788861],[13.009522197594427,47.812560211954597],[13.00956711425693,47.812380549705267],[13.01006118496827,47.812111057277299],[13.009791692179663,47.811751732065595],[13.009926437675652,47.811796648079245],[13.009926437675652,47.811482238787512],[13.010106100732477,47.811347492227313],[13.010240847126765,47.811392407987334],[13.010195932260888,47.811302577031768],[13.01028576289097,47.81121274592077],[13.010465425049498,47.81121274592077],[13.010555255679579,47.811302577031768],[13.010510340813703,47.811392407987334],[13.01064508720799,47.811392407987334],[13.010779833602278,47.811616986204633],[13.010914580894896,47.811616986204633],[13.012082385374368,47.810988167765188],[13.011902723215876,47.810628843230035],[13.011543398898855,47.810628843230035],[13.011318820976122,47.810673759008317],[13.011228990346041,47.810943252258831],[13.010600172342114,47.810943252258831],[13.010375594419381,47.811077999264604],[13.01028576289097,47.810314434107646],[13.009926437675652,47.810269519225209],[13.00956711425693,47.810494096868723],[13.009522197594427,47.810269519225209],[13.009522197594427,47.809775448128171],[13.009746776415456,47.809595785294135],[13.009881522809744,47.809640700759239],[13.009836607045537,47.809550869790172],[13.010375594419381,47.809101713820738],[13.010465425049498,47.807978825002351],[13.010690002972197,47.80788899417545],[13.010690002972197,47.807754247945383],[13.010555255679579,47.807754247945383],[13.010555255679579,47.807619500762449],[13.011318820976122,47.807439838916963],[13.011139158817629,47.807305092124977],[13.011139158817629,47.807080513964841],[13.011543398898855,47.806945768050689],[13.011633230427266,47.806766105081358],[13.011633230427266,47.806316949765915],[13.011947638980081,47.806182203077555],[13.011992553845957,47.806047456039629],[13.011767975923258,47.805733046936275],[13.011049327289216,47.805777962725166],[13.010914580894896,47.805957624889032],[13.01086966513069,47.806272033839697],[13.010959495760805,47.806406780898378],[13.010779833602278,47.806406780898378],[13.010824750264813,47.806676273966993],[13.010690002972197,47.806855936040357],[13.010420510183588,47.806855936040357],[13.009522197594427,47.806496611875481],[13.009522197594427,47.806361865049887],[13.008893381387095,47.806316949765915],[13.008893381387095,47.806406780898378],[13.008758634094477,47.806406780898378],[13.008444224643366,47.806227119081399],[13.00826456338317,47.806227119081399],[13.007995068797934,47.806002541087082],[13.007770491773531,47.806137287034858],[13.007815406639441,47.805957624889032],[13.007725576009324,47.805867794186476],[13.007725576009324,47.805463553800593],[13.007950153932057,47.805508469822527],[13.008129816090552,47.805283891737801],[13.00826456338317,47.805328806708403],[13.008219646720667,47.80523897612504],[13.008399308879159,47.805059313888869],[13.008534056171777,47.805059313888869],[13.008534056171777,47.805194061076755],[13.00871371833027,47.805418638946506],[13.00898321201721,47.805418638946506],[13.01028576289097,47.805059313888869],[13.010195932260888,47.804610158294814],[13.01006118496827,47.804430496297151],[13.009881522809744,47.804430496297151],[13.009926437675652,47.804565242702843],[13.009791692179663,47.804565242702843],[13.009836607045537,47.804430496297151],[13.009432366964312,47.80411608706018],[13.008578971935984,47.804250834281461],[13.008623886801859,47.804161003040569],[13.008489141305903,47.804161003040569],[13.008444224643366,47.804071172247703],[13.008444224643366,47.803891510195939],[13.008623886801859,47.803891510195939],[13.008668802566065,47.803801677730263],[13.008803549858683,47.803846593982527],[13.009028126883086,47.803666931757391],[13.009028126883086,47.803127944973944],[13.009207789939909,47.802948283280145],[13.009342536334231,47.802993197856779],[13.009297620570024,47.802903366854537],[13.009432366964312,47.802903366854537],[13.009432366964312,47.802768620965026],[13.009701860651251,47.802768620965026],[13.009791692179663,47.802588958028487],[13.009926437675652,47.802633874122598],[13.009926437675652,47.802499126930655],[13.010240847126765,47.802454211926836],[13.010510340813703,47.802139802795885],[13.01028576289097,47.801825394175637],[13.009746776415456,47.801825394175637],[13.009791692179663,47.801960140098181],[13.009656944887045,47.801960140098181],[13.009701860651251,47.801825394175637],[13.009612030021135,47.801870309119685],[13.009612030021135,47.80173556296414],[13.009701860651251,47.80173556296414],[13.009701860651251,47.801331323003829],[13.009028126883086,47.801331323003829],[13.009028126883086,47.801016913714307],[13.009162874175702,47.800927082915031],[13.009117958411498,47.80074742024707],[13.009252704805819,47.80074742024707],[13.009252704805819,47.800882167155436],[13.009342536334231,47.800882167155436],[13.009612030021135,47.800702504935565],[13.009701860651251,47.800477927192077],[13.010330678655176,47.800253349081252],[13.01028576289097,47.800028771206421],[13.009881522809744,47.799669446880408],[13.009926437675652,47.799534699843733],[13.009791692179663,47.799534699843733],[13.009836607045537,47.799399954267827],[13.009746776415456,47.799444868895208],[13.009656944887045,47.799355037791351],[13.009746776415456,47.798816050923641],[13.009971354338155,47.798726219939368],[13.01006118496827,47.798905882959424],[13.010240847126765,47.798995714236447],[13.010195932260888,47.799130460257331],[13.01028576289097,47.798995714236447],[13.010510340813703,47.798995714236447],[13.01028576289097,47.79922029114605],[13.01028576289097,47.799310123086322],[13.010420510183588,47.799355037791351],[13.010555255679579,47.799175375721127],[13.011408651606237,47.799040629213295],[13.011723061057348,47.798860967262641],[13.011678145293143,47.798726219939368],[13.011857808349966,47.798726219939368],[13.011902723215876,47.798860967262641],[13.011992553845957,47.798816050923641],[13.012037469610162,47.798905882959424],[13.011992553845957,47.79908554475471],[13.012082385374368,47.799265207135633],[13.012396793927183,47.798995714236447],[13.012531541219801,47.798501642100995]],[[13.015765460971281,47.81929754607944],[13.015900208263899,47.819477207921153],[13.015900208263899,47.819656870950745],[13.016169701052508,47.819701786158596],[13.016349363211001,47.819028052754341],[13.016079870422393,47.818983136963617],[13.015855291601364,47.81929754607944],[13.015765460971281,47.81929754607944]],[[13.026320617050642,47.823968764208736],[13.026230786420561,47.823878933296669],[13.025826546339333,47.823878933296669],[13.025736714810922,47.824148426772787],[13.027129097213093,47.824417920056028],[13.027218928741506,47.824148426772787],[13.0269494350546,47.824058594965344],[13.026320617050642,47.823968764208736]]],[[[13.039750368564496,47.831065422797202],[13.039121552357164,47.830526435713146],[13.039795285226999,47.829942533707353],[13.039705453698586,47.829852702278394],[13.039795285226999,47.829807786807123],[13.038941889300339,47.829178969143392],[13.038537649219148,47.829223885158825],[13.038223240666333,47.829089138201986],[13.037100351951066,47.829178969143392],[13.036696111869841,47.829089138201986],[13.036471533947141,47.829223885158825],[13.035842715943181,47.829223885158825],[13.035887630809091,47.829358631162776],[13.035663053784688,47.829313715866995],[13.035707968650563,47.829717955748002],[13.035079150646638,47.829673040160117],[13.034674910565412,47.829807786807123],[13.033821516435381,47.8302120270613],[13.033821516435381,47.830346774118077],[13.033686769142763,47.830301857868292],[13.03373168490697,47.830391689122841],[13.033596937614352,47.830346774118077],[13.033641854276889,47.830436605294871],[13.033507106984271,47.830391689122841],[13.033282529061538,47.830526435713146],[13.032653711057611,47.829807786807123],[13.033102866903043,47.829583208867767],[13.035573223154573,47.829313715866995],[13.035528307390367,47.829223885158825],[13.035707968650563,47.82926879992926],[13.035707968650563,47.828999307105107],[13.035977463235799,47.828909475852782],[13.035887630809091,47.82877472928579],[13.036381703317026,47.828684898247801],[13.036381703317026,47.828550151097744],[13.036291870890317,47.828460320274147],[13.035887630809091,47.82859506705433],[13.034315587146722,47.82859506705433],[13.033686769142763,47.828460320274147],[13.033147781768919,47.828505235705379],[13.031440990813932,47.828056080246974],[13.031081667395243,47.828190826870461],[13.031171498025325,47.828280658160502],[13.031036750732707,47.828280658160502],[13.031126582261118,47.82832557314412],[13.031171498025325,47.828729814087772],[13.03126132865544,47.82877472928579],[13.031396075948058,47.829313715866995],[13.030363017862872,47.830706097892424],[13.030138439940172,47.830840844872483],[13.029644369228864,47.830301857868292],[13.02955453770045,47.830301857868292],[13.02955453770045,47.8302120270613],[13.029374874643628,47.830256942785752],[13.029015551224905,47.829897617710742],[13.029195213383431,47.829538293766348],[13.028790973302204,47.829223885158825],[13.028835889066411,47.829134054295217],[13.028701141773793,47.829178969143392],[13.028207071062452,47.82859506705433],[13.02955453770045,47.827966249171283],[13.029509621936246,47.827831501964745],[13.029644369228864,47.827786587156623],[13.029509621936246,47.827651840086752],[13.029240129147636,47.826843359970646],[13.030093524175966,47.825450978049673],[13.030857088574214,47.824822160071605],[13.030452849391283,47.825181484098565],[13.030452849391283,47.825271315168976],[13.030902004338419,47.825720471204669],[13.03099183586683,47.825675555775994],[13.03099183586683,47.825810301945424],[13.031440990813932,47.826169626972458],[13.031440990813932,47.826349289156262],[13.03184523089516,47.826753529208474],[13.031935062423571,47.826708612864429],[13.031935062423571,47.826843359970646],[13.032114724582097,47.826888276198126],[13.032114724582097,47.826753529208474],[13.032249470976385,47.826618781869044],[13.032608796191703,47.826528950718142],[13.032608796191703,47.826214541973606],[13.032968119610425,47.826034879926461],[13.032923204744517,47.825540809256772],[13.033462191220064,47.825181484098565],[13.033372359691652,47.825945048971306],[13.034135924988195,47.825989964166773],[13.034046094358114,47.826124710726205],[13.034091009223989,47.826214541973606],[13.033956261931371,47.826214541973606],[13.033911347065496,47.826394204001893],[13.03422575561831,47.826439120014939],[13.03422575561831,47.826798443704341],[13.034405417776803,47.826798443704341],[13.03445033443934,47.826933191180458],[13.034405417776803,47.827157769127936],[13.034674910565412,47.827067937703696],[13.034674910565412,47.827202685083293],[13.034989320016523,47.827427261864663],[13.034989320016523,47.827157769127936],[13.035303728569337,47.82697810672709],[13.035258813703463,47.826843359970646],[13.035573223154573,47.82697810672709],[13.035573223154573,47.826528950718142],[13.036471533947141,47.826663698290822],[13.036471533947141,47.827157769127936],[13.036381703317026,47.82738234670677],[13.036606280341427,47.827337430906894],[13.036741026735715,47.827427261864663],[13.036741026735715,47.827966249171283],[13.036830858264127,47.828056080246974],[13.036965604658448,47.828011165030091],[13.037100351951066,47.828145911167134],[13.037280014109559,47.827966249171283],[13.037459676268087,47.828011165030091],[13.037459676268087,47.828145911167134],[13.037594422662373,47.828280658160502],[13.037774084820901,47.828280658160502],[13.038088494272012,47.828056080246974],[13.038088494272012,47.827876417940161],[13.038223239768003,47.827786587156623],[13.038178324902127,47.827606925123149],[13.038268156430538,47.827562008914512],[13.037369844739676,47.82738234670677],[13.037684254190786,47.827247599793601],[13.038402902824826,47.827337430906894],[13.038807142906053,47.827157769127936],[13.039346129381567,47.826708612864429],[13.040064778015607,47.826618781869044],[13.040064778015607,47.825900133133828],[13.041052921234883,47.825855217860628],[13.041097836100759,47.826663698290822],[13.044241925222156,47.826618781869044],[13.044511418909062,47.826663698290822],[13.044735996831795,47.82697810672709],[13.045274983307309,47.827112853133677],[13.045230068441432,47.826888276198126],[13.045319899071515,47.826888276198126],[13.045319899071515,47.826798443704341],[13.045769054018617,47.827023022234805],[13.045858884648732,47.82697810672709],[13.045813969782824,47.826843359970646],[13.045903801311235,47.826888276198126],[13.046263125628256,47.826484035989075],[13.046352957156667,47.826573867217704],[13.047206352185029,47.826573867217704],[13.047341098579317,47.826663698290822],[13.047925000819037,47.826573867217704],[13.04814957874177,47.826304373065483],[13.048598734587202,47.826169626972458],[13.048598734587202,47.825765387197606],[13.048688566115613,47.825585724198966],[13.049002974668428,47.825540809256772],[13.049137721062715,47.825406061784662],[13.049452129615529,47.825585724198966],[13.049452129615529,47.826079796250454],[13.049676708436559,47.826124710726205],[13.049631791774022,47.827023022234805],[13.049760924596114,47.827067937703696],[13.04922755169283,47.827067937703696],[13.049002974668428,47.827292516274319],[13.048104662977563,47.827651840086752],[13.047206352185029,47.827741671103468],[13.04729618281511,47.827921333273608],[13.047610592266222,47.828011165030091],[13.04788008595316,47.828639981765903],[13.047610592266222,47.829223885158825],[13.047700422896337,47.829583208867767],[13.047386014343523,47.829942533707353],[13.047386014343523,47.830256942785752],[13.047251267949235,47.830346774118077],[13.04729618281511,47.830481520221923],[13.047071605790709,47.830436605294871],[13.046981774262296,47.830571351165524],[13.046667365709482,47.8302120270613],[13.045948717075442,47.830167111297925],[13.045274983307309,47.829807786807123],[13.044960573856198,47.829493378023017],[13.045230068441432,47.828819645048021],[13.04549956123001,47.828729814087772],[13.04549956123001,47.828505235705379],[13.044241925222156,47.828505235705379],[13.043298698665383,47.828280658160502],[13.042624964897252,47.828280658160502],[13.042085979320035,47.828550151097744],[13.041771569868924,47.828460320274147],[13.041232583393377,47.828729814087772],[13.040469018096832,47.828819645048021],[13.040469018096832,47.829178969143392],[13.040019863149732,47.829762871297014],[13.039840200991204,47.829807786807123],[13.039930031621319,47.829897617710742],[13.039840200991204,47.829942533707353],[13.040469018096832,47.830616267182066],[13.040558849625246,47.830616267182066],[13.040558849625246,47.830751013792344],[13.040334271702546,47.831110337783102],[13.039930031621319,47.831110337783102],[13.039750368564496,47.831065422797202]],[[13.029958777781678,47.827966249171283],[13.030003692647554,47.827876417940161],[13.029779114724853,47.827921333273608],[13.029824031387358,47.827831501964745],[13.02968928409474,47.827831501964745],[13.029734199858947,47.827966249171283],[13.029599452566329,47.827966249171283],[13.02968928409474,47.828011165030091],[13.029913862017471,47.828639981765903],[13.030857088574214,47.828280658160502],[13.03099183586683,47.82832557314412],[13.030946920102625,47.828190826870461],[13.031036750732707,47.828190826870461],[13.030812172810007,47.828056080246974],[13.030363017862872,47.828056080246974],[13.03040793272878,47.827966249171283],[13.030138439940172,47.828056080246974],[13.030183354806049,47.827921333273608],[13.029958777781678,47.827966249171283]]],[[[13.060321695146035,47.819252631125075],[13.060501358202858,47.819432293122219],[13.060591188832941,47.819387377078016],[13.060591188832941,47.819522123887644],[13.060950513149962,47.819611955100832],[13.061354753231187,47.819881447807767],[13.0614445838613,47.819881447807767],[13.061130175308486,47.820689927789196],[13.060770850991467,47.821183999995995],[13.060501358202858,47.821767902221382],[13.059872540198933,47.822172141763296],[13.059558130747787,47.82253146603972],[13.058884397877954,47.822890790844738],[13.05848015689843,47.823339945765959],[13.058255579874027,47.823384862009398],[13.057941171321213,47.823609440230847],[13.058031001951328,47.823968764208736],[13.058345411402438,47.824283173287732],[13.058659819955253,47.824283173287732],[13.058749650585336,47.824328088714964],[13.058749650585336,47.824462834763573],[13.058839482113747,47.824417920056028],[13.058974229406365,47.824507751241597],[13.058929312743862,47.824597582271736],[13.05906406003648,47.824597582271736],[13.059108974902355,47.825136568806577],[13.059243722194973,47.825226399954765],[13.059243722194973,47.825900133133828],[13.058974229406365,47.825945048971306],[13.058614904191048,47.825855217860628],[13.05848015689843,47.826034879926461],[13.057806424028595,47.826169626972458],[13.057851339792801,47.826708612864429],[13.057986086187123,47.826663698290822],[13.057986086187123,47.826753529208474],[13.057851339792801,47.826753529208474],[13.05789625465871,47.826888276198126],[13.05776150916272,47.826888276198126],[13.057806424028595,47.826753529208474],[13.057536931239987,47.826843359970646],[13.057312353317288,47.827067937703696],[13.057267436654751,47.827247599793601],[13.057402183947369,47.82738234670677],[13.058255579874027,47.827651840086752],[13.058255579874027,47.828056080246974],[13.05789625465871,47.828056080246974],[13.057806424028595,47.828145911167134],[13.057851339792801,47.828056080246974],[13.05776150916272,47.828056080246974],[13.05776150916272,47.827966249171283],[13.057492014577484,47.827921333273608],[13.057402183947369,47.827966249171283],[13.057402183947369,47.828145911167134],[13.057536931239987,47.828460320274147],[13.056997943866142,47.828460320274147],[13.056953029000267,47.828370489295061],[13.056683535313327,47.82832557314412],[13.056683535313327,47.828460320274147],[13.056503873154835,47.828639981765903],[13.056414041626423,47.82859506705433],[13.056458957390628,47.828729814087772],[13.056414041626423,47.828819645048021],[13.056324210996308,47.82877472928579],[13.056369125862217,47.828909475852782],[13.056279295232102,47.828999307105107],[13.055336067777064,47.829178969143392],[13.055201322281075,47.828819645048021],[13.054707250671436,47.828280658160502],[13.053584361956171,47.827831501964745],[13.053090290346532,47.826753529208474],[13.052910628188039,47.826753529208474],[13.053314868269265,47.827966249171283],[13.053629276822079,47.827921333273608],[13.053629276822079,47.828639981765903],[13.05371910835049,47.828684898247801],[13.053674192586286,47.82877472928579],[13.053808938980572,47.82877472928579],[13.053808938980572,47.828909475852782],[13.053449614663553,47.829044222069889],[13.053494530427757,47.829223885158825],[13.053404698899346,47.82926879992926],[13.053404698899346,47.829448462240762],[13.05300045881812,47.829448462240762],[13.052775881793718,47.829134054295217],[13.052730966029511,47.82998744906196],[13.05237164171249,47.82998744906196],[13.051742823708565,47.829807786807123],[13.051473330021661,47.829313715866995],[13.051473330021661,47.828999307105107],[13.05169790794436,47.828550151097744],[13.051293667863133,47.827472178189915],[13.050530104363217,47.82738234670677],[13.050007450157866,47.827153686131474],[13.050664849859208,47.82738234670677],[13.050664849859208,47.826439120014939],[13.05075468138762,47.826394204001893],[13.05075468138762,47.825989964166773],[13.051563160651742,47.825945048971306],[13.052910628188039,47.825585724198966],[13.05300045881812,47.825675555775994],[13.053314868269265,47.825675555775994],[13.053359784033471,47.825585724198966],[13.053629276822079,47.825630639705366],[13.053584361956171,47.825765387197606],[13.053674192586286,47.825765387197606],[13.053674192586286,47.825675555775994],[13.053764024114697,47.825720471204669],[13.053808938980572,47.825316230947443],[13.054078432667477,47.825406061784662],[13.054392842118622,47.825361147290145],[13.054392842118622,47.825450978049673],[13.054482672748703,47.825450978049673],[13.054527587614613,47.824956907250176],[13.054392842118622,47.825001822094443],[13.054213179061799,47.824867075032515],[13.054437756984498,47.824822160071605],[13.054437756984498,47.824911991160775],[13.054527587614613,47.824911991160775],[13.054527587614613,47.824777243865597],[13.054662334907231,47.824777243865597],[13.054572504277116,47.824283173287732],[13.054931827695839,47.82401367990802],[13.054931827695839,47.823923849073687],[13.054841997065724,47.823923849073687],[13.054886912829931,47.823744185732387],[13.054617419143025,47.82347469317331],[13.05690811323606,47.82365435503479],[13.05690811323606,47.822711128753156],[13.057806424028595,47.82253146603972],[13.057806424028595,47.821947563958467],[13.058031001951328,47.821947563958467],[13.058031001951328,47.821318745761609],[13.058704734821129,47.821318745761609],[13.058749650585336,47.821228915089016],[13.058974229406365,47.821318745761609],[13.058929312743862,47.820959422138586],[13.059108974902355,47.820375519867468],[13.059333552825088,47.82010602610611],[13.05978270867052,47.819881447807767],[13.060321695146035,47.819252631125075]]],[[[13.027802830981258,47.82113908426097],[13.028162155298247,47.82113908426097],[13.029779114724853,47.821498409053085],[13.031800316029283,47.823878933296669],[13.031396075948058,47.823429778213921],[13.03126132865544,47.823519609300106],[13.031126582261118,47.823519609300106],[13.031126582261118,47.823429778213921],[13.030812172810007,47.82347469317331],[13.030542680021398,47.823250114972019],[13.030318102098665,47.823789102229149],[13.029958777781678,47.823519609300106],[13.029824031387358,47.823564524181776],[13.029824031387358,47.823339945765959],[13.029644369228864,47.823384862009398],[13.029644369228864,47.823250114972019],[13.029734199858947,47.823205199818304],[13.02955453770045,47.823205199818304],[13.029464707070337,47.822935706270492],[13.029464707070337,47.822306889186201],[13.029195213383431,47.822306889186201],[13.029015551224905,47.822486550867374],[13.028925719696494,47.822800959876695],[13.028970634562402,47.82262129807733],[13.028521479615266,47.822172141763296],[13.028296901692567,47.822172141763296],[13.02825198592836,47.821812816809171],[13.028162155298247,47.821722985785208],[13.027757915217054,47.821678071119663],[13.027802830981258,47.82113908426097]]],[[[13.054123348431684,47.804969482839404],[13.054841997065724,47.805328806708403],[13.057222521788875,47.805373722846895],[13.05843524203252,47.806002541087082],[13.059019144272273,47.805912709858852],[13.059468300117706,47.806137287034858],[13.060995428914167,47.806272033839697],[13.062028486999353,47.806541527004136],[13.06229797978796,47.806406780898378],[13.063106459950379,47.806361865049887],[13.063151375714586,47.806451696104673],[13.063061544186173,47.806451696104673],[13.063106459950379,47.806541527004136],[13.062971712657761,47.806496611875481],[13.062612389239073,47.806855936040357],[13.062208149157845,47.806631358954903],[13.062028486999353,47.806721190146945],[13.061714078446537,47.80658644330061],[13.060860681621548,47.806541527004136],[13.060501358202858,47.806361865049887],[13.056369125862217,47.805957624889032],[13.054527587614613,47.805373722846895],[13.053988602037396,47.805373722846895],[13.053674192586286,47.805149144782945],[13.054123348431684,47.804969482839404]]],[[[13.057671676735977,47.792977028907401],[13.05789625465871,47.792977028907401],[13.058165749243946,47.793291437968769],[13.05821066410982,47.793246522246378],[13.058300494739903,47.793246522246378],[13.058255579874027,47.793336353048794],[13.058614904191048,47.793650761746576],[13.058569989325138,47.793920255212477],[13.058345411402438,47.794279580073542],[13.057986086187123,47.794549073295649],[13.057536931239987,47.794593989099106],[13.057087775394555,47.794010087264162],[13.05717760602467,47.793605846938306],[13.057671676735977,47.792977028907401]]],[[[13.015368706551302,47.798703762018192],[13.015406136654262,47.798816050923641],[13.015675630341166,47.79908554475471],[13.016214616816713,47.79922029114605],[13.016394278975207,47.799489785294014],[13.015810376735487,47.799579616164877],[13.015765460971281,47.800253349081252],[13.015361220890055,47.800343179838649],[13.015344378376774,47.800382480708464],[13.014956980808829,47.800253349081252],[13.01468748802022,47.799579616164877],[13.014956980808829,47.798950798013927],[13.015181558731529,47.798905882959424],[13.015181558731529,47.798816050923641],[13.015368706551302,47.798703762018192]]],[[[13.017157843373454,47.812919537001584],[13.017382421296153,47.813009368176459],[13.0179214077717,47.81318903006003],[13.017696829848967,47.813817847790133],[13.017741745613174,47.813907679220776],[13.017651914983091,47.813907679220776],[13.017606999218886,47.814087341012652],[13.017337506430277,47.813997509892808],[13.017292589767742,47.81368310125761],[13.016663771763815,47.81345852413299],[13.017068011845042,47.813009368176459],[13.017157843373454,47.813009368176459],[13.017157843373454,47.812919537001584]]],[[[13.062208149157845,47.801690647300177],[13.062253064023754,47.801780477985901],[13.062657304104947,47.801780477985901],[13.06288188202768,47.802005056132536],[13.063016629320298,47.802094886878031],[13.063016629320298,47.802229633911722],[13.062567472576536,47.802274549109711],[13.061758993312413,47.801915225231753],[13.061669161784002,47.80173556296414],[13.062208149157845,47.801690647300177]]],[[[13.068496327400608,47.805912709858852],[13.068541243164814,47.806047456039629],[13.068181917949463,47.806272033839697],[13.068047171555175,47.806272033839697],[13.067912425160856,47.806137287034858],[13.067642930575619,47.806182203077555],[13.067642930575619,47.806047456039629],[13.068137003083589,47.805957624889032],[13.068496327400608,47.805912709858852]]],[[[13.019403620803953,47.800253349081252],[13.019673115389189,47.800298264781077],[13.019448536568159,47.800522843301167],[13.019134128015379,47.800522843301167],[13.018999380722761,47.800433012250991],[13.019044297385264,47.800343179838649],[13.019403620803953,47.800253349081252]]],[[[13.063690362190133,47.796929597810028],[13.063510700031605,47.796884682215087],[13.063735277954338,47.796794850908817],[13.063690362190133,47.796929597810028]]],[[[13.063241207242998,47.806272033839697],[13.063331037873112,47.806361865049887],[13.063151375714586,47.806406780898378],[13.063241207242998,47.806272033839697]]],[[[13.051608077314278,47.790686334923734],[13.051652993078484,47.790821081974151],[13.051518245785866,47.790776165927156],[13.051608077314278,47.790686334923734]]],[[[13.064813250905367,47.807933909909963],[13.064813250905367,47.807978825002351],[13.064498842352585,47.807978825002351],[13.064813250905367,47.807933909909963]]],[[[13.038941889300339,47.798097401717925],[13.039031720828753,47.7981333352893],[13.038672395613435,47.798097401717925],[13.038941889300339,47.798097401717925]]],[[[13.043747853612519,47.808652558793376],[13.043786352710658,47.808658975062521],[13.043658022982404,47.808787305106108],[13.043747853612519,47.808652558793376]]],[[[13.046891942733884,47.81507548393293],[13.04716143731912,47.815210229868484],[13.047185391794487,47.81524316797875],[13.046891942733884,47.81507548393293]]],[[[13.045589391860124,47.815030567739001],[13.045454644567506,47.815030567739001],[13.045647140956463,47.814992068802731],[13.045589391860124,47.815030567739001]]],[[[13.02659011073758,47.793201607088704],[13.026635025603456,47.793246522246378],[13.026545194973375,47.793246522246378],[13.02659011073758,47.793201607088704]]],[[[13.056503873154835,47.791036677010936],[13.056683535313327,47.791045659816284],[13.056765591922961,47.791071573185313],[13.056503873154835,47.791036677010936]]],[[[13.063606948226084,47.807998075263853],[13.063645447324223,47.808023741262517],[13.063645447324223,47.80811357185641],[13.063606948226084,47.807998075263853]]],[[[13.03162065297246,47.824402947875086],[13.03162065297246,47.824462834763573],[13.031570583573471,47.824486397946025],[13.03162065297246,47.824402947875086]]]]},"properties":{"OBJECTID":3,"Name and Size":"Location 1 : 30 - 35","Travel Time Start (Minutes)":30,"Travel Time End (Minutes)":35,"Facility ID":1,"Facility: Name":"Location 1","Facility: title":"Point","Facility: Breaks":null,"Facility: AdditionalTime":0,"Facility: AdditionalDistance":0,"Area (Square Kilometers)":4.7537578099999998}},{"type":"Feature","id":4,"geometry":{"type":"MultiPolygon","coordinates":[[[[13.037459676268087,47.828011165030091],[13.037280014109559,47.827966249171283],[13.037100351951066,47.828145911167134],[13.036965604658448,47.828011165030091],[13.036830858264127,47.828056080246974],[13.036741026735715,47.827966249171283],[13.036741026735715,47.827427261864663],[13.036606280341427,47.827337430906894],[13.036381703317026,47.82738234670677],[13.036471533947141,47.827157769127936],[13.036471533947141,47.826663698290822],[13.035573223154573,47.826528950718142],[13.035573223154573,47.82697810672709],[13.035258813703463,47.826843359970646],[13.035303728569337,47.82697810672709],[13.034989320016523,47.827157769127936],[13.034989320016523,47.827427261864663],[13.034674910565412,47.827202685083293],[13.034674910565412,47.827067937703696],[13.034405417776803,47.827157769127936],[13.03445033443934,47.826933191180458],[13.034405417776803,47.826798443704341],[13.03422575561831,47.826798443704341],[13.03422575561831,47.826439120014939],[13.033911347065496,47.826394204001893],[13.033956261931371,47.826214541973606],[13.034091009223989,47.826214541973606],[13.034046094358114,47.826124710726205],[13.034135924988195,47.825989964166773],[13.033372359691652,47.825945048971306],[13.033462191220064,47.825181484098565],[13.032923204744517,47.825540809256772],[13.032968119610425,47.826034879926461],[13.032608796191703,47.826214541973606],[13.032608796191703,47.826528950718142],[13.032249470976385,47.826618781869044],[13.032114724582097,47.826753529208474],[13.032114724582097,47.826888276198126],[13.031935062423571,47.826843359970646],[13.031935062423571,47.826708612864429],[13.03184523089516,47.826753529208474],[13.031440990813932,47.826349289156262],[13.031440990813932,47.826169626972458],[13.03099183586683,47.825810301945424],[13.03099183586683,47.825675555775994],[13.030902004338419,47.825720471204669],[13.030452849391283,47.825271315168976],[13.030452849391283,47.825181484098565],[13.030857088574214,47.824822160071605],[13.03162065297246,47.824462834763573],[13.03162065297246,47.824328088714964],[13.031800316029283,47.824103511190046],[13.031800316029283,47.823878933296669],[13.029779114724853,47.821498409053085],[13.028162155298247,47.82113908426097],[13.027802830981258,47.82113908426097],[13.027757915217054,47.821678071119663],[13.028162155298247,47.821722985785208],[13.02825198592836,47.821812816809171],[13.028296901692567,47.822172141763296],[13.028521479615266,47.822172141763296],[13.028970634562402,47.82262129807733],[13.028925719696494,47.822800959876695],[13.028746058436298,47.822935706270492],[13.028701141773793,47.823160284022578],[13.028611311143679,47.823205199818304],[13.028207071062452,47.822756043731189],[13.028117240432371,47.822756043731189],[13.028117240432371,47.82262129807733],[13.028027408903958,47.82266621313309],[13.027982493139753,47.822576381776379],[13.027757915217054,47.82262129807733],[13.027713000351143,47.822711128753156],[13.027398590900033,47.822711128753156],[13.026679942265993,47.82253146603972],[13.026230786420561,47.822756043731189],[13.02587146210354,47.82347469317331],[13.025736714810922,47.82347469317331],[13.025736714810922,47.823339945765959],[13.025646884180841,47.823384862009398],[13.025512136888223,47.823205199818304],[13.025332474729696,47.823250114972019],[13.025422306258108,47.822306889186201],[13.024613826095655,47.82235180391082],[13.024434163937162,47.822261973216371],[13.024434163937162,47.82212722628006],[13.02456891122978,47.821992480200329],[13.024703656725769,47.822037395196979],[13.024703656725769,47.821812816809171],[13.024658741859861,47.821722985785208],[13.024434163937162,47.821722985785208],[13.024299416644544,47.821408576881886],[13.024344333307047,47.821318745761609],[13.024209586014429,47.821363661944361],[13.024299416644544,47.821228915089016],[13.024209586014429,47.820824674837191],[13.02394009322582,47.820959422138586],[13.023850261697408,47.821408576881886],[13.023670598640585,47.821408576881886],[13.023356190986101,47.821273830746307],[13.023446021616216,47.82064501283309],[13.023266358559392,47.820689927789196],[13.023086697299195,47.820555182201019],[13.023131613063402,47.820465350810366],[13.022996865770784,47.820510265921953],[13.022727372982175,47.820195856912122],[13.02169431489699,47.820465350810366],[13.021604484266909,47.820375519867468],[13.021604484266909,47.819836532755346],[13.02137990634421,47.819791617060865],[13.021245159051592,47.819926364027715],[13.020616341047631,47.819926364027715],[13.020661256811838,47.81974670193074],[13.020571426181757,47.81974670193074],[13.020436678889139,47.819477207921153],[13.020885834734571,47.81920771492544],[13.021065496893064,47.81884839116789],[13.021065496893064,47.818713643816075],[13.020706172576045,47.818444151079255],[13.02075108834025,47.818309403884719],[13.020616341047631,47.818354319051871],[13.020616341047631,47.818264488075442],[13.020706172576045,47.818264488075442],[13.020661256811838,47.818084826259572],[13.020571426181757,47.818084826259572],[13.020616341047631,47.817905163821962],[13.020706172576045,47.817905163821962],[13.020661256811838,47.817725501969086],[13.020840918970364,47.817725501969086],[13.020840918970364,47.817860248266243],[13.020930749600446,47.817860248266243],[13.021065496893064,47.817680586257943],[13.021200244185682,47.817680586257943],[13.021200244185682,47.817860248266243],[13.021290074815797,47.817815333274851],[13.021424822108415,47.817905163821962],[13.021469736974291,47.81750092423114],[13.020885834734571,47.817366177001489],[13.020706172576045,47.817545838891306],[13.019987523942003,47.817635671111127],[13.019762946019304,47.817411092984621],[13.019718030255099,47.817815333274851],[13.019268875307997,47.817905163821962],[13.019134128015379,47.81812974222423],[13.018999380722761,47.81817465694364],[13.018864635226771,47.817994994816878],[13.018684972169947,47.818039910859234],[13.018550225775625,47.817905163821962],[13.018684972169947,47.817680586257943],[13.018729887934153,47.816917022271497],[13.018280732088721,47.816917022271497],[13.018011239300112,47.817051768253975],[13.017966324434203,47.817186515093177],[13.017202759137659,47.81727634612502],[13.017247674901865,47.817096683905916],[13.017157843373454,47.817096683905916],[13.017023096979166,47.816827190014742],[13.017606999218886,47.816467866068962],[13.017562082556349,47.816198373136615],[13.017157843373454,47.816243287717114],[13.017023096979166,47.815973794825588],[13.016394278975207,47.815839047855327],[13.016394278975207,47.815749216749715],[13.016349363211001,47.815883963953091],[13.016259531682589,47.815883963953091],[13.016304448345126,47.815749216749715],[13.016169701052508,47.815749216749715],[13.016124786186598,47.815659386091887],[13.016214616816713,47.815524638908954],[13.016933266349051,47.815389893186037],[13.017068011845042,47.815210229868484],[13.016978181214961,47.81512039888144],[13.016663771763815,47.81512039888144],[13.015810376735487,47.815344977264125],[13.015720546105372,47.81525514590696],[13.015765460971281,47.815165314997621],[13.015630713678664,47.815165314997621],[13.015585798812754,47.81507548393293],[13.015585798812754,47.814311919037287],[13.016079870422393,47.814087341012652],[13.016304448345126,47.81345852413299],[13.016439194739412,47.813413607746924],[13.016349363211001,47.813278860768719],[13.016394278975207,47.813144115250687],[13.016933266349051,47.81260512787226],[13.017068011845042,47.812650043147784],[13.017247674901865,47.812515297204605],[13.017337506430277,47.812155971773635],[13.017786661377379,47.812021225754989],[13.018595140641535,47.812021225754989],[13.018864635226771,47.81193139528385],[13.018999380722761,47.811751732065595],[13.018729887934153,47.811392407987334],[13.01850531001142,47.811257661194048],[13.017741745613174,47.811302577031768],[13.016798519056433,47.811661901128296],[13.016573941133734,47.811886478783464],[13.016394278975207,47.812290719252417],[13.016349363211001,47.813054283705625],[13.015046812337241,47.814087341012652],[13.014867150178747,47.814087341012652],[13.014328162804901,47.813548354978714],[13.014373078569108,47.813413607746924],[13.014283247938994,47.81345852413299],[13.013923922723675,47.813099199195946],[13.014013754252087,47.812874620752588],[13.014417994333314,47.812829706274535],[13.014956980808829,47.812470381209252],[13.015091728101448,47.811841562847512],[13.014373078569108,47.81193139528385],[13.014148500646376,47.811796648079245],[13.014193417308912,47.811706817219637],[13.014058670016293,47.811706817219637],[13.014013754252087,47.811347492227313],[13.01410358488217,47.810988167765188],[13.01396883938618,47.810898336713677],[13.014013754252087,47.810718674144447],[13.013923922723675,47.810718674144447],[13.013789177227686,47.810449180935102],[13.014462910097519,47.810134771931594],[13.014642572256015,47.809955109737324],[13.015136642967322,47.81004494121381],[13.015495968182673,47.809820362834586],[13.015540883048548,47.808832221270421],[13.01527139025994,47.808922052275904],[13.015136642967322,47.809101713820738],[13.014777318650335,47.809101713820738],[13.014642572256015,47.808922052275904],[13.014642572256015,47.808607643076975],[13.01482223441454,47.808203402898215],[13.015855291601364,47.807933909909963],[13.015945123129775,47.807844079005385],[13.015945123129775,47.807574584755983],[13.015765460971281,47.807260175846615],[13.015136642967322,47.807350007761144],[13.015181558731529,47.80681102118362],[13.015091728101448,47.806945768050689],[13.01468748802022,47.806945768050689],[13.014552740727602,47.80681102118362],[13.014507824963397,47.806451696104673],[13.01468748802022,47.806272033839697],[13.01482223441454,47.806316949765915],[13.014777318650335,47.806227119081399],[13.014956980808829,47.806137287034858],[13.014956980808829,47.806047456039629],[13.014597657390137,47.805957624889032],[13.014507824963397,47.805822879078583],[13.014642572256015,47.805328806708403],[13.014193417308912,47.805328806708403],[13.014013754252087,47.805508469822527],[13.013654429935068,47.805418638946506],[13.01351968264245,47.805283891737801],[13.01351968264245,47.804879652237993],[13.012980696166903,47.804699989965691],[13.012980696166903,47.804475412005679],[13.013070527695316,47.804520327071984],[13.013070527695316,47.804385581153156],[13.013160359223727,47.804385581153156],[13.013025611931109,47.80411608706018],[13.013115442561222,47.804026256189637],[13.013205274089636,47.804071172247703],[13.013160359223727,47.803936425163755],[13.013474767776541,47.803711846919391],[13.013699344800944,47.803397438159635],[13.014013754252087,47.803307607253103],[13.013834092093562,47.803127944973944],[13.013879007857769,47.802993197856779],[13.013744260565151,47.802858452200283],[13.013834092093562,47.802678788971036],[13.01396883938618,47.802678788971036],[13.013923922723675,47.802588958028487],[13.01410358488217,47.802409296280786],[13.014417994333314,47.802499126930655],[13.014597657390137,47.802678788971036],[13.014867150178747,47.802454211926836],[13.014867150178747,47.801960140098181],[13.014148500646376,47.801645732200754],[13.014148500646376,47.801510984859291],[13.014417994333314,47.801286406990329],[13.014373078569108,47.801106744961658],[13.014867150178747,47.800612674196053],[13.015001896573034,47.800567758164625],[13.015226473597437,47.800657588981807],[13.015361220890055,47.800343179838649],[13.015765460971281,47.800253349081252],[13.015810376735487,47.799579616164877],[13.016394278975207,47.799489785294014],[13.016214616816713,47.79922029114605],[13.015675630341166,47.79908554475471],[13.015406136654262,47.798816050923641],[13.015361220890055,47.79868130529416],[13.015495968182673,47.79836689625953],[13.016124786186598,47.798097401717925],[13.016888349686548,47.798142318074817],[13.017247674901865,47.797693161810408],[13.017382421296153,47.797693161810408],[13.017337506430277,47.797603331298426],[13.017831577141585,47.797109259801381],[13.0181459856944,47.797109259801381],[13.018235817222811,47.796435527147835],[13.0181459856944,47.796390611125794],[13.018056155064318,47.796076202108829],[13.017966324434203,47.796076202108829],[13.018011239300112,47.79598637121515],[13.017876492007494,47.796031286983116],[13.017786661377379,47.795941456011789],[13.017831577141585,47.795761792999748],[13.018190900560308,47.795761792999748],[13.018460395145544,47.795537216227558],[13.018909550092646,47.795537216227558],[13.019089212251172,47.795447383798574],[13.019179043779586,47.795267722095502],[13.019493452332366,47.795267722095502],[13.019762946019304,47.795132975712313],[13.020032438807913,47.795177891011051],[13.020391764023231,47.795582131176872],[13.020616341047631,47.795627047294268],[13.020975666262983,47.795492300032457],[13.021290074815797,47.795132975712313],[13.021829062189608,47.79490839803276],[13.02263754235206,47.79490839803276],[13.023041782433287,47.79477365071773],[13.023086697299195,47.794683819986069],[13.02371551530312,47.794593989099106],[13.02371551530312,47.793830424212459],[13.023805345933203,47.793785508955985],[13.023850261697408,47.793516014791258],[13.024254501778636,47.793560930884176],[13.02456891122978,47.793875340033651],[13.024928234648469,47.793875340033651],[13.024883319782594,47.793650761746576],[13.024793488254183,47.793605846938306],[13.024838404018388,47.793246522246378],[13.024703656725769,47.793021944259223],[13.025197728335408,47.792977028907401],[13.025332474729696,47.793156691288672],[13.025557052652429,47.793066860175685],[13.026051124262032,47.793111774846345],[13.026185870656354,47.793021944259223],[13.026410448579053,47.793021944259223],[13.026545194973375,47.793156691288672],[13.02659011073758,47.793066860175685],[13.026724857131867,47.793111774846345],[13.026724857131867,47.793021944259223],[13.027263843607415,47.793066860175685],[13.0271740129773,47.792707534774323],[13.027353675135826,47.792482958078828],[13.027488422428444,47.792527873254173],[13.027443505765907,47.792438042261146],[13.027578253058525,47.792303295178733],[13.027847745847135,47.792303295178733],[13.027982493139753,47.792438042261146],[13.027937578273876,47.792572788994164],[13.028027408903958,47.792527873254173],[13.028162155298247,47.792752450962546],[13.028296901692567,47.792752450962546],[13.02834181835507,47.792617704091867],[13.027982493139753,47.792213463797538],[13.02825198592836,47.792033801776235],[13.02825198592836,47.791764308786703],[13.028431648985185,47.791539731032557],[13.028701141773793,47.791539731032557],[13.029285044013514,47.79194397113617],[13.02955453770045,47.791899054852685],[13.029824031387358,47.791764308786703],[13.029824031387358,47.791404984034941],[13.029913862017471,47.791270237894985],[13.030497764257193,47.791225322236194],[13.030542680021398,47.79095582927873],[13.030632510651481,47.79095582927873],[13.030587595785605,47.790596503765087],[13.030677427314016,47.79055158873102],[13.031036750732707,47.790506673054637],[13.031126582261118,47.790641419967358],[13.031530822342345,47.790686334923734],[13.032069808817893,47.790641419967358],[13.032069808817893,47.790776165927156],[13.03184523089516,47.791045659816284],[13.03184523089516,47.791360069096129],[13.031979978187776,47.791584645816137],[13.032069808817893,47.791584645816137],[13.032294386740592,47.791494815003205],[13.032339301606466,47.791360069096129],[13.032204556110511,47.79095582927873],[13.032653711057611,47.791000743963387],[13.032833373216105,47.791225322236194],[13.033192698431456,47.791000743963387],[13.033147781768919,47.790776165927156],[13.032653711057611,47.790371925792556],[13.032653711057611,47.790282095297471],[13.032743541687692,47.790192264043576],[13.032968119610425,47.790192264043576],[13.033102866903043,47.790012602277045],[13.033237613297331,47.790057517173338],[13.033237613297331,47.789922771160867],[13.033686769142763,47.790102433237948],[13.033776599772878,47.789922771160867],[13.033911347065496,47.789922771160867],[13.034091009223989,47.790102433237948],[13.034046094358114,47.790192264043576],[13.034180839854104,47.790192264043576],[13.034270671382517,47.790506673054637],[13.034495249305216,47.790371925792556],[13.034764742093824,47.790371925792556],[13.034854573622235,47.790237179991678],[13.034989320016523,47.790282095297471],[13.034944405150648,47.790192264043576],[13.035168983073348,47.789967686134801],[13.035348645231874,47.789922771160867],[13.035303728569337,47.790147349263684],[13.035483390727865,47.790282095297471],[13.035438475861955,47.790371925792556],[13.035573223154573,47.790371925792556],[13.035573223154573,47.790461756735908],[13.035438475861955,47.790416842188925],[13.035483390727865,47.79055158873102],[13.035393560097749,47.790596503765087],[13.035438475861955,47.79095582927873],[13.035707968650563,47.791270237894985],[13.036157125394327,47.791315152911437],[13.036381703317026,47.791584645816137],[13.036561364577222,47.791584645816137],[13.037774084820901,47.791180405935044],[13.039076635694661,47.790596503765087],[13.040379186568421,47.790596503765087],[13.040469018096832,47.79086599677531],[13.040513933861039,47.789967686134801],[13.040783426649647,47.790102433237948],[13.040783426649647,47.790237179991678],[13.040963089706471,47.790237179991678],[13.041412244653573,47.790102433237948],[13.0415919068121,47.789653276880671],[13.04334361442959,47.78969819329464],[13.04334361442959,47.790057517173338],[13.04347836082391,47.790147349263684],[13.043433445059703,47.790327011167946],[13.043658022982404,47.790506673054637],[13.043658022982404,47.79086599677531],[13.043972432433549,47.79086599677531],[13.044735996831795,47.790506673054637],[13.044915658990289,47.79055158873102],[13.045319899071515,47.790102433237948],[13.046083462571431,47.790102433237948],[13.046352957156667,47.790192264043576],[13.046487702652659,47.790057517173338],[13.046487702652659,47.789653276880671],[13.046352957156667,47.789383784220767],[13.046173294099844,47.78929395322475],[13.046218209864049,47.789024459908696],[13.046308041392463,47.789024459908696],[13.046218209864049,47.788889713028439],[13.04657753418107,47.788889713028439],[13.046532619315194,47.788799881781998],[13.046802112103803,47.788665134923008],[13.046936859396421,47.788979544119606],[13.047026690026502,47.788934628291642],[13.047116520656617,47.789024459908696],[13.047116520656617,47.789159205836093],[13.046936859396421,47.789204122073514],[13.046936859396421,47.789338868138614],[13.047071605790709,47.789473615061475],[13.04716143731912,47.789383784220767],[13.047116520656617,47.789249037065012],[13.047206352185029,47.789204122073514],[13.047206352185029,47.789024459908696],[13.047700422896337,47.789114290766953],[13.047745338660542,47.789024459908696],[13.048014832347448,47.788979544119606],[13.048014832347448,47.789069375055462],[13.048194495404273,47.789024459908696],[13.048284326034388,47.789114290766953],[13.048194495404273,47.789967686134801],[13.048284326034388,47.790237179991678],[13.048104662977563,47.790596503765087],[13.048419072428674,47.791090575026836],[13.048643650351407,47.791045659816284],[13.04918263682692,47.790461756735908],[13.049407214749653,47.790596503765087],[13.049407214749653,47.790686334923734],[13.049541961143941,47.790641419967358],[13.049541961143941,47.790776165927156],[13.049407214749653,47.79086599677531],[13.04918263682692,47.791360069096129],[13.04922755169283,47.791449900141984],[13.049586876908148,47.791404984034941],[13.049811454830847,47.791000743963387],[13.050170779147866,47.790776165927156],[13.050395357070599,47.791539731032557],[13.050619934993298,47.791629561767898],[13.050709765623415,47.790731251048378],[13.051158920570515,47.79095582927873],[13.05133858362734,47.790731251048378],[13.051428415155751,47.790776165927156],[13.051428415155751,47.790641419967358],[13.051608077314278,47.790596503765087],[13.051608077314278,47.790416842188925],[13.051742823708565,47.790416842188925],[13.052012317395471,47.79055158873102],[13.05237164171249,47.79055158873102],[13.052686050265306,47.790731251048378],[13.053225036740853,47.790192264043576],[13.053269953403355,47.790012602277045],[13.053449614663553,47.789922771160867],[13.053404698899346,47.790821081974151],[13.053584361956171,47.79086599677531],[13.053584361956171,47.79095582927873],[13.054168264195889,47.790910912744671],[13.054123348431684,47.790192264043576],[13.054258094826004,47.790102433237948],[13.054752166435643,47.790641419967358],[13.054841997065724,47.790641419967358],[13.054841997065724,47.790776165927156],[13.054931827695839,47.790731251048378],[13.055066574988457,47.790910912744671],[13.05524623714695,47.790910912744671],[13.055425899305478,47.791135490802134],[13.055695392992382,47.791000743963387],[13.056234380366227,47.791000743963387],[13.05690811323606,47.791090575026836],[13.057581846105895,47.791315152911437],[13.057671676735977,47.791629561767898],[13.058120832581409,47.791988886173847],[13.058075916817204,47.792078717943305],[13.05821066410982,47.792033801776235],[13.058300494739903,47.792123632864524],[13.058345411402438,47.792572788994164],[13.059019144272273,47.792393125801169],[13.059333552825088,47.792438042261146],[13.059333552825088,47.792258379809276],[13.059468300117706,47.792258379809276],[13.059513214983582,47.792348211112881],[13.059558130747787,47.792033801776235],[13.060276780280159,47.792033801776235],[13.060186948751747,47.792707534774323],[13.060591188832941,47.792707534774323],[13.060725935227261,47.792527873254173],[13.060950513149962,47.792527873254173],[13.060950513149962,47.792348211112881],[13.0612200068369,47.792303295178733],[13.061309838365311,47.792393125801169],[13.061309838365311,47.792617704091867],[13.061534415389714,47.792842282015542],[13.061714078446537,47.792842282015542],[13.062028486999353,47.793156691288672],[13.061983571235146,47.793246522246378],[13.062118317629434,47.793246522246378],[13.062477641946455,47.793695677723022],[13.063600530661722,47.793066860175685],[13.063735277954338,47.793066860175685],[13.064139518035566,47.793471099866515],[13.064094602271359,47.793605846938306],[13.06418443290144,47.793560930884176],[13.06418443290144,47.79374059305718],[13.064049687405451,47.793695677723022],[13.064094602271359,47.793785508955985],[13.063959855877037,47.794099917953602],[13.06418443290144,47.794234663998303],[13.06418443290144,47.794459242175741],[13.064049687405451,47.794593989099106],[13.063914940112832,47.794549073295649],[13.063959855877037,47.794638904260253],[13.063780192820214,47.794863481897586],[13.064409010824173,47.795177891011051],[13.064903082433778,47.79508805977126],[13.064903082433778,47.795447383798574],[13.064678505409409,47.795851624885159],[13.064498842352585,47.795806708961841],[13.064364095958265,47.795896540166126],[13.06418443290144,47.795716878205731],[13.064004770742947,47.795716878205731],[13.063780192820214,47.795896540166126],[13.063825108584419,47.796031286983116],[13.06418443290144,47.795941456011789],[13.064364095958265,47.796166032847196],[13.064364095958265,47.79598637121515],[13.064498842352585,47.79598637121515],[13.064498842352585,47.796166032847196],[13.064633588746872,47.79621094906333],[13.064633588746872,47.796615189037183],[13.064723420275284,47.79666010486509],[13.064678505409409,47.796974512762638],[13.064543758116791,47.797019428883338],[13.06476833603949,47.797064344965207],[13.064813250905367,47.797154175805595],[13.065442068909325,47.797154175805595],[13.065082744592305,47.797648246875532],[13.064947998197983,47.797603331298426],[13.0650378288281,47.798187233789427],[13.065531900437737,47.79827706510212],[13.065576816201943,47.798187233789427],[13.065666646832025,47.798232148861757],[13.065621731067818,47.798097401717925],[13.065756478360436,47.798007571301461],[13.06611580177916,47.798007571301461],[13.066250549071778,47.798142318074817],[13.066250549071778,47.79836689625953],[13.066564957624593,47.798726219939368],[13.06634037970186,47.798905882959424],[13.06634037970186,47.799130460257331],[13.066250549071778,47.799175375721127],[13.06611580177916,47.799624531240319],[13.065531900437737,47.799759278044057],[13.065531900437737,47.800433012250991],[13.065486984673532,47.800567758164625],[13.065397154043415,47.800522843301167],[13.065442068909325,47.800657588981807],[13.065307321616707,47.800792336123166],[13.06499291396219,47.800657588981807],[13.064813250905367,47.800702504935565],[13.064543758116791,47.800567758164625],[13.064229348665647,47.800567758164625],[13.063780192820214,47.800882167155436],[13.063825108584419,47.801600815855679],[13.06418443290144,47.801870309119685],[13.06418443290144,47.802005056132536],[13.063825108584419,47.802364381199347],[13.063690362190133,47.802319464872227],[13.063735277954338,47.802409296280786],[13.063600530661722,47.802544043102394],[13.064409010824173,47.803262691741537],[13.064588672982667,47.803711846919391],[13.064543758116791,47.804205917775363],[13.064139518035566,47.804340664763629],[13.063510700031605,47.804071172247703],[13.063151375714586,47.803666931757391],[13.062971712657761,47.804071172247703],[13.062342895552167,47.804340664763629],[13.061758993312413,47.80411608706018],[13.061489499625507,47.803622015953174],[13.060725935227261,47.803217776191168],[13.060546273068734,47.802723704987471],[13.060321695146035,47.802409296280786],[13.060276780280159,47.802813536300349],[13.060321695146035,47.802049972128103],[13.060905598284085,47.801600815855679],[13.060860681621548,47.801510984859291],[13.060995428914167,47.801555900075172],[13.061175091072693,47.801331323003829],[13.0614445838613,47.801466069001115],[13.061489499625507,47.800612674196053],[13.060725935227261,47.800522843301167],[13.060456442438653,47.800298264781077],[13.060456442438653,47.800163518168475],[13.060636103698849,47.799938939905324],[13.061354753231187,47.799983855876981],[13.061309838365311,47.799579616164877],[13.061399668995394,47.799579616164877],[13.0614445838613,47.799399954267827],[13.061175091072693,47.799444868895208],[13.061130175308486,47.799310123086322],[13.061309838365311,47.799040629213295],[13.061175091072693,47.799040629213295],[13.061175091072693,47.798905881752546],[13.060905598284085,47.798905881752546],[13.060995428914167,47.798816050923641],[13.060995428914167,47.798591474076957],[13.059288637959179,47.79841181117655],[13.059333552825088,47.798052487132558],[13.059468300117706,47.79787282478209],[13.060411526674446,47.797782993977336],[13.060636103698849,47.79733383822731],[13.060636103698849,47.797109259801381],[13.060501358202858,47.796929597810028],[13.06036661091024,47.796929597810028],[13.060411526674446,47.796839767184835],[13.060052202357426,47.796525357868461],[13.060097118121632,47.796255865240681],[13.059827624434726,47.796031286983116],[13.059827624434726,47.795806708961841],[13.059423384353501,47.795402468732789],[13.059019144272273,47.795537216227558],[13.058884397877954,47.795716878205731],[13.058165749243946,47.796076202108829],[13.057851339792801,47.795761792999748],[13.057851339792801,47.795537216227558],[13.057671676735977,47.795447383798574],[13.057536931239987,47.794818566930552],[13.057402183947369,47.794863481897586],[13.05717760602467,47.795177891011051],[13.056863196573525,47.795312637881246],[13.056099633073609,47.795312637881246],[13.055785223622497,47.795447383798574],[13.055785223622497,47.794953312922132],[13.055695392992382,47.79490839803276],[13.055695392992382,47.79477365071773],[13.055336067777064,47.79477365071773],[13.055030273169484,47.794555225775738],[13.055111490752664,47.794189749091196],[13.054976744358342,47.794189749091196],[13.054752166435643,47.794504158056853],[13.054752166435643,47.794683819986069],[13.054482672748703,47.794818566930552],[13.054033516903271,47.794863481897586],[13.053898771407315,47.794728736276539],[13.053898771407315,47.794144832938315],[13.053539446191964,47.794144832938315],[13.053494530427757,47.794055001723073],[13.053404698899346,47.794099917953602],[13.053269953403355,47.794010087264162],[13.053090290346532,47.794279580073542],[13.05264113539943,47.794234663998303],[13.052506388106812,47.793785508955985],[13.052326725948285,47.793785508955985],[13.052191978655667,47.793965170955985],[13.051967400732968,47.794055001723073],[13.052012317395471,47.794144832938315],[13.051877570102853,47.794099917953602],[13.051652993078484,47.794414326859304],[13.05133858362734,47.794504158056853],[13.051248752997259,47.794728736276539],[13.051024175074526,47.794728736276539],[13.050889427781907,47.79490839803276],[13.050709765623415,47.79477365071773],[13.050709765623415,47.794504158056853],[13.050575019229093,47.794414326859304],[13.050619934993298,47.794279580073542],[13.050305526440484,47.794234663998303],[13.050260609777983,47.794144832938315],[13.049811454830847,47.794189749091196],[13.049811454830847,47.794369410900543],[13.049497046278066,47.794279580073542],[13.049541961143941,47.794414326859304],[13.049452129615529,47.794369410900543],[13.049092806196839,47.794728736276539],[13.048419072428674,47.794234663998303],[13.047386014343523,47.794055001723073],[13.047386014343523,47.793246522246378],[13.046802112103803,47.793246522246378],[13.046847027868008,47.792572788994164],[13.046622449945277,47.792617704091867],[13.046622449945277,47.792797367111987],[13.046487702652659,47.792887198087335],[13.046532619315194,47.793066860175685],[13.046442787786782,47.793066860175685],[13.046397872022576,47.793201607088704],[13.046263125628256,47.793201607088704],[13.046218209864049,47.793111774846345],[13.046352957156667,47.793021944259223],[13.046308041392463,47.792887198087335],[13.04657753418107,47.792572788994164],[13.046218209864049,47.792527873254173],[13.046128379233968,47.792393125801169],[13.046173294099844,47.792258379809276],[13.045679223388536,47.791764308786703],[13.045185151778897,47.791764308786703],[13.045095321148816,47.792797367111987],[13.044691081067588,47.792842282015542],[13.044241925222156,47.792707534774323],[13.044017348197753,47.792842282015542],[13.04334361442959,47.792887198087335],[13.043253782901177,47.793021944259223],[13.043119035608559,47.793021944259223],[13.043074120742684,47.793201607088704],[13.042669880661457,47.793605846938306],[13.04217580995015,47.79374059305718],[13.0415919068121,47.79374059305718],[13.041367329787697,47.793650761746576],[13.041232583393377,47.794010087264162],[13.040918173942265,47.794279580073542],[13.040828343312183,47.794010087264162],[13.040693596019565,47.793965170955985],[13.040738511783772,47.794279580073542],[13.040558849625246,47.794279580073542],[13.040558849625246,47.794414326859304],[13.040693596019565,47.794369410900543],[13.040648681153657,47.794459242175741],[13.040738511783772,47.794504158056853],[13.040783426649647,47.79477365071773],[13.040963089706471,47.79490839803276],[13.04087325817806,47.795222806874413],[13.040469018096832,47.794863481897586],[13.04028935593834,47.79490839803276],[13.039974947385526,47.794549073295649],[13.039480875775887,47.794593989099106],[13.039391045145772,47.794414326859304],[13.038762227141847,47.794144832938315],[13.038178324902127,47.794324496109901],[13.037818999686776,47.794189749091196],[13.037100351951066,47.793695677723022],[13.037190182581147,47.793560930884176],[13.037190182581147,47.792977028907401],[13.036246956024408,47.792932112913292],[13.035977463235799,47.793021944259223],[13.035977463235799,47.793111774846345],[13.035618138020482,47.793066860175685],[13.035573223154573,47.793156691288672],[13.035348645231874,47.793201607088704],[13.035348645231874,47.793695677723022],[13.035528307390367,47.79374059305718],[13.035483390727865,47.793830424212459],[13.035573223154573,47.793875340033651],[13.035618138020482,47.794638904260253],[13.036067293865914,47.794593989099106],[13.036157125394327,47.794504158056853],[13.036516448813016,47.794549073295649],[13.036516448813016,47.794638904260253],[13.035258813703463,47.795222806874413],[13.035079150646638,47.795447383798574],[13.034135924988195,47.795806708961841],[13.033013036272928,47.796390611125794],[13.032923204744517,47.796390611125794],[13.032788458350229,47.795402468732789],[13.032788458350229,47.795132975712313],[13.032968119610425,47.794998228979665],[13.032968119610425,47.794863481897586],[13.032429133134878,47.794369410900543],[13.032429133134878,47.794279580073542],[13.032294386740592,47.794324496109901],[13.032294386740592,47.794189749091196],[13.032159640346304,47.794055001723073],[13.032024893053686,47.794055001723073],[13.031935062423571,47.794324496109901],[13.031396075948058,47.794369410900543],[13.031306244419646,47.794279580073542],[13.031216412891233,47.794369410900543],[13.031126582261118,47.794549073295649],[13.031126582261118,47.795582131176872],[13.031036750732707,47.79567196216594],[13.030048609310089,47.79508805977126],[13.029374874643628,47.795132975712313],[13.029374874643628,47.795447383798574],[13.029509621936246,47.795537216227558],[13.029464707070337,47.796031286983116],[13.028835889066411,47.79598637121515],[13.028746058436298,47.796076202108829],[13.028431648985185,47.796076202108829],[13.028027408903958,47.795941456011789],[13.027802830981258,47.79598637121515],[13.027802830981258,47.796166032847196],[13.027533338192651,47.796166032847196],[13.027533338192651,47.796839767184835],[13.02766808368864,47.796929597810028],[13.027623168822732,47.797064344965207],[13.027218928741506,47.797288921774943],[13.026365532814847,47.797378752830468],[13.026230786420561,47.79787282478209],[13.026006209396158,47.797648246875532],[13.025916376969414,47.797693161810408],[13.025916376969414,47.797558416285945],[13.025736714810922,47.797468584937597],[13.025512136888223,47.797468584937597],[13.025242644099615,47.797782993977336],[13.024838404018388,47.79787282478209],[13.024613826095655,47.797648246875532],[13.024344333307047,47.797603331298426],[13.024344333307047,47.79733383822731],[13.024209586014429,47.797244007094086],[13.024074838721811,47.797423669205173],[13.023760431067327,47.797378752830468],[13.023850261697408,47.797603331298426],[13.02394009322582,47.797603331298426],[13.023895176563318,47.797782993977336],[13.02398500809173,47.797827908795718],[13.023895176563318,47.798097401717925],[13.023311275221895,47.798052487132558],[13.023221443693483,47.798142318074817],[13.023266358559392,47.79827706510212],[13.023176527929277,47.798232148861757],[13.022951950904874,47.798501642100995],[13.022098554978216,47.797603331298426],[13.021918892819723,47.797603331298426],[13.021649399132784,47.79787282478209],[13.021649399132784,47.798097401717925],[13.021514652738496,47.798097401717925],[13.021334989681673,47.797917740126223],[13.021200244185682,47.798007571301461],[13.021245159051592,47.798187233789427],[13.021155328421477,47.798187233789427],[13.020975666262983,47.798501642100995],[13.021245159051592,47.79868130529416],[13.021469736974291,47.79922029114605],[13.021290074815797,47.799669446880408],[13.020840918970364,47.799983855876981],[13.020796004104456,47.800118602955571],[13.020391764023231,47.800253349081252],[13.020301933393149,47.800567758164625],[13.020077354572118,47.800792336123166],[13.019583283860777,47.801061828753987],[13.019134128015379,47.801061828753987],[13.019134128015379,47.801196576053684],[13.018999380722761,47.801196576053684],[13.018954465856853,47.801286406990329],[13.019044297385264,47.801510984859291],[13.019673115389189,47.802184718071544],[13.019538368096571,47.802364381199347],[13.019538368096571,47.803487268910843],[13.019762946019304,47.803756763249325],[13.018774803698358,47.803756763249325],[13.018729887934153,47.803891510195939],[13.01850531001142,47.803981341299497],[13.018280732088721,47.803936425163755],[13.018280732088721,47.804161003040569],[13.0181459856944,47.804161003040569],[13.018101069930193,47.804430496297151],[13.017966324434203,47.804385581153156],[13.017966324434203,47.804520327071984],[13.018056155064318,47.804520327071984],[13.018056155064318,47.804969482839404],[13.018235817222811,47.804969482839404],[13.01850531001142,47.805283891737801],[13.019044297385264,47.805283891737801],[13.019134128015379,47.805553385202295],[13.018640057304038,47.806182203077555],[13.018325647852926,47.806137287034858],[13.018325647852926,47.806272033839697],[13.018640057304038,47.806227119081399],[13.018999380722761,47.806900852064949],[13.018774803698358,47.806900852064949],[13.018640057304038,47.807125429795214],[13.018460395145544,47.807215260736108],[13.018595140641535,47.807439838916963],[13.018729887934153,47.807439838916963],[13.018684972169947,47.807529669917365],[13.018774803698358,47.807619500762449],[13.018235817222811,47.807709332055502],[13.0181459856944,47.80824831896421],[13.018415479381339,47.808877136792603],[13.018999380722761,47.808697473867561],[13.019403620803953,47.809191544963369],[13.019268875307997,47.809416123045203],[13.018325647852926,47.809730532176275],[13.017786661377379,47.810089856893782],[13.017696829848967,47.810179688137183],[13.017786661377379,47.810494096868723],[13.0181459856944,47.810943252258831],[13.018280732088721,47.810898336713677],[13.018235817222811,47.810988167765188],[13.018325647852926,47.811077999264604],[13.018460395145544,47.811077999264604],[13.018550225775625,47.810943252258831],[13.01850531001142,47.810853421129629],[13.019134128015379,47.810808506110035],[13.019493453230696,47.811302577031768],[13.019583283860777,47.811302577031768],[13.019538368096571,47.811482238787512],[13.019762946019304,47.811706817219637],[13.020167186100531,47.811616986204633],[13.020346848259024,47.811302577031768],[13.020571426181757,47.811482238787512],[13.02075108834025,47.811437323105174],[13.02075108834025,47.811527155034256],[13.020975666262983,47.811661901128296],[13.020930749600446,47.811796648079245],[13.020481594653345,47.81193139528385],[13.020481594653345,47.812066140932302],[13.020706172576045,47.812335634799936],[13.020706172576045,47.81260512787226],[13.020975666262983,47.812560211954597],[13.021065496893064,47.812829706274535],[13.020975666262983,47.812874620752588],[13.020975666262983,47.813054283705625],[13.02111041265727,47.813009368176459],[13.021065496893064,47.813099199195946],[13.021290074815797,47.813368691925284],[13.020481594653345,47.813907679220776],[13.020481594653345,47.814042425773764],[13.020616341047631,47.814311919037287],[13.020885834734571,47.814581412711952],[13.021020581128859,47.814536497297169],[13.020975666262983,47.81462632808784],[13.021200244185682,47.81485090619443],[13.021604484266909,47.814895820733952],[13.021604484266909,47.814716158723115],[13.021739229762899,47.814536497297169],[13.022053639214009,47.81435683524959],[13.022368047766825,47.81435683524959],[13.022502795059442,47.814222087702689],[13.022547709925352,47.813997509892808],[13.02241296442936,47.813997509892808],[13.022323132900949,47.813862763826492],[13.022233302270834,47.813907679220776],[13.022278217136742,47.813772931714865],[13.022098554978216,47.81368310125761],[13.02241296442936,47.813278860768719],[13.02263754235206,47.813278860768719],[13.023086697299195,47.813503439273667],[13.023446021616216,47.813862763826492],[13.023670598640585,47.814536497297169],[13.023895176563318,47.814536497297169],[13.024119755384348,47.814267003992647],[13.024344333307047,47.814267003992647],[13.024434163937162,47.814401750216476],[13.024344333307047,47.814446665747823],[13.024389248172955,47.814536497297169],[13.024254501778636,47.814581412711952],[13.024254501778636,47.814940737044395],[13.023850261697408,47.815030567739001],[13.02371551530312,47.815434807862594],[13.024029923855936,47.815659386091887],[13.024029923855936,47.815794132925191],[13.024703656725769,47.815794132925191],[13.024928234648469,47.816018710203558],[13.024973151311006,47.816243287717114],[13.025422306258108,47.816243287717114],[13.025601968416634,47.816467866068962],[13.025781630575128,47.816378034844767],[13.025736714810922,47.816243287717114],[13.025916376969414,47.816243287717114],[13.025916376969414,47.816333119174388],[13.025826546339333,47.816333119174388],[13.02587146210354,47.816467866068962],[13.025781630575128,47.816422949873093],[13.025646884180841,47.816557697137732],[13.025646884180841,47.816782274732908],[13.025916376969414,47.817006853166419],[13.025736714810922,47.817096683905916],[13.025736714810922,47.817186515093177],[13.025601968416634,47.817141598915768],[13.025512136888223,47.81727634612502],[13.025242644099615,47.817231430025323],[13.025332474729696,47.818039910859234],[13.025557052652429,47.817905163821962],[13.025916376969414,47.817905163821962],[13.026006209396158,47.817770417038204],[13.026410448579053,47.817770417038204],[13.026635025603456,47.817994994816878],[13.027084182347219,47.818084826259572],[13.027084182347219,47.818264488075442],[13.027218928741506,47.818219572830586],[13.027218928741506,47.818084826259572],[13.027353675135826,47.818084826259572],[13.027398590900033,47.818354319051871],[13.027308760269918,47.818309403884719],[13.027039265684682,47.818578896717746],[13.026904520188692,47.81929754607944],[13.027398590900033,47.819611955100832],[13.027353675135826,47.819791617060865],[13.027443505765907,47.819881447807767],[13.027623168822732,47.819836532755346],[13.027623168822732,47.819926364027715],[13.027847745847135,47.819971280208762],[13.028117240432371,47.819836532755346],[13.028207071062452,47.819971280208762],[13.02834181835507,47.819971280208762],[13.028521479615266,47.819791617060865],[13.028476563851061,47.819656870950745],[13.028656226009586,47.819656870950745],[13.028835889066411,47.819926364027715],[13.028925719696494,47.819881447807767],[13.028925719696494,47.819971280208762],[13.029060466989112,47.819971280208762],[13.029060466989112,47.820150942131711],[13.029240129147636,47.82010602610611],[13.029195213383431,47.819971280208762],[13.029644369228864,47.820061111247981],[13.029958777781678,47.820016195144603],[13.03157573810655,47.82064501283309],[13.031665568736665,47.821453492986919],[13.031530822342345,47.821543323874081],[13.031530822342345,47.822037395196979],[13.032024893053686,47.822261973216371],[13.032384218269003,47.822037395196979],[13.032788458350229,47.822486550867374],[13.033013036272928,47.822486550867374],[13.033282529061538,47.822800959876695],[13.033507106984271,47.822756043731189],[13.03386643130129,47.823339945765959],[13.034719827227915,47.823384862009398],[13.034854573622235,47.823160284022578],[13.034854573622235,47.822935706270492],[13.034764742093824,47.822980622260538],[13.034719827227915,47.822756043731189],[13.035213897939256,47.822711128753156],[13.035618138020482,47.822800959876695],[13.035977463235799,47.82266621313309],[13.036157125394327,47.823025538211674],[13.036830858264127,47.823205199818304],[13.037010520422655,47.823070452917726],[13.037369844739676,47.823339945765959],[13.037369844739676,47.82369927100617],[13.037190182581147,47.823834018083893],[13.03705543618686,47.823789102229149],[13.036965604658448,47.82401367990802],[13.037190182581147,47.824193341713475],[13.037324928975469,47.824193341713475],[13.037280014109559,47.824373004103379],[13.037504592032292,47.824328088714964],[13.037729169056695,47.824732328827018],[13.037908832113519,47.824732328827018],[13.037953746979394,47.824642498030066],[13.038268156430538,47.824417920056028],[13.038357987060621,47.824507751241597],[13.038582564983354,47.824507751241597],[13.038717312275971,47.824687413146421],[13.039211382987279,47.824462834763573],[13.039256297853154,47.823789102229149],[13.039795285226999,47.823339945765959],[13.040513933861039,47.82365435503479],[13.041008004572346,47.82365435503479],[13.041367329787697,47.823519609300106],[13.041367329787697,47.823250114972019],[13.041636822576306,47.823160284022578],[13.041951232027417,47.823160284022578],[13.04217580995015,47.823429778213921],[13.042085979320035,47.82347469317331],[13.042130894185943,47.823564524181776],[13.041996146893325,47.823519609300106],[13.041861401397336,47.82369927100617],[13.041771569868924,47.82365435503479],[13.041771569868924,47.823923849073687],[13.04190631626321,47.82401367990802],[13.041861401397336,47.824193341713475],[13.042355472108643,47.824103511190046],[13.042310556344438,47.824238257821584],[13.042490219401261,47.824283173287732],[13.042490219401261,47.824148426772787],[13.042624964897252,47.824193341713475],[13.042624964897252,47.824058594965344],[13.042490219401261,47.82401367990802],[13.042669880661457,47.823878933296669],[13.043568192352321,47.823968764208736],[13.043658022982404,47.823923849073687],[13.043747853612519,47.823609440230847],[13.044197010356248,47.823384862009398],[13.044286840986363,47.823250114972019],[13.04455633377497,47.823205199818304],[13.045095321148816,47.823429778213921],[13.045589391860124,47.823923849073687],[13.046173294099844,47.824058594965344],[13.046128379233968,47.824193341713475],[13.046218209864049,47.824328088714964],[13.046352957156667,47.824328088714964],[13.046442787786782,47.824238257821584],[13.046397872022576,47.824103511190046],[13.046487702652659,47.824148426772787],[13.04657753418107,47.824058594965344],[13.046487702652659,47.823878933296669],[13.046532619315194,47.823744185732387],[13.046397872022576,47.823609440230847],[13.04657753418107,47.823564524181776],[13.046802112103803,47.823834018083893],[13.047386014343523,47.823789102229149],[13.047341098579317,47.82347469317331],[13.047251267949235,47.823429778213921],[13.047386014343523,47.822845874777009],[13.047251267949235,47.82262129807733],[13.046847027868008,47.822486550867374],[13.046757197237895,47.821902648884041],[13.04657753418107,47.821588239862528],[13.046802112103803,47.821453492986919],[13.046981774262296,47.821767902221382],[13.047430930107728,47.821812816809171],[13.04788008595316,47.82212722628006],[13.047835170188955,47.822486550867374],[13.048014832347448,47.82266621313309],[13.047969916583241,47.822800959876695],[13.04814957874177,47.822935706270492],[13.04814957874177,47.823205199818304],[13.048329240900262,47.823339945765959],[13.048778396745695,47.822935706270492],[13.048733480981488,47.822845874777009],[13.048868228274106,47.822890790844738],[13.049002974668428,47.822756043731189],[13.049137721062715,47.822935706270492],[13.049901286359258,47.823429778213921],[13.050260609777983,47.823115368791136],[13.050215694912072,47.823025538211674],[13.050350441306394,47.823070452917726],[13.050575019229093,47.822935706270492],[13.050575019229093,47.82262129807733],[13.050889427781907,47.82262129807733],[13.050934344444444,47.82253146603972],[13.051024175074526,47.82253146603972],[13.050979259310319,47.82262129807733],[13.05111400570464,47.82262129807733],[13.05111400570464,47.821722985785208],[13.05169790794436,47.82212722628006],[13.051967400732968,47.822441635052989],[13.052551303871018,47.822441635052989],[13.052686050265306,47.821947563958467],[13.052551303871018,47.821498409053085],[13.052955543952244,47.821498409053085],[13.053090290346532,47.821408576881886],[13.053045374582325,47.821228915089016],[13.053314868269265,47.821228915089016],[13.053314868269265,47.82113908426097],[13.053629276822079,47.821183999995995],[13.053853854744778,47.820824674837191],[13.054078432667477,47.82077975999762],[13.053988602037396,47.820330604036116],[13.053808938980572,47.820150942131711],[13.053853854744778,47.820016195144603],[13.053629276822079,47.819791617060865],[13.055515730833889,47.819836532755346],[13.055560645699764,47.819117884219203],[13.05618946370369,47.819072967902997],[13.056234380366227,47.818983136963617],[13.056458957390628,47.818983136963617],[13.056458957390628,47.81884839116789],[13.056548788020709,47.818893305868812],[13.056638620447453,47.818758559236727],[13.057042859630348,47.81884839116789],[13.057312353317288,47.818489066129885],[13.057447099711574,47.818533981744828],[13.057716593398514,47.818264488075442],[13.057536931239987,47.818039910859234],[13.05713269115876,47.817905163821962],[13.057267436654751,47.817725501969086],[13.057402183947369,47.817725501969086],[13.057536931239987,47.817590754719056],[13.057986086187123,47.817725501969086],[13.058390326268315,47.817680586257943],[13.058614904191048,47.817590754719056],[13.058704734821129,47.817366177001489],[13.058884397877954,47.81750092423114],[13.059288637959179,47.81750092423114],[13.059333552825088,47.817366177001489],[13.059603045613697,47.817321262185907],[13.059603045613697,47.816917022271497],[13.059737792906315,47.817006853166419],[13.06036661091024,47.817006853166419],[13.06036661091024,47.816422949873093],[13.060052202357426,47.816512782225999],[13.059962370829014,47.816108540842983],[13.060142032987541,47.816108540842983],[13.060231863617622,47.816378034844767],[13.060411526674446,47.816333119174388],[13.06036661091024,47.816153456707625],[13.060591188832941,47.815973794825588],[13.060636103698849,47.816108540842983],[13.060860681621548,47.816153456707625],[13.060860681621548,47.815794132925191],[13.060725935227261,47.815839047855327],[13.060725935227261,47.815749216749715],[13.060501358202858,47.815659386091887],[13.060546273068734,47.81525514590696],[13.060186948751747,47.815389893186037],[13.060052202357426,47.815300060700118],[13.059692878040405,47.815300060700118],[13.059692878040405,47.814671244028183],[13.058884397877954,47.814716158723115],[13.058525072662636,47.815210229868484],[13.05713269115876,47.81507548393293],[13.056773365943442,47.81462632808784],[13.056773365943442,47.814267003992647],[13.057087775394555,47.813907679220776],[13.05717760602467,47.813593270041679],[13.058345411402438,47.813548354978714],[13.058569989325138,47.813278860768719],[13.058929312743862,47.813278860768719],[13.059558130747787,47.813638186272335],[13.060231863617622,47.813413607746924],[13.060725935227261,47.813862763826492],[13.061130175308486,47.814042425773764],[13.061714078446537,47.813503439273667],[13.061669161784002,47.813413607746924],[13.061848823942528,47.813413607746924],[13.06180390907662,47.813009368176459],[13.061893739706735,47.813054283705625],[13.063061544186173,47.811886478783464],[13.063645447324223,47.812200888040941],[13.063825108584419,47.811976309935581],[13.063825108584419,47.811751732065595],[13.064004770742947,47.811796648079245],[13.063914940112832,47.811572070035595],[13.063959855877037,47.811302577031768],[13.064588672982667,47.811257661194048],[13.064947998197983,47.811033083232687],[13.065711561697933,47.811077999264604],[13.065666646832025,47.81121274592077],[13.065801394124643,47.81121274592077],[13.065756478360436,47.811077999264604],[13.065846308990551,47.811122914051133],[13.065846308990551,47.810988167765188],[13.065486984673532,47.810269519225209],[13.065442068909325,47.810000026098308],[13.065127660356511,47.809910193940823],[13.065082744592305,47.809685616788819],[13.065217490986592,47.80946103926901],[13.065442068909325,47.809371207989187],[13.065891224754758,47.809326292291011],[13.066205634205868,47.80946103926901],[13.066205634205868,47.809236460778081],[13.06611580177916,47.809146629713133],[13.066160718441662,47.808832221270421],[13.065846308990551,47.808966967720352],[13.065801394124643,47.808607643076975],[13.065891224754758,47.808383065119095],[13.065711561697933,47.808383065119095],[13.065621731067818,47.808607643076975],[13.065486984673532,47.8085627279251],[13.065531900437737,47.808293233784703],[13.065801394124643,47.808293233784703],[13.065891224754758,47.80811357185641],[13.06607088691325,47.808203402898215],[13.06607088691325,47.808068656277214],[13.065981056283169,47.80811357185641],[13.065936139620632,47.807754247945383],[13.065666646832025,47.807754247945383],[13.065486984673532,47.807619500762449],[13.063241207242998,47.807619500762449],[13.063016629320298,47.807484753833265],[13.062567472576536,47.807484753833265],[13.062612389239073,47.807394922755137],[13.062477641946455,47.807439838916963],[13.062522557710659,47.807350007761144],[13.062073401865227,47.806945768050689],[13.062073401865227,47.806721190146945],[13.062050943983124,47.8067099608039],[13.062208149157845,47.806631358954903],[13.062612389239073,47.806855936040357],[13.062971712657761,47.806496611875481],[13.063106459950379,47.806541527004136],[13.063061544186173,47.806451696104673],[13.063151375714586,47.806451696104673],[13.063106459950379,47.806361865049887],[13.06229797978796,47.806406780898378],[13.062028486999353,47.806541527004136],[13.060995428914167,47.806272033839697],[13.059468300117706,47.806137287034858],[13.059019144272273,47.805912709858852],[13.058619632024373,47.805974172903021],[13.058974229406365,47.805867794186476],[13.058974229406365,47.805508469822527],[13.059333552825088,47.805194061076755],[13.059288637959179,47.805104230260362],[13.059423384353501,47.805149144782945],[13.059513214983582,47.804924566954767],[13.059692878040405,47.804789820877815],[13.059692878040405,47.804699989965691],[13.059468300117706,47.804789820877815],[13.059333552825088,47.804655073847989],[13.059153890666561,47.804699989965691],[13.058974229406365,47.804475412005679],[13.058704734821129,47.804385581153156],[13.058704734821129,47.803172861205361],[13.059153890666561,47.803127944973944],[13.059243722194973,47.803262691741537],[13.060007285694923,47.803397438159635],[13.060065554915816,47.803271189126981],[13.060231863617622,47.803936425163755],[13.060186948751747,47.804340664763629],[13.061579331153919,47.804520327071984],[13.061893739706735,47.804655073847989],[13.062477641946455,47.804610158294814],[13.063870025246956,47.805194061076755],[13.064229348665647,47.805867794186476],[13.06418443290144,47.806092372159995],[13.064858166669572,47.806361865049887],[13.064947998197983,47.806361865049887],[13.064903082433778,47.805508469822527],[13.065397154043415,47.804475412005679],[13.06634037970186,47.804520327071984],[13.066654789153004,47.804430496297151],[13.066609874287094,47.804789820877815],[13.066744619783085,47.804879652237993],[13.066789536445622,47.805328806708403],[13.067014114368321,47.805373722846895],[13.067553099945538,47.80523897612504],[13.068047171555175,47.805598301146553],[13.068541243164814,47.805463553800593],[13.068631073794895,47.805822879078583],[13.068496327400608,47.805777962725166],[13.068496327400608,47.805912709858852],[13.068137003083589,47.805957624889032],[13.067642930575619,47.806047456039629],[13.067642930575619,47.806182203077555],[13.067912425160856,47.806137287034858],[13.068047171555175,47.806272033839697],[13.068181917949463,47.806272033839697],[13.068541243164814,47.806047456039629],[13.068496327400608,47.805912709858852],[13.068586158030689,47.805912709858852],[13.068586158030689,47.806002541087082],[13.068720905323307,47.805957624889032],[13.068631073794895,47.806272033839697],[13.068720905323307,47.806227119081399],[13.068990398111916,47.806541527004136],[13.069125145404534,47.806496611875481],[13.069484468823223,47.80681102118362],[13.069484468823223,47.806945768050689],[13.069753963408459,47.806990682790904],[13.069709046745956,47.807394922755137],[13.069978541331192,47.807350007761144],[13.069933624668655,47.80766441612672],[13.0702480341198,47.807619500762449],[13.070292948985676,47.80788899417545],[13.070562442672614,47.80788899417545],[13.070517526908409,47.808068656277214],[13.070652274201027,47.808158488000039],[13.070607358436821,47.808383065119095],[13.071326007070827,47.808472896901414],[13.071370922835033,47.808607643076975],[13.071685332286178,47.808652558793376],[13.071685332286178,47.809281377157269],[13.071505670127651,47.809550869790172],[13.071056514282253,47.809550869790172],[13.070876852123726,47.809730532176275],[13.070652274201027,47.809685616788819],[13.070337864749881,47.809820362834586],[13.0702480341198,47.810179688137183],[13.070652274201027,47.810269519225209],[13.070472612042499,47.810673759008317],[13.069798878274367,47.810763589844989],[13.06952938458743,47.811122914051133],[13.069394638193142,47.811122914051133],[13.069125145404534,47.810853421129629],[13.069170060270409,47.810763589844989],[13.069035313876121,47.810808506110035],[13.068675988660804,47.810404266169158],[13.06822683371367,47.810494096868723],[13.06822683371367,47.810583928016207],[13.068765820189217,47.811077999264604],[13.068720905323307,47.81121274592077],[13.068810735953422,47.811167830005388],[13.069170060270409,47.811527155034256],[13.069214976034615,47.812290719252417],[13.068855651717628,47.812335634799936],[13.068810735953422,47.812650043147784],[13.069484468823223,47.812650043147784],[13.069484468823223,47.812874620752588],[13.069798878274367,47.813099199195946],[13.069709046745956,47.813638186272335],[13.068675988660804,47.813638186272335],[13.068720905323307,47.814267003992647],[13.068586158030689,47.814311919037287],[13.068631073794895,47.814401750216476],[13.068496327400608,47.814401750216476],[13.068541243164814,47.814267003992647],[13.068181917949463,47.814267003992647],[13.067777677868238,47.814401750216476],[13.067553099945538,47.814087341012652],[13.067418353551217,47.814267003992647],[13.067328522921136,47.814222087702689],[13.06737343778701,47.81435683524959],[13.066969197705784,47.81462632808784],[13.066969197705784,47.814536497297169],[13.066564957624593,47.814491581240311],[13.066564957624593,47.81435683524959],[13.066475126994478,47.814401750216476],[13.066430211230271,47.814311919037287],[13.065576816201943,47.814267003992647],[13.065307321616707,47.813638186272335],[13.065397154043415,47.812515297204605],[13.06476833603949,47.812650043147784],[13.064723420275284,47.812784789947891],[13.064094602271359,47.813054283705625],[13.063780192820214,47.812964452005168],[13.063600530661722,47.813503439273667],[13.063061544186173,47.81368310125761],[13.063061544186173,47.814401750216476],[13.063645447324223,47.81462632808784],[13.063914940112832,47.815434807862594],[13.063600530661722,47.816108542049413],[13.06288188202768,47.816378034844767],[13.062926797791887,47.817635671111127],[13.062612389239073,47.818354319051871],[13.06229797978796,47.81884839116789],[13.061983571235146,47.819072967902997],[13.061758993312413,47.819611955100832],[13.061489499625507,47.819881447807767],[13.061354753231187,47.819881447807767],[13.060950513149962,47.819611955100832],[13.060591188832941,47.819522123887644],[13.060591188832941,47.819387377078016],[13.060501358202858,47.819432293122219],[13.060321695146035,47.819252631125075],[13.05978270867052,47.819881447807767],[13.059333552825088,47.82010602610611],[13.059108974902355,47.820375519867468],[13.058929312743862,47.820959422138586],[13.058974229406365,47.821318745761609],[13.058749650585336,47.821228915089016],[13.058704734821129,47.821318745761609],[13.058031001951328,47.821318745761609],[13.058031001951328,47.821947563958467],[13.057806424028595,47.821947563958467],[13.057806424028595,47.82253146603972],[13.05690811323606,47.822711128753156],[13.05690811323606,47.82365435503479],[13.054617419143025,47.82347469317331],[13.054886912829931,47.823744185732387],[13.054841997065724,47.823923849073687],[13.054931827695839,47.823923849073687],[13.054931827695839,47.82401367990802],[13.054572504277116,47.824283173287732],[13.054662334907231,47.824777243865597],[13.054527587614613,47.824777243865597],[13.054527587614613,47.824911991160775],[13.054437756984498,47.824911991160775],[13.054437756984498,47.824822160071605],[13.054213179061799,47.824867075032515],[13.054392842118622,47.825001822094443],[13.054527587614613,47.824956907250176],[13.054482672748703,47.825450978049673],[13.054392842118622,47.825450978049673],[13.054392842118622,47.825361147290145],[13.054078432667477,47.825406061784662],[13.053808938980572,47.825316230947443],[13.053764024114697,47.825720471204669],[13.053674192586286,47.825675555775994],[13.053674192586286,47.825765387197606],[13.053584361956171,47.825765387197606],[13.053629276822079,47.825630639705366],[13.053359784033471,47.825585724198966],[13.053314868269265,47.825675555775994],[13.05300045881812,47.825675555775994],[13.052910628188039,47.825585724198966],[13.051563160651742,47.825945048971306],[13.05075468138762,47.825989964166773],[13.05075468138762,47.826394204001893],[13.050664849859208,47.826439120014939],[13.050664849859208,47.82738234670677],[13.049631791774022,47.827023022234805],[13.049676708436559,47.826124710726205],[13.049452129615529,47.826079796250454],[13.049452129615529,47.825585724198966],[13.049137721062715,47.825406061784662],[13.049002974668428,47.825540809256772],[13.048688566115613,47.825585724198966],[13.048598734587202,47.825765387197606],[13.048598734587202,47.826169626972458],[13.04814957874177,47.826304373065483],[13.047925000819037,47.826573867217704],[13.047341098579317,47.826663698290822],[13.047206352185029,47.826573867217704],[13.046352957156667,47.826573867217704],[13.046263125628256,47.826484035989075],[13.045903801311235,47.826888276198126],[13.045813969782824,47.826843359970646],[13.045858884648732,47.82697810672709],[13.045769054018617,47.827023022234805],[13.045319899071515,47.826798443704341],[13.045319899071515,47.826888276198126],[13.045230068441432,47.826888276198126],[13.045274983307309,47.827112853133677],[13.044735996831795,47.82697810672709],[13.044511418909062,47.826663698290822],[13.044241925222156,47.826618781869044],[13.041097836100759,47.826663698290822],[13.041052921234883,47.825855217860628],[13.040064778015607,47.825900133133828],[13.040064778015607,47.826618781869044],[13.039346129381567,47.826708612864429],[13.038807142906053,47.827157769127936],[13.038402902824826,47.827337430906894],[13.037684254190786,47.827247599793601],[13.037369844739676,47.82738234670677],[13.038268156430538,47.827562008914512],[13.038178324902127,47.827606925123149],[13.038223239768003,47.827786587156623],[13.038088494272012,47.827876417940161],[13.038088494272012,47.828056080246974],[13.037774084820901,47.828280658160502],[13.037594422662373,47.828280658160502],[13.037459676268087,47.828145911167134],[13.037459676268087,47.828011165030091]],[[13.026545194973375,47.793246522246378],[13.026635025603456,47.793246522246378],[13.02659011073758,47.793201607088704],[13.026545194973375,47.793246522246378]],[[13.051518245785866,47.790776165927156],[13.051652993078484,47.790821081974151],[13.051608077314278,47.790686334923734],[13.051518245785866,47.790776165927156]],[[13.063151375714586,47.806406780898378],[13.063331037873112,47.806361865049887],[13.063241207242998,47.806272033839697],[13.063151375714586,47.806406780898378]],[[13.063510700031605,47.796884682215087],[13.063690362190133,47.796929597810028],[13.063735277954338,47.796794850908817],[13.063510700031605,47.796884682215087]],[[13.018999380722761,47.800433012250991],[13.019134128015379,47.800522843301167],[13.019448536568159,47.800522843301167],[13.019673115389189,47.800298264781077],[13.019403620803953,47.800253349081252],[13.019044297385264,47.800343179838649],[13.018999380722761,47.800433012250991]],[[13.062657304104947,47.801780477985901],[13.062253064023754,47.801780477985901],[13.062208149157845,47.801690647300177],[13.061669161784002,47.80173556296414],[13.061758993312413,47.801915225231753],[13.062567472576536,47.802274549109711],[13.063016629320298,47.802229633911722],[13.063016629320298,47.802094886878031],[13.06288188202768,47.802005056132536],[13.062657304104947,47.801780477985901]],[[13.017157843373454,47.812919537001584],[13.017157843373454,47.813009368176459],[13.017068011845042,47.813009368176459],[13.016663771763815,47.81345852413299],[13.017292589767742,47.81368310125761],[13.017337506430277,47.813997509892808],[13.017606999218886,47.814087341012652],[13.017651914983091,47.813907679220776],[13.017741745613174,47.813907679220776],[13.017696829848967,47.813817847790133],[13.0179214077717,47.81318903006003],[13.017382421296153,47.813009368176459],[13.017157843373454,47.812919537001584]],[[13.058165749243946,47.793291437968769],[13.05789625465871,47.792977028907401],[13.057671676735977,47.792977028907401],[13.05717760602467,47.793605846938306],[13.057087775394555,47.794010087264162],[13.057536931239987,47.794593989099106],[13.057986086187123,47.794549073295649],[13.058345411402438,47.794279580073542],[13.058569989325138,47.793920255212477],[13.058614904191048,47.793650761746576],[13.058255579874027,47.793336353048794],[13.058300494739903,47.793246522246378],[13.05821066410982,47.793246522246378],[13.058165749243946,47.793291437968769]]],[[[13.020840918970364,47.801825394175637],[13.020840918970364,47.801960140098181],[13.020616341047631,47.802094886878031],[13.020616341047631,47.802184718071544],[13.020436678889139,47.802139802795885],[13.020167186100531,47.802454211926836],[13.020077354572118,47.802454211926836],[13.020077354572118,47.802364381199347],[13.020391764023231,47.802049972128103],[13.020616341047631,47.802049972128103],[13.020840918970364,47.801825394175637]]],[[[13.063510700031605,47.810943252258831],[13.063780192820214,47.810943252258831],[13.063825108584419,47.811033083232687],[13.063914940112832,47.811033083232687],[13.063870025246956,47.811122914051133],[13.063959855877037,47.811257661194048],[13.063735277954338,47.811302577031768],[13.063510700031605,47.810943252258831]]],[[[13.060860681621548,47.806541527004136],[13.061714078446537,47.80658644330061],[13.061799826233644,47.806623192146084],[13.060860681621548,47.806541527004136]]],[[[13.064813250905367,47.80788899417545],[13.065127660356511,47.80788899417545],[13.064813250905367,47.807933909909963],[13.064813250905367,47.80788899417545]]],[[[13.053690741350447,47.805160965149838],[13.053988602037396,47.805373722846895],[13.053674192586286,47.805194061076755],[13.053690741350447,47.805160965149838]]],[[[13.051518245785866,47.794863481897586],[13.051608077314278,47.794863481897586],[13.051563160651742,47.794998228979665],[13.051518245785866,47.794863481897586]]],[[[13.053702264938913,47.805137915703405],[13.05371910835049,47.805104230260362],[13.054123348431684,47.804969482839404],[13.053702264938913,47.805137915703405]]],[[[13.058236434978687,47.805899456107383],[13.05849802708439,47.805992882101684],[13.05843524203252,47.806002541087082],[13.058236434978687,47.805899456107383]]],[[[13.063959855877037,47.808068656277214],[13.064049687405451,47.808068656277214],[13.064094602271359,47.808158488000039],[13.063959855877037,47.808068656277214]]],[[[13.047185391794487,47.81524316797875],[13.047206352185029,47.81525514590696],[13.047520760737809,47.815704301138631],[13.047185391794487,47.81524316797875]]],[[[13.063870025246956,47.808158488000039],[13.063914940112832,47.808068656277214],[13.063959855877037,47.808068656277214],[13.063870025246956,47.808158488000039]]],[[[13.063375952738989,47.807844079005385],[13.063600530661722,47.807978825002351],[13.063606948226084,47.807998075263853],[13.063375952738989,47.807844079005385]]],[[[13.054490159308282,47.805373722846895],[13.054527587614613,47.805373722846895],[13.054644141327781,47.805410678897438],[13.054490159308282,47.805373722846895]]]]},"properties":{"OBJECTID":4,"Name and Size":"Location 1 : 25 - 30","Travel Time Start (Minutes)":25,"Travel Time End (Minutes)":30,"Facility ID":1,"Facility: Name":"Location 1","Facility: title":"Point","Facility: Breaks":null,"Facility: AdditionalTime":0,"Facility: AdditionalDistance":0,"Area (Square Kilometers)":4.2904934800000003}},{"type":"Feature","id":5,"geometry":{"type":"MultiPolygon","coordinates":[[[[13.037908832113519,47.824732328827018],[13.037729169056695,47.824732328827018],[13.037504592032292,47.824328088714964],[13.037280014109559,47.824373004103379],[13.037324928975469,47.824193341713475],[13.037190182581147,47.824193341713475],[13.036965604658448,47.82401367990802],[13.03705543618686,47.823789102229149],[13.037190182581147,47.823834018083893],[13.037369844739676,47.82369927100617],[13.037369844739676,47.823339945765959],[13.037010520422655,47.823070452917726],[13.036830858264127,47.823205199818304],[13.036157125394327,47.823025538211674],[13.035977463235799,47.82266621313309],[13.035618138020482,47.822800959876695],[13.035213897939256,47.822711128753156],[13.034719827227915,47.822756043731189],[13.034764742093824,47.822980622260538],[13.034854573622235,47.822935706270492],[13.034854573622235,47.823160284022578],[13.034719827227915,47.823384862009398],[13.03386643130129,47.823339945765959],[13.033507106984271,47.822756043731189],[13.033282529061538,47.822800959876695],[13.033013036272928,47.822486550867374],[13.032788458350229,47.822486550867374],[13.032384218269003,47.822037395196979],[13.032024893053686,47.822261973216371],[13.031530822342345,47.822037395196979],[13.031530822342345,47.821543323874081],[13.031665568736665,47.821453492986919],[13.03157573810655,47.82064501283309],[13.029958777781678,47.820016195144603],[13.029644369228864,47.820061111247981],[13.029195213383431,47.819971280208762],[13.029240129147636,47.82010602610611],[13.029060466989112,47.820150942131711],[13.029060466989112,47.819971280208762],[13.028925719696494,47.819971280208762],[13.028925719696494,47.819881447807767],[13.028835889066411,47.819926364027715],[13.028656226009586,47.819656870950745],[13.028476563851061,47.819656870950745],[13.028521479615266,47.819791617060865],[13.02834181835507,47.819971280208762],[13.028207071062452,47.819971280208762],[13.028117240432371,47.819836532755346],[13.027847745847135,47.819971280208762],[13.027623168822732,47.819926364027715],[13.027623168822732,47.819836532755346],[13.027443505765907,47.819881447807767],[13.027353675135826,47.819791617060865],[13.027398590900033,47.819611955100832],[13.026904520188692,47.81929754607944],[13.027039265684682,47.818578896717746],[13.027308760269918,47.818309403884719],[13.027398590900033,47.818354319051871],[13.027353675135826,47.818084826259572],[13.027218928741506,47.818084826259572],[13.027218928741506,47.818219572830586],[13.027084182347219,47.818264488075442],[13.027084182347219,47.818084826259572],[13.026635025603456,47.817994994816878],[13.026410448579053,47.817770417038204],[13.026006209396158,47.817770417038204],[13.025916376969414,47.817905163821962],[13.025557052652429,47.817905163821962],[13.025332474729696,47.818039910859234],[13.025242644099615,47.817231430025323],[13.025512136888223,47.81727634612502],[13.025601968416634,47.817141598915768],[13.025736714810922,47.817186515093177],[13.025736714810922,47.817096683905916],[13.025916376969414,47.817006853166419],[13.025646884180841,47.816782274732908],[13.025646884180841,47.816557697137732],[13.025781630575128,47.816422949873093],[13.02587146210354,47.816467866068962],[13.025826546339333,47.816333119174388],[13.025916376969414,47.816333119174388],[13.025916376969414,47.816243287717114],[13.025736714810922,47.816243287717114],[13.025781630575128,47.816378034844767],[13.025601968416634,47.816467866068962],[13.025422306258108,47.816243287717114],[13.024973151311006,47.816243287717114],[13.024928234648469,47.816018710203558],[13.024703656725769,47.815794132925191],[13.024029923855936,47.815794132925191],[13.024029923855936,47.815659386091887],[13.02371551530312,47.815434807862594],[13.023850261697408,47.815030567739001],[13.024254501778636,47.814940737044395],[13.024254501778636,47.814581412711952],[13.024389248172955,47.814536497297169],[13.024344333307047,47.814446665747823],[13.024434163937162,47.814401750216476],[13.024344333307047,47.814267003992647],[13.024119755384348,47.814267003992647],[13.023895176563318,47.814536497297169],[13.023670598640585,47.814536497297169],[13.023446021616216,47.813862763826492],[13.023086697299195,47.813503439273667],[13.02263754235206,47.813278860768719],[13.02241296442936,47.813278860768719],[13.022098554978216,47.81368310125761],[13.022278217136742,47.813772931714865],[13.022233302270834,47.813907679220776],[13.022323132900949,47.813862763826492],[13.02241296442936,47.813997509892808],[13.022547709925352,47.813997509892808],[13.022502795059442,47.814222087702689],[13.022368047766825,47.81435683524959],[13.022053639214009,47.81435683524959],[13.021739229762899,47.814536497297169],[13.021604484266909,47.814716158723115],[13.021604484266909,47.814895820733952],[13.021200244185682,47.81485090619443],[13.020975666262983,47.81462632808784],[13.021020581128859,47.814536497297169],[13.020885834734571,47.814581412711952],[13.020616341047631,47.814311919037287],[13.020481594653345,47.814042425773764],[13.020481594653345,47.813907679220776],[13.021290074815797,47.813368691925284],[13.021065496893064,47.813099199195946],[13.02111041265727,47.813009368176459],[13.020975666262983,47.813054283705625],[13.020975666262983,47.812874620752588],[13.021065496893064,47.812829706274535],[13.020975666262983,47.812560211954597],[13.020706172576045,47.81260512787226],[13.020706172576045,47.812335634799936],[13.020481594653345,47.812066140932302],[13.020481594653345,47.81193139528385],[13.020930749600446,47.811796648079245],[13.020975666262983,47.811661901128296],[13.02075108834025,47.811527155034256],[13.02075108834025,47.811437323105174],[13.020571426181757,47.811482238787512],[13.020346848259024,47.811302577031768],[13.020167186100531,47.811616986204633],[13.019762946019304,47.811706817219637],[13.019538368096571,47.811482238787512],[13.019583283860777,47.811302577031768],[13.019493453230696,47.811302577031768],[13.019134128015379,47.810808506110035],[13.01850531001142,47.810853421129629],[13.018550225775625,47.810943252258831],[13.018460395145544,47.811077999264604],[13.018325647852926,47.811077999264604],[13.018235817222811,47.810988167765188],[13.018280732088721,47.810898336713677],[13.0181459856944,47.810943252258831],[13.017786661377379,47.810494096868723],[13.017696829848967,47.810179688137183],[13.017786661377379,47.810089856893782],[13.018325647852926,47.809730532176275],[13.019268875307997,47.809416123045203],[13.019403620803953,47.809191544963369],[13.018999380722761,47.808697473867561],[13.018415479381339,47.808877136792603],[13.0181459856944,47.80824831896421],[13.018235817222811,47.807709332055502],[13.018774803698358,47.807619500762449],[13.018684972169947,47.807529669917365],[13.018729887934153,47.807439838916963],[13.018595140641535,47.807439838916963],[13.018460395145544,47.807215260736108],[13.018640057304038,47.807125429795214],[13.018774803698358,47.806900852064949],[13.018999380722761,47.806900852064949],[13.018640057304038,47.806227119081399],[13.018325647852926,47.806272033839697],[13.018325647852926,47.806137287034858],[13.018640057304038,47.806182203077555],[13.019134128015379,47.805553385202295],[13.019044297385264,47.805283891737801],[13.01850531001142,47.805283891737801],[13.018235817222811,47.804969482839404],[13.018056155064318,47.804969482839404],[13.018056155064318,47.804520327071984],[13.017966324434203,47.804520327071984],[13.017966324434203,47.804385581153156],[13.018101069930193,47.804430496297151],[13.0181459856944,47.804161003040569],[13.018280732088721,47.804161003040569],[13.018280732088721,47.803936425163755],[13.01850531001142,47.803981341299497],[13.018729887934153,47.803891510195939],[13.018774803698358,47.803756763249325],[13.019762946019304,47.803756763249325],[13.019538368096571,47.803487268910843],[13.019538368096571,47.802364381199347],[13.019673115389189,47.802184718071544],[13.019044297385264,47.801510984859291],[13.018954465856853,47.801286406990329],[13.018999380722761,47.801196576053684],[13.019134128015379,47.801196576053684],[13.019134128015379,47.801061828753987],[13.019583283860777,47.801061828753987],[13.020077354572118,47.800792336123166],[13.020301933393149,47.800567758164625],[13.020391764023231,47.800253349081252],[13.020796004104456,47.800118602955571],[13.020840918970364,47.799983855876981],[13.021290074815797,47.799669446880408],[13.021469736974291,47.79922029114605],[13.021245159051592,47.79868130529416],[13.020975666262983,47.798501642100995],[13.021155328421477,47.798187233789427],[13.021245159051592,47.798187233789427],[13.021200244185682,47.798007571301461],[13.021334989681673,47.797917740126223],[13.021514652738496,47.798097401717925],[13.021649399132784,47.798097401717925],[13.021649399132784,47.79787282478209],[13.021918892819723,47.797603331298426],[13.022098554978216,47.797603331298426],[13.022951950904874,47.798501642100995],[13.023176527929277,47.798232148861757],[13.023266358559392,47.79827706510212],[13.023221443693483,47.798142318074817],[13.023311275221895,47.798052487132558],[13.023895176563318,47.798097401717925],[13.02398500809173,47.797827908795718],[13.023895176563318,47.797782993977336],[13.02394009322582,47.797603331298426],[13.023850261697408,47.797603331298426],[13.023760431067327,47.797378752830468],[13.024074838721811,47.797423669205173],[13.024209586014429,47.797244007094086],[13.024344333307047,47.79733383822731],[13.024344333307047,47.797603331298426],[13.024613826095655,47.797648246875532],[13.024838404018388,47.79787282478209],[13.025242644099615,47.797782993977336],[13.025512136888223,47.797468584937597],[13.025736714810922,47.797468584937597],[13.025916376969414,47.797558416285945],[13.025916376969414,47.797693161810408],[13.026006209396158,47.797648246875532],[13.026230786420561,47.79787282478209],[13.026365532814847,47.797378752830468],[13.027218928741506,47.797288921774943],[13.027623168822732,47.797064344965207],[13.02766808368864,47.796929597810028],[13.027533338192651,47.796839767184835],[13.027533338192651,47.796166032847196],[13.027802830981258,47.796166032847196],[13.027802830981258,47.79598637121515],[13.028027408903958,47.795941456011789],[13.028431648985185,47.796076202108829],[13.028746058436298,47.796076202108829],[13.028835889066411,47.79598637121515],[13.029464707070337,47.796031286983116],[13.029509621936246,47.795537216227558],[13.029374874643628,47.795447383798574],[13.029374874643628,47.795132975712313],[13.030048609310089,47.79508805977126],[13.031036750732707,47.79567196216594],[13.031126582261118,47.795582131176872],[13.031126582261118,47.794549073295649],[13.031216412891233,47.794369410900543],[13.031306244419646,47.794279580073542],[13.031396075948058,47.794369410900543],[13.031935062423571,47.794324496109901],[13.032024893053686,47.794055001723073],[13.032159640346304,47.794055001723073],[13.032294386740592,47.794189749091196],[13.032294386740592,47.794324496109901],[13.032429133134878,47.794279580073542],[13.032429133134878,47.794369410900543],[13.032968119610425,47.794863481897586],[13.032968119610425,47.794998228979665],[13.032788458350229,47.795132975712313],[13.032788458350229,47.795402468732789],[13.032923204744517,47.796390611125794],[13.033013036272928,47.796390611125794],[13.034135924988195,47.795806708961841],[13.035079150646638,47.795447383798574],[13.035258813703463,47.795222806874413],[13.036516448813016,47.794638904260253],[13.036516448813016,47.794549073295649],[13.036157125394327,47.794504158056853],[13.036067293865914,47.794593989099106],[13.035618138020482,47.794638904260253],[13.035573223154573,47.793875340033651],[13.035483390727865,47.793830424212459],[13.035528307390367,47.79374059305718],[13.035348645231874,47.793695677723022],[13.035348645231874,47.793201607088704],[13.035573223154573,47.793156691288672],[13.035618138020482,47.793066860175685],[13.035977463235799,47.793111774846345],[13.035977463235799,47.793021944259223],[13.036246956024408,47.792932112913292],[13.037190182581147,47.792977028907401],[13.037190182581147,47.793560930884176],[13.037100351951066,47.793695677723022],[13.037818999686776,47.794189749091196],[13.038178324902127,47.794324496109901],[13.038762227141847,47.794144832938315],[13.039391045145772,47.794414326859304],[13.039480875775887,47.794593989099106],[13.039974947385526,47.794549073295649],[13.04028935593834,47.79490839803276],[13.040469018096832,47.794863481897586],[13.04087325817806,47.795222806874413],[13.040963089706471,47.79490839803276],[13.040783426649647,47.79477365071773],[13.040738511783772,47.794504158056853],[13.040648681153657,47.794459242175741],[13.040693596019565,47.794369410900543],[13.040558849625246,47.794414326859304],[13.040558849625246,47.794279580073542],[13.040738511783772,47.794279580073542],[13.040693596019565,47.793965170955985],[13.040828343312183,47.794010087264162],[13.040918173942265,47.794279580073542],[13.041232583393377,47.794010087264162],[13.041367329787697,47.793650761746576],[13.0415919068121,47.79374059305718],[13.04217580995015,47.79374059305718],[13.042669880661457,47.793605846938306],[13.043074120742684,47.793201607088704],[13.043119035608559,47.793021944259223],[13.043253782901177,47.793021944259223],[13.04334361442959,47.792887198087335],[13.044017348197753,47.792842282015542],[13.044241925222156,47.792707534774323],[13.044691081067588,47.792842282015542],[13.045095321148816,47.792797367111987],[13.045185151778897,47.791764308786703],[13.045679223388536,47.791764308786703],[13.046173294099844,47.792258379809276],[13.046128379233968,47.792393125801169],[13.046218209864049,47.792527873254173],[13.04657753418107,47.792572788994164],[13.046308041392463,47.792887198087335],[13.046352957156667,47.793021944259223],[13.046218209864049,47.793111774846345],[13.046263125628256,47.793201607088704],[13.046397872022576,47.793201607088704],[13.046442787786782,47.793066860175685],[13.046532619315194,47.793066860175685],[13.046487702652659,47.792887198087335],[13.046622449945277,47.792797367111987],[13.046622449945277,47.792617704091867],[13.046847027868008,47.792572788994164],[13.046802112103803,47.793246522246378],[13.047386014343523,47.793246522246378],[13.047386014343523,47.794055001723073],[13.048419072428674,47.794234663998303],[13.049092806196839,47.794728736276539],[13.049452129615529,47.794369410900543],[13.049541961143941,47.794414326859304],[13.049497046278066,47.794279580073542],[13.049811454830847,47.794369410900543],[13.049811454830847,47.794189749091196],[13.050260609777983,47.794144832938315],[13.050305526440484,47.794234663998303],[13.050619934993298,47.794279580073542],[13.050575019229093,47.794414326859304],[13.050709765623415,47.794504158056853],[13.050709765623415,47.79477365071773],[13.050889427781907,47.79490839803276],[13.051024175074526,47.794728736276539],[13.051248752997259,47.794728736276539],[13.05133858362734,47.794504158056853],[13.051652993078484,47.794414326859304],[13.051877570102853,47.794099917953602],[13.052012317395471,47.794144832938315],[13.051967400732968,47.794055001723073],[13.052191978655667,47.793965170955985],[13.052326725948285,47.793785508955985],[13.052506388106812,47.793785508955985],[13.05264113539943,47.794234663998303],[13.053090290346532,47.794279580073542],[13.053269953403355,47.794010087264162],[13.053404698899346,47.794099917953602],[13.053494530427757,47.794055001723073],[13.053539446191964,47.794144832938315],[13.053898771407315,47.794144832938315],[13.053898771407315,47.794728736276539],[13.054033516903271,47.794863481897586],[13.054482672748703,47.794818566930552],[13.05502165922425,47.794549073295649],[13.055336067777064,47.79477365071773],[13.055695392992382,47.79477365071773],[13.055695392992382,47.79490839803276],[13.055785223622497,47.794953312922132],[13.055785223622497,47.795447383798574],[13.056099633073609,47.795312637881246],[13.056863196573525,47.795312637881246],[13.05717760602467,47.795177891011051],[13.057402183947369,47.794863481897586],[13.057536931239987,47.794818566930552],[13.057671676735977,47.795447383798574],[13.057851339792801,47.795537216227558],[13.057851339792801,47.795761792999748],[13.058165749243946,47.796076202108829],[13.058884397877954,47.795716878205731],[13.059019144272273,47.795537216227558],[13.059423384353501,47.795402468732789],[13.059827624434726,47.795806708961841],[13.059827624434726,47.796031286983116],[13.060097118121632,47.796255865240681],[13.060052202357426,47.796525357868461],[13.060411526674446,47.796839767184835],[13.06036661091024,47.796929597810028],[13.060501358202858,47.796929597810028],[13.060636103698849,47.797109259801381],[13.060636103698849,47.79733383822731],[13.060411526674446,47.797782993977336],[13.059468300117706,47.79787282478209],[13.059333552825088,47.798052487132558],[13.059288637959179,47.79841181117655],[13.060995428914167,47.798591474076957],[13.060995428914167,47.798816050923641],[13.060905598284085,47.798905881752546],[13.061175091072693,47.798905881752546],[13.061175091072693,47.799040629213295],[13.061309838365311,47.799040629213295],[13.061130175308486,47.799310123086322],[13.061175091072693,47.799444868895208],[13.0614445838613,47.799399954267827],[13.061399668995394,47.799579616164877],[13.061309838365311,47.799579616164877],[13.061354753231187,47.799983855876981],[13.060636103698849,47.799938939905324],[13.060456442438653,47.800163518168475],[13.060456442438653,47.800298264781077],[13.060725935227261,47.800522843301167],[13.061489499625507,47.800612674196053],[13.0614445838613,47.801466069001115],[13.061175091072693,47.801331323003829],[13.060995428914167,47.801555900075172],[13.060860681621548,47.801510984859291],[13.060905598284085,47.801600815855679],[13.060321695146035,47.802049972128103],[13.060276780280159,47.802813536300349],[13.060007285694923,47.803397438159635],[13.059243722194973,47.803262691741537],[13.059153890666561,47.803127944973944],[13.058704734821129,47.803172861205361],[13.058704734821129,47.804385581153156],[13.058974229406365,47.804475412005679],[13.059153890666561,47.804699989965691],[13.059333552825088,47.804655073847989],[13.059468300117706,47.804789820877815],[13.059692878040405,47.804699989965691],[13.059692878040405,47.804789820877815],[13.059513214983582,47.804924566954767],[13.059423384353501,47.805149144782945],[13.059288637959179,47.805104230260362],[13.059333552825088,47.805194061076755],[13.058974229406365,47.805508469822527],[13.058974229406365,47.805867794186476],[13.058525072662636,47.806002541087082],[13.05789625465871,47.805777962725166],[13.057222521788875,47.805373722846895],[13.054841997065724,47.805328806708403],[13.054123348431684,47.804969482839404],[13.053954915214241,47.805025627188122],[13.054123348431684,47.804924566954767],[13.054168264195889,47.804520327071984],[13.054482672748703,47.804250834281461],[13.054437756984498,47.804161003040569],[13.054572504277116,47.804205917775363],[13.054617419143025,47.803936425163755],[13.054437756984498,47.803217776191168],[13.054976744358342,47.803038114204718],[13.054976744358342,47.802184718071544],[13.054886912829931,47.802049972128103],[13.056099633073609,47.801825394175637],[13.056009802443528,47.801555900075172],[13.056054717309403,47.800882167155436],[13.056279295232102,47.800837251960431],[13.056279295232102,47.799983855876981],[13.056009802443528,47.800028771206421],[13.05587505515091,47.799983855876981],[13.05587505515091,47.799849109052339],[13.055740307858292,47.799894025101651],[13.055785223622497,47.799804194171038],[13.055650477228177,47.799714363085059],[13.055560645699764,47.799759278044057],[13.055605562362301,47.799849109052339],[13.055425900203774,47.799759278044057],[13.055425900203774,47.799669446880408],[13.055560645699764,47.799669446880408],[13.055470815069683,47.799489785294014],[13.055560645699764,47.799310123086322],[13.055425900203774,47.799310123086322],[13.055470815069683,47.799399954267827],[13.055380984439568,47.799399954267827],[13.055291152911156,47.799355037791351],[13.055291152911156,47.79922029114605],[13.055560645699764,47.799265207135633],[13.055785223622497,47.799175375721127],[13.055785223622497,47.79908554475471],[13.055695392992382,47.798950798013927],[13.055336067777064,47.798950798013927],[13.055380984439568,47.798097401717925],[13.055291152911156,47.798052487132558],[13.055291152911156,47.797738077913259],[13.055156405618538,47.797603331298426],[13.054617419143025,47.797827908795718],[13.053988602037396,47.797693161810408],[13.053764024114697,47.79787282478209],[13.053808938980572,47.797962656034976],[13.053674192586286,47.797917740126223],[13.053314868269265,47.79836689625953],[13.051428415155751,47.79908554475471],[13.049811454830847,47.799579616164877],[13.04976653906664,47.799040629213295],[13.051563160651742,47.79845672726163],[13.052955543952244,47.797827908795718],[13.053135206110738,47.79787282478209],[13.053090290346532,47.797782993977336],[13.053269953403355,47.797693161810408],[13.053359784033471,47.797693161810408],[13.053359784033471,47.797827908795718],[13.053494530427757,47.797827908795718],[13.053449614663553,47.797558416285945],[13.053045374582325,47.797603331298426],[13.05300045881812,47.797468584937597],[13.053090290346532,47.797468584937597],[13.053090290346532,47.797378754037382],[13.052910628188039,47.79733383822731],[13.052955543952244,47.797244007094086],[13.052730966029511,47.797019428883338],[13.052281810184079,47.796974512762638],[13.052102148025586,47.797154175805595],[13.052102148025586,47.79733383822731],[13.052012317395471,47.797199091167521],[13.051832655236977,47.797199091167521],[13.051877570102853,47.797288921774943],[13.051652993078484,47.797423669205173],[13.051652993078484,47.797648246875532],[13.051428415155751,47.797693161810408],[13.051203837233052,47.796839767184835],[13.050934344444444,47.796794850908817],[13.050440271936475,47.797019428883338],[13.050395357070599,47.796705020050659],[13.050485187700682,47.796705020050659],[13.050485187700682,47.796615189037183],[13.050350441306394,47.796615189037183],[13.050395357070599,47.796525357868461],[13.050305526440484,47.796435527147835],[13.049272468355333,47.796435527147835],[13.048733480981488,47.796345696271906],[13.048598734587202,47.796166032847196],[13.048014832347448,47.79621094906333],[13.047116520656617,47.79598637121515],[13.047206352185029,47.795896540166126],[13.04716143731912,47.795806708961841],[13.04729618281511,47.795806708961841],[13.04729618281511,47.79567196216594],[13.04716143731912,47.79567196216594],[13.04716143731912,47.795132975712313],[13.046667365709482,47.795222806874413],[13.046263125628256,47.795132975712313],[13.046083462571431,47.794953312922132],[13.045858884648732,47.794414326859304],[13.045724139152743,47.794369410900543],[13.045274983307309,47.79477365071773],[13.045274983307309,47.795851624885159],[13.044960573856198,47.795896540166126],[13.044511418909062,47.795537216227558],[13.043927515771012,47.795537216227558],[13.043837685140931,47.795627047294268],[13.043837685140931,47.796121117799139],[13.043568192352321,47.796480441924068],[13.042939374348396,47.796435527147835],[13.04275971218987,47.796525357868461],[13.041951232027417,47.796525357868461],[13.04190631626321,47.796749935800861],[13.041052921234883,47.797513500027733],[13.040648681153657,47.798142318074817],[13.040379186568421,47.79836689625953],[13.040019863149732,47.79841181117655],[13.039885115857114,47.798591474076957],[13.039750368564496,47.798546558108363],[13.039705453698586,47.798636388799828],[13.039615623068505,47.798321980096837],[13.039480875775887,47.79827706510212],[13.0395707073043,47.79827706510212],[13.039705453698586,47.798142318074817],[13.039795285226999,47.798187233789427],[13.039795285226999,47.798097401717925],[13.0395707073043,47.798052487132558],[13.039705453698586,47.79787282478209],[13.039615623068505,47.79787282478209],[13.0395707073043,47.797693161810408],[13.039391045145772,47.797558416285945],[13.039231345349512,47.797398716070767],[13.039256297853154,47.797378754037382],[13.039256297853154,47.797154175805595],[13.038223239768003,47.797154175805595],[13.038133409137922,47.797064344965207],[13.038088494272012,47.796525357868461],[13.037863916349313,47.796031286983116],[13.037504592032292,47.796076202108829],[13.037504592032292,47.79621094906333],[13.03741475960555,47.796166032847196],[13.037145266816943,47.796435527147835],[13.036606280341427,47.796435527147835],[13.036606280341427,47.797154175805595],[13.035618138020482,47.797154175805595],[13.035483390727865,47.797288921774943],[13.035483390727865,47.797782993977336],[13.035707968650563,47.797962656034976],[13.035573223154573,47.79841181117655],[13.035977463235799,47.798546558108363],[13.035977463235799,47.798636388799828],[13.036067293865914,47.798636388799828],[13.036022378101709,47.798860967262641],[13.036785943398252,47.798950798013927],[13.037190182581147,47.799130460257331],[13.037145266816943,47.79922029114605],[13.037369844739676,47.799265207135633],[13.037145266816943,47.799579616164877],[13.036830858264127,47.799399954267827],[13.036875774028333,47.799669446880408],[13.037010520422655,47.799669446880408],[13.036965604658448,47.799759278044057],[13.037145266816943,47.799894025101651],[13.037145266816943,47.800163518168475],[13.036830858264127,47.800298264781077],[13.036696111869841,47.800298264781077],[13.036696111869841,47.799894025101651],[13.036561364577222,47.799804194171038],[13.036606280341427,47.799444868895208],[13.035707968650563,47.799489785294014],[13.035707968650563,47.799175375721127],[13.035618138020482,47.79908554475471],[13.035663053784688,47.798816050923641],[13.034405417776803,47.798905881752546],[13.034405417776803,47.79841181117655],[13.034135924988195,47.798501642100995],[13.033911347065496,47.79841181117655],[13.033013036272928,47.798501642100995],[13.032923204744517,47.79836689625953],[13.032968119610425,47.798007571301461],[13.032833373216105,47.79787282478209],[13.032114724582097,47.79787282478209],[13.032024893053686,47.797962656034976],[13.032114724582097,47.798591474076957],[13.03184523089516,47.798905881752546],[13.031306244419646,47.798771135752645],[13.030003692647554,47.798816050923641],[13.029419791306132,47.799130460257331],[13.028970634562402,47.799175375721127],[13.028970634562402,47.799444868895208],[13.028746058436298,47.799714363085059],[13.028701141773793,47.800073687100408],[13.028611311143679,47.800163518168475],[13.02766808368864,47.800208433945969],[13.02766808368864,47.800118602955571],[13.027578253058525,47.800163518168475],[13.027623168822732,47.800028771206421],[13.027308760269918,47.799714363085059],[13.0271740129773,47.799714363085059],[13.027129097213093,47.800163518168475],[13.027263843607415,47.800298264781077],[13.027218928741506,47.800433011044156],[13.027353675135826,47.800522843301167],[13.027353675135826,47.800792336123166],[13.026320617050642,47.80142115370753],[13.026051124262032,47.801106744961658],[13.025916376969414,47.801106744961658],[13.025961292733621,47.801016913714307],[13.025691799945047,47.800971998032374],[13.025601968416634,47.801106744961658],[13.025332474729696,47.801061828753987],[13.025242644099615,47.800792336123166],[13.024973151311006,47.800837251960431],[13.024748573388273,47.801016913714307],[13.024164671148553,47.801106744961658],[13.024209586014429,47.801286406990329],[13.024119755384348,47.801376237771692],[13.024119755384348,47.801600815855679],[13.024434163937162,47.801690647300177],[13.024299416644544,47.801825394175637],[13.024299416644544,47.802139802795885],[13.024434163937162,47.802139802795885],[13.024389248172955,47.802229633911722],[13.024613826095655,47.802409296280786],[13.024479079701369,47.802588958028487],[13.024164671148553,47.802723704987471],[13.024164671148553,47.802858452200283],[13.024344333307047,47.803083028703682],[13.02456891122978,47.803172861205361],[13.02528755986382,47.803172861205361],[13.025467222022314,47.803352522725788],[13.025197728335408,47.803577100713468],[13.025242644099615,47.803711846919391],[13.025152812571202,47.803666931757391],[13.024928234648469,47.803981341299497],[13.024703656725769,47.803936425163755],[13.024389248172955,47.804250834281461],[13.024434163937162,47.804385581153156],[13.024344333307047,47.804340664763629],[13.024164671148553,47.804610158294814],[13.024209586014429,47.804834736275637],[13.023625683774709,47.805014398081866],[13.023625683774709,47.805194061076755],[13.02340110585201,47.80523897612504],[13.02340110585201,47.805104230260362],[13.023041782433287,47.804789820877815],[13.022951950904874,47.804789820877815],[13.022951950904874,47.804879652237993],[13.023131613063402,47.805283891737801],[13.023221443693483,47.805373722846895],[13.023311275221895,47.805328806708403],[13.023176527929277,47.805508469822527],[13.023176527929277,47.805867794186476],[13.023446021616216,47.805957624889032],[13.023446021616216,47.806631358954903],[13.024029923855936,47.806631358954903],[13.024209586014429,47.80681102118362],[13.024434163937162,47.806855936040357],[13.024479079701369,47.806766105081358],[13.024793488254183,47.806766105081358],[13.024883319782594,47.806855936040357],[13.024523994567243,47.806900852064949],[13.024434163937162,47.806945768050689],[13.024434163937162,47.807080513964841],[13.024344333307047,47.80703559869896],[13.024299416644544,47.807125429795214],[13.024209586014429,47.80703559869896],[13.024074838721811,47.807080513964841],[13.024119755384348,47.807350007761144],[13.024074838721811,47.807439838916963],[13.023895176563318,47.807439838916963],[13.023895176563318,47.80788899417545],[13.022592625689558,47.80811357185641],[13.022368047766825,47.808068656277214],[13.022278217136742,47.808203402898215],[13.022053639214009,47.808158488000039],[13.021963807685598,47.808427981029674],[13.022053639214009,47.808517812131008],[13.022008724348135,47.809056799096091],[13.022143469844126,47.809101713820738],[13.022278217136742,47.808922052275904],[13.02263754235206,47.808877136792603],[13.02263754235206,47.808742390109565],[13.023131613063402,47.808742390109565],[13.023356190986101,47.808607643076975],[13.023850261697408,47.808652558793376],[13.024074838721811,47.808832221270421],[13.024074838721811,47.809326292291011],[13.023895176563318,47.80946103926901],[13.023625683774709,47.809910193940823],[13.023625683774709,47.810539012160234],[13.024434163937162,47.810583928016207],[13.024793488254183,47.810988167765188],[13.024748573388273,47.811122914051133],[13.024883319782594,47.811077999264604],[13.025152812571202,47.81121274592077],[13.025152812571202,47.811347492227313],[13.025018066176882,47.811482238787512],[13.024838404018388,47.811482238787512],[13.024838404018388,47.811347492227313],[13.024748573388273,47.811302577031768],[13.024389248172955,47.811347492227313],[13.024389248172955,47.81193139528385],[13.024479079701369,47.812021225754989],[13.025018066176882,47.812066140932302],[13.025422306258108,47.811751732065595],[13.025646884180841,47.811796648079245],[13.025916376969414,47.812021225754989],[13.025916376969414,47.812155971773635],[13.025781630575128,47.812290719252417],[13.025781630575128,47.812470381209252],[13.025916376969414,47.812560211954597],[13.02587146210354,47.812964452005168],[13.026140954892147,47.812964452005168],[13.026185870656354,47.813054283705625],[13.026724857131867,47.813054283705625],[13.02659011073758,47.812874620752588],[13.027263843607415,47.81345852413299],[13.027263843607415,47.813548354978714],[13.027802830981258,47.813593270041679],[13.028162155298247,47.814132256815952],[13.02825198592836,47.814446665747823],[13.028207071062452,47.81462632808784],[13.02834181835507,47.81462632808784],[13.028296901692567,47.814536497297169],[13.028476563851061,47.814491581240311],[13.028835889066411,47.814491581240311],[13.028835889066411,47.81462632808784],[13.028746058436298,47.814671244028183],[13.028746058436298,47.81507548393293],[13.029195213383431,47.81525514590696],[13.029060466989112,47.815389893186037],[13.029105381855018,47.815524638908954],[13.028925719696494,47.815794132925191],[13.029329959777719,47.815928878805529],[13.029464707070337,47.816243287717114],[13.029374874643628,47.816378034844767],[13.029599452566329,47.816378034844767],[13.029779114724853,47.816602613217071],[13.030228270570253,47.816422949873093],[13.03027318723279,47.816243287717114],[13.03040793272878,47.816378034844767],[13.030857088574214,47.816422949873093],[13.030857088574214,47.816557697137732],[13.03099183586683,47.816647528051092],[13.031171498025325,47.816647528051092],[13.031485906578139,47.816467866068962],[13.031485906578139,47.816827190014742],[13.031396075948058,47.816872105860952],[13.031440990813932,47.816961936833586],[13.031306244419646,47.816961936833586],[13.03126132865544,47.81727634612502],[13.031665568736665,47.817321262185907],[13.031800316029283,47.817590754719056],[13.032384218269003,47.817545838891306],[13.032429133134878,47.817186515093177],[13.032968119610425,47.817231430025323],[13.033013036272928,47.817411092984621],[13.033147781768919,47.817456007722491],[13.033147781768919,47.817590754719056],[13.033237613297331,47.817590754719056],[13.033192698431456,47.817456007722491],[13.033327444825742,47.81750092423114],[13.033282529061538,47.817770417038204],[13.03373168490697,47.817815333274851],[13.033776599772878,47.818039910859234],[13.033686769142763,47.81812974222423],[13.033686769142763,47.818399234783385],[13.034315587146722,47.818533981744828],[13.034629995699502,47.818983136963617],[13.035348645231874,47.818983136963617],[13.035168983073348,47.819477207921153],[13.035393560097749,47.819701786158596],[13.035707968650563,47.819701786158596],[13.035797800178976,47.819791617060865],[13.036336786654523,47.819567039815269],[13.036471533947141,47.819477207921153],[13.036336786654523,47.819252631125075],[13.036336786654523,47.818983136963617],[13.036606280341427,47.818758559236727],[13.036920688894243,47.818758559236727],[13.036875774028333,47.819567039815269],[13.03705543618686,47.819701786158596],[13.037908832113519,47.819791617060865],[13.038043577609509,47.819926364027715],[13.038043577609509,47.820959422138586],[13.038357987060621,47.821049253277508],[13.038537649219148,47.821004336822725],[13.038492734353238,47.820375519867468],[13.038941889300339,47.819971280208762],[13.039166467223072,47.820285688165939],[13.039121552357164,47.820465350810366],[13.038941889300339,47.820600097234887],[13.038941889300339,47.820734843912859],[13.039076635694661,47.820869590844232],[13.039256297853154,47.820824674837191],[13.039480875775887,47.821094169090244],[13.039750368564496,47.820959422138586],[13.039840200991204,47.821094169090244],[13.040019863149732,47.821049253277508],[13.040019863149732,47.82113908426097],[13.040199525308225,47.821183999995995],[13.04028935593834,47.821004336822725],[13.040513933861039,47.821004336822725],[13.040469018096832,47.821094169090244],[13.040738511783772,47.821273830746307],[13.040828343312183,47.82113908426097],[13.041097836100759,47.821049253277508],[13.041052921234883,47.820869590844232],[13.041142751864964,47.820869590844232],[13.041187666730874,47.82064501283309],[13.041367329787697,47.820600097234887],[13.041546991946191,47.820869590844232],[13.041636822576306,47.820824674837191],[13.0415919068121,47.820959422138586],[13.041681739238809,47.821049253277508],[13.041771569868924,47.821049253277508],[13.04190631626321,47.820824674837191],[13.042130894185943,47.820824674837191],[13.042130894185943,47.821049253277508],[13.042310556344438,47.821004336822725],[13.042310556344438,47.820869590844232],[13.042445302738757,47.820959422138586],[13.042849542819985,47.820869590844232],[13.043029204978478,47.821004336822725],[13.043163952271096,47.820869590844232],[13.043119035608559,47.82077975999762],[13.043253782901177,47.820824674837191],[13.043433445059703,47.82064501283309],[13.04406226306363,47.821183999995995],[13.044331755852239,47.82113908426097],[13.044915658990289,47.821183999995995],[13.044691081067588,47.820824674837191],[13.044691081067588,47.820375519867468],[13.044915658990289,47.82024077286006],[13.045903801311235,47.82024077286006],[13.04599363194135,47.820061111247981],[13.046128379233968,47.820150942131711],[13.046083462571431,47.820016195144603],[13.046263125628256,47.81974670193074],[13.047026690026502,47.819701786158596],[13.047071605790709,47.819791617060865],[13.047206352185029,47.819791617060865],[13.04729618281511,47.81974670193074],[13.04729618281511,47.819611955100832],[13.047386014343523,47.819656870950745],[13.047565677400346,47.819522123887644],[13.04788008595316,47.819656870950745],[13.047969916583241,47.819611955100832],[13.047925000819037,47.81974670193074],[13.048014832347448,47.81974670193074],[13.048014832347448,47.819656870950745],[13.048194495404273,47.819701786158596],[13.048688566115613,47.81920771492544],[13.048733480981488,47.819072967902997],[13.048239410270181,47.818399234783385],[13.047925000819037,47.817545838891306],[13.047475845871935,47.817141598915768],[13.047655508030427,47.816647528051092],[13.048419072428674,47.817680586257943],[13.049631791774022,47.819611955100832],[13.04976653906664,47.819611955100832],[13.050260609777983,47.819072967902997],[13.050350441306394,47.819072967902997],[13.050305526440484,47.818983136963617],[13.050440271936475,47.819028052754341],[13.05075468138762,47.818713643816075],[13.05075468138762,47.818578896717746],[13.051203837233052,47.818084826259572],[13.051787738574442,47.818039910859234],[13.05192248586706,47.81812974222423],[13.051877570102853,47.817950078735649],[13.052102148025586,47.817635669904689],[13.0524165565784,47.817321262185907],[13.052686050265306,47.81727634612502],[13.052865713322129,47.817051768253975],[13.052955543952244,47.816602613217071],[13.053674192586286,47.816647528051092],[13.054213179061799,47.816467866068962],[13.054752166435643,47.816602613217071],[13.054752166435643,47.816243287717114],[13.054841997065724,47.816198373136615],[13.054797082199849,47.816108540842983],[13.054931827695839,47.816108540842983],[13.054976744358342,47.815794132925191],[13.055201322281075,47.815614469799854],[13.055336067777064,47.815704301138631],[13.055291152911156,47.815569555278699],[13.055380984439568,47.815569555278699],[13.055380984439568,47.815434807862594],[13.055201322281075,47.815524638908954],[13.05502165922425,47.815210229868484],[13.055291152911156,47.815030567739001],[13.055470815069683,47.81512039888144],[13.055470815069683,47.814895820733952],[13.055740307858292,47.814940737044395],[13.055964885780991,47.814805989806239],[13.05618946370369,47.814581412711952],[13.05618946370369,47.814401750216476],[13.056638620447453,47.81435683524959],[13.056638620447453,47.814446665747823],[13.056773365943442,47.814446665747823],[13.056773365943442,47.81462632808784],[13.05713269115876,47.81507548393293],[13.058525072662636,47.815210229868484],[13.058884397877954,47.814716158723115],[13.059692878040405,47.814671244028183],[13.059692878040405,47.815300060700118],[13.060052202357426,47.815300060700118],[13.060186948751747,47.815389893186037],[13.060546273068734,47.81525514590696],[13.060501358202858,47.815659386091887],[13.060725935227261,47.815749216749715],[13.060725935227261,47.815839047855327],[13.060860681621548,47.815794132925191],[13.060860681621548,47.816153456707625],[13.060636103698849,47.816108540842983],[13.060591188832941,47.815973794825588],[13.06036661091024,47.816153456707625],[13.060411526674446,47.816333119174388],[13.060231863617622,47.816378034844767],[13.060142032987541,47.816108540842983],[13.059962370829014,47.816108540842983],[13.060052202357426,47.816512782225999],[13.06036661091024,47.816422949873093],[13.06036661091024,47.817006853166419],[13.059737792906315,47.817006853166419],[13.059603045613697,47.816917022271497],[13.059603045613697,47.817321262185907],[13.059333552825088,47.817366177001489],[13.059288637959179,47.81750092423114],[13.058884397877954,47.81750092423114],[13.058704734821129,47.817366177001489],[13.058614904191048,47.817590754719056],[13.058390326268315,47.817680586257943],[13.057986086187123,47.817725501969086],[13.057536931239987,47.817590754719056],[13.057402183947369,47.817725501969086],[13.057267436654751,47.817725501969086],[13.05713269115876,47.817905163821962],[13.057536931239987,47.818039910859234],[13.057716593398514,47.818264488075442],[13.057447099711574,47.818533981744828],[13.057312353317288,47.818489066129885],[13.057042859630348,47.81884839116789],[13.056638620447453,47.818758559236727],[13.056548788020709,47.818893305868812],[13.056458957390628,47.81884839116789],[13.056458957390628,47.818983136963617],[13.056234380366227,47.818983136963617],[13.05618946370369,47.819072967902997],[13.055560645699764,47.819117884219203],[13.055515730833889,47.819836532755346],[13.053629276822079,47.819791617060865],[13.053853854744778,47.820016195144603],[13.053808938980572,47.820150942131711],[13.053988602037396,47.820330604036116],[13.054078432667477,47.82077975999762],[13.053853854744778,47.820824674837191],[13.053629276822079,47.821183999995995],[13.053314868269265,47.82113908426097],[13.053314868269265,47.821228915089016],[13.053045374582325,47.821228915089016],[13.053090290346532,47.821408576881886],[13.052955543952244,47.821498409053085],[13.052551303871018,47.821498409053085],[13.052686050265306,47.821947563958467],[13.052551303871018,47.822441635052989],[13.051967400732968,47.822441635052989],[13.05169790794436,47.82212722628006],[13.05111400570464,47.821722985785208],[13.05111400570464,47.82262129807733],[13.050979259310319,47.82262129807733],[13.051024175074526,47.82253146603972],[13.050934344444444,47.82253146603972],[13.050889427781907,47.82262129807733],[13.050575019229093,47.82262129807733],[13.050575019229093,47.822935706270492],[13.050350441306394,47.823070452917726],[13.050215694912072,47.823025538211674],[13.050260609777983,47.823115368791136],[13.049901286359258,47.823429778213921],[13.049137721062715,47.822935706270492],[13.049002974668428,47.822756043731189],[13.048868228274106,47.822890790844738],[13.048733480981488,47.822845874777009],[13.048778396745695,47.822935706270492],[13.048329240900262,47.823339945765959],[13.04814957874177,47.823205199818304],[13.04814957874177,47.822935706270492],[13.047969916583241,47.822800959876695],[13.048014832347448,47.82266621313309],[13.047835170188955,47.822486550867374],[13.04788008595316,47.82212722628006],[13.047430930107728,47.821812816809171],[13.046981774262296,47.821767902221382],[13.046802112103803,47.821453492986919],[13.04657753418107,47.821588239862528],[13.046757197237895,47.821902648884041],[13.046847027868008,47.822486550867374],[13.047251267949235,47.82262129807733],[13.047386014343523,47.822845874777009],[13.047251267949235,47.823429778213921],[13.047341098579317,47.82347469317331],[13.047386014343523,47.823789102229149],[13.046802112103803,47.823834018083893],[13.04657753418107,47.823564524181776],[13.046397872022576,47.823609440230847],[13.046532619315194,47.823744185732387],[13.046487702652659,47.823878933296669],[13.04657753418107,47.824058594965344],[13.046487702652659,47.824148426772787],[13.046397872022576,47.824103511190046],[13.046442787786782,47.824238257821584],[13.046352957156667,47.824328088714964],[13.046218209864049,47.824328088714964],[13.046128379233968,47.824193341713475],[13.046173294099844,47.824058594965344],[13.045589391860124,47.823923849073687],[13.045095321148816,47.823429778213921],[13.04455633377497,47.823205199818304],[13.044286840986363,47.823250114972019],[13.044197010356248,47.823384862009398],[13.043747853612519,47.823609440230847],[13.043658022982404,47.823923849073687],[13.043568192352321,47.823968764208736],[13.042669880661457,47.823878933296669],[13.042490219401261,47.82401367990802],[13.042624964897252,47.824058594965344],[13.042624964897252,47.824193341713475],[13.042490219401261,47.824148426772787],[13.042490219401261,47.824283173287732],[13.042310556344438,47.824238257821584],[13.042355472108643,47.824103511190046],[13.041861401397336,47.824193341713475],[13.04190631626321,47.82401367990802],[13.041771569868924,47.823923849073687],[13.041771569868924,47.82365435503479],[13.041861401397336,47.82369927100617],[13.041996146893325,47.823519609300106],[13.042130894185943,47.823564524181776],[13.042085979320035,47.82347469317331],[13.04217580995015,47.823429778213921],[13.041951232027417,47.823160284022578],[13.041636822576306,47.823160284022578],[13.041367329787697,47.823250114972019],[13.041367329787697,47.823519609300106],[13.041008004572346,47.82365435503479],[13.040513933861039,47.82365435503479],[13.039795285226999,47.823339945765959],[13.039256297853154,47.823789102229149],[13.039211382987279,47.824462834763573],[13.038717312275971,47.824687413146421],[13.038582564983354,47.824507751241597],[13.038357987060621,47.824507751241597],[13.038268156430538,47.824417920056028],[13.037953746979394,47.824642498030066],[13.037908832113519,47.824732328827018]],[[13.051518245785866,47.794863481897586],[13.051563160651742,47.794998228979665],[13.051608077314278,47.794863481897586],[13.051518245785866,47.794863481897586]],[[13.052910628188039,47.794638904260253],[13.052910628188039,47.794953312922132],[13.05300045881812,47.794998228979665],[13.053045374582325,47.794728736276539],[13.052955543952244,47.794728736276539],[13.052910628188039,47.794638904260253]],[[13.020077354572118,47.802364381199347],[13.020077354572118,47.802454211926836],[13.020167186100531,47.802454211926836],[13.020436678889139,47.802139802795885],[13.020616341047631,47.802184718071544],[13.020616341047631,47.802094886878031],[13.020840918970364,47.801960140098181],[13.020840918970364,47.801825394175637],[13.020616341047631,47.802049972128103],[13.020391764023231,47.802049972128103],[13.020077354572118,47.802364381199347]],[[13.039795285226999,47.797827908795718],[13.039750368564496,47.797962656034976],[13.039930031621319,47.798007571301461],[13.039930031621319,47.798142318074817],[13.039840200991204,47.798187233789427],[13.040154610442348,47.79827706510212],[13.040244441072431,47.798232148861757],[13.040244441072431,47.79787282478209],[13.040199525308225,47.797693161810408],[13.040109693779813,47.797693161810408],[13.039795285226999,47.797827908795718]],[[13.025467222022314,47.813772931714865],[13.025557052652429,47.814177171977093],[13.025646884180841,47.814311919037287],[13.025781630575128,47.814311919037287],[13.026230786420561,47.814087341012652],[13.026185870656354,47.813997509892808],[13.026410448579053,47.81368310125761],[13.02645536434326,47.813413607746924],[13.026140954892147,47.813368691925284],[13.025961292733621,47.813548354978714],[13.025691799945047,47.813503439273667],[13.025557052652429,47.813593270041679],[13.025467222022314,47.813772931714865]]],[[[13.060995849325741,47.80655328129],[13.061893739706735,47.806631358954903],[13.062073401865227,47.806721190146945],[13.062073401865227,47.806945768050689],[13.062522557710659,47.807350007761144],[13.062477641946455,47.807439838916963],[13.062612389239073,47.807394922755137],[13.062567472576536,47.807484753833265],[13.063016629320298,47.807484753833265],[13.063241207242998,47.807619500762449],[13.065486984673532,47.807619500762449],[13.065666646832025,47.807754247945383],[13.065936139620632,47.807754247945383],[13.065981056283169,47.80811357185641],[13.06607088691325,47.808068656277214],[13.06607088691325,47.808203402898215],[13.065891224754758,47.80811357185641],[13.065801394124643,47.808293233784703],[13.065531900437737,47.808293233784703],[13.065486984673532,47.8085627279251],[13.065621731067818,47.808607643076975],[13.065711561697933,47.808383065119095],[13.065891224754758,47.808383065119095],[13.065801394124643,47.808607643076975],[13.065846308990551,47.808966967720352],[13.066160718441662,47.808832221270421],[13.06611580177916,47.809146629713133],[13.066205634205868,47.809236460778081],[13.066205634205868,47.80946103926901],[13.065891224754758,47.809326292291011],[13.065442068909325,47.809371207989187],[13.065217490986592,47.80946103926901],[13.065082744592305,47.809685616788819],[13.065127660356511,47.809910193940823],[13.065442068909325,47.810000026098308],[13.065486984673532,47.810269519225209],[13.065846308990551,47.810988167765188],[13.065846308990551,47.811122914051133],[13.065756478360436,47.811077999264604],[13.065801394124643,47.81121274592077],[13.065666646832025,47.81121274592077],[13.065711561697933,47.811077999264604],[13.064947998197983,47.811033083232687],[13.064588672982667,47.811257661194048],[13.063959855877037,47.811302577031768],[13.063914940112832,47.811572070035595],[13.064004770742947,47.811796648079245],[13.063825108584419,47.811751732065595],[13.063825108584419,47.811976309935581],[13.063645447324223,47.812200888040941],[13.063061544186173,47.811886478783464],[13.061893739706735,47.813054283705625],[13.06180390907662,47.813009368176459],[13.061848823942528,47.813413607746924],[13.061669161784002,47.813413607746924],[13.061714078446537,47.813503439273667],[13.061130175308486,47.814042425773764],[13.060725935227261,47.813862763826492],[13.060231863617622,47.813413607746924],[13.059558130747787,47.813638186272335],[13.058929312743862,47.813278860768719],[13.058569989325138,47.813278860768719],[13.058345411402438,47.813548354978714],[13.057357269081493,47.81358635970971],[13.057357269081493,47.813009368176459],[13.05717760602467,47.812874620752588],[13.057222521788875,47.812650043147784],[13.057312353317288,47.812560211954597],[13.057536931239987,47.812560211954597],[13.057851339792801,47.812739874788861],[13.057851339792801,47.812245803062815],[13.057402183947369,47.812155971773635],[13.057222521788875,47.811976309935581],[13.057222521788875,47.811841562847512],[13.057581846105895,47.811661901128296],[13.057851339792801,47.811661901128296],[13.058165749243946,47.811796648079245],[13.058345411402438,47.811527155034256],[13.05843524203252,47.811167830005388],[13.058390326268315,47.810853421129629],[13.058525072662636,47.810628843230035],[13.058569989325138,47.810224603097311],[13.05821066410982,47.809910193940823],[13.058120832581409,47.809685616788819],[13.058525072662636,47.809416123045203],[13.059108974902355,47.809416123045203],[13.059288637959179,47.809595785294135],[13.0596479622762,47.809730532176275],[13.059692878040405,47.810089856893782],[13.059827624434726,47.810224603097311],[13.060321695146035,47.810224603097311],[13.06036661091024,47.810314434107646],[13.060501358202858,47.810314434107646],[13.060905598284085,47.809955109737324],[13.060860681621548,47.809685616788819],[13.061130175308486,47.809640700759239],[13.061130175308486,47.809011883126011],[13.060770850991467,47.809056799096091],[13.060546273068734,47.808787305106108],[13.060456442438653,47.808832221270421],[13.060501358202858,47.808697473867561],[13.060321695146035,47.808877136792603],[13.059827624434726,47.808832221270421],[13.059872540198933,47.808922052275904],[13.05978270867052,47.808922052275904],[13.059737792906315,47.809101713820738],[13.05906406003648,47.809011883126011],[13.058974229406365,47.808922052275904],[13.059153890666561,47.807978825002351],[13.059333552825088,47.807709332055502],[13.060142032987541,47.807799163193138],[13.060905598284085,47.807709332055502],[13.061040343780075,47.807799163193138],[13.060995849325741,47.80655328129]],[[13.063780192820214,47.810943252258831],[13.063510700031605,47.810943252258831],[13.063735277954338,47.811302577031768],[13.063959855877037,47.811257661194048],[13.063870025246956,47.811122914051133],[13.063914940112832,47.811033083232687],[13.063825108584419,47.811033083232687],[13.063780192820214,47.810943252258831]],[[13.064813250905367,47.80788899417545],[13.064813250905367,47.807978825002351],[13.064498842352585,47.807978825002351],[13.06445392658838,47.80788899417545],[13.06445392658838,47.807978825002351],[13.064319180194058,47.807978825002351],[13.064319180194058,47.807844079005385],[13.063375952738989,47.807844079005385],[13.063645447324223,47.808023741262517],[13.063645447324223,47.80811357185641],[13.063690362190133,47.808023741262517],[13.063825108584419,47.808023741262517],[13.063870025246956,47.808158488000039],[13.063959855877037,47.808068656277214],[13.064094602271359,47.808158488000039],[13.06418443290144,47.808023741262517],[13.064229348665647,47.808158488000039],[13.064319180194058,47.80811357185641],[13.064274265328184,47.808203402898215],[13.064409010824173,47.80824831896421],[13.06445392658838,47.808427981029674],[13.064543758116791,47.808293233784703],[13.064678505409409,47.808293233784703],[13.064723420275284,47.808427981029674],[13.064813250905367,47.808293233784703],[13.064903082433778,47.808427981029674],[13.06499291396219,47.808293233784703],[13.065172576120716,47.808338149772965],[13.065307321616707,47.80811357185641],[13.065172576120716,47.80811357185641],[13.065262406750799,47.807933909909963],[13.065127660356511,47.80788899417545],[13.064813250905367,47.80788899417545]]],[[[13.038537649219148,47.79868130529416],[13.038762227141847,47.798816050923641],[13.038717312275971,47.79868130529416],[13.038807142906053,47.79868130529416],[13.038852057771928,47.798546558108363],[13.039076635694661,47.798636388799828],[13.03930121361736,47.798771135752645],[13.039660537934381,47.79868130529416],[13.039705453698586,47.799399954267827],[13.039480875775887,47.799938939905324],[13.038941889300339,47.800118602955571],[13.038717312275971,47.799804194171038],[13.038674759979262,47.799577251958382],[13.038807142906053,47.799444868895208],[13.038986805064546,47.799489785294014],[13.039211382987279,47.799355037791351],[13.039121552357164,47.79908554475471],[13.038941889300339,47.798995714236447],[13.038537649219148,47.79868130529416]]],[[[13.054797082199849,47.799399954267827],[13.054976744358342,47.799444868895208],[13.054976744358342,47.799759278044057],[13.055336067777064,47.799624531240319],[13.055336067777064,47.799804194171038],[13.055470815069683,47.799804194171038],[13.055470815069683,47.799983855876981],[13.055560645699764,47.799983855876981],[13.055515730833889,47.800118602955571],[13.05502165922425,47.800118602955571],[13.054797082199849,47.799894025101651],[13.054617419143025,47.799849109052339],[13.054707250671436,47.799534699843733],[13.054841997065724,47.799489785294014],[13.054797082199849,47.799399954267827]]],[[[13.055650477228177,47.811796648079245],[13.056099633073609,47.811841562847512],[13.05618946370369,47.81193139528385],[13.056144547939484,47.812111057277299],[13.055515730833889,47.811976309935581],[13.055650477228177,47.811796648079245]]],[[[13.036741026735715,47.798546558108363],[13.03741475960555,47.798636388799828],[13.038223240666333,47.799130460257331],[13.037459676268087,47.79868130529416],[13.037145266816943,47.798860967262641],[13.036965604658448,47.798771135752645],[13.03705543618686,47.798726219939368],[13.03705543618686,47.798591474076957],[13.036741026735715,47.798546558108363]]],[[[13.056369125862217,47.805957624889032],[13.060142032987541,47.806316949765915],[13.060501358202858,47.806361865049887],[13.056369125862217,47.805957624889032]]],[[[13.056804039817132,47.814231947850239],[13.056818281707649,47.814132256815952],[13.057087775394555,47.813907679220776],[13.056804039817132,47.814231947850239]]],[[[13.060501358202858,47.806361865049887],[13.060806782704502,47.806514578172951],[13.060681020361352,47.806496611875481],[13.060501358202858,47.806361865049887]]],[[[13.045679223388536,47.814985652712764],[13.045647140956463,47.814992068802731],[13.04599363194135,47.814761075189011],[13.045679223388536,47.814985652712764]]],[[[13.039057386594758,47.798135901109966],[13.039121552357164,47.798142318074817],[13.039211382987279,47.798187233789427],[13.039057386594758,47.798135901109966]]],[[[13.043092087048366,47.805589317840145],[13.043098306085072,47.805601755939101],[13.043074120742684,47.805598301146553],[13.043092087048366,47.805589317840145]]]]},"properties":{"OBJECTID":5,"Name and Size":"Location 1 : 20 - 25","Travel Time Start (Minutes)":20,"Travel Time End (Minutes)":25,"Facility ID":1,"Facility: Name":"Location 1","Facility: title":"Point","Facility: Breaks":null,"Facility: AdditionalTime":0,"Facility: AdditionalDistance":0,"Area (Square Kilometers)":3.3239768299999999}},{"type":"Feature","id":6,"geometry":{"type":"MultiPolygon","coordinates":[[[[13.044331755852239,47.82113908426097],[13.04406226306363,47.821183999995995],[13.043433445059703,47.82064501283309],[13.043253782901177,47.820824674837191],[13.043119035608559,47.82077975999762],[13.043163952271096,47.820869590844232],[13.043029204978478,47.821004336822725],[13.042849542819985,47.820869590844232],[13.042445302738757,47.820959422138586],[13.042310556344438,47.820869590844232],[13.042310556344438,47.821004336822725],[13.042130894185943,47.821049253277508],[13.042130894185943,47.820824674837191],[13.04190631626321,47.820824674837191],[13.041771569868924,47.821049253277508],[13.041681739238809,47.821049253277508],[13.0415919068121,47.820959422138586],[13.041636822576306,47.820824674837191],[13.041546991946191,47.820869590844232],[13.041367329787697,47.820600097234887],[13.041187666730874,47.82064501283309],[13.041142751864964,47.820869590844232],[13.041052921234883,47.820869590844232],[13.041097836100759,47.821049253277508],[13.040828343312183,47.82113908426097],[13.040738511783772,47.821273830746307],[13.040469018096832,47.821094169090244],[13.040513933861039,47.821004336822725],[13.04028935593834,47.821004336822725],[13.040199525308225,47.821183999995995],[13.040019863149732,47.82113908426097],[13.040019863149732,47.821049253277508],[13.039840200991204,47.821094169090244],[13.039750368564496,47.820959422138586],[13.039480875775887,47.821094169090244],[13.039256297853154,47.820824674837191],[13.039076635694661,47.820869590844232],[13.038941889300339,47.820734843912859],[13.038941889300339,47.820600097234887],[13.039121552357164,47.820465350810366],[13.039166467223072,47.820285688165939],[13.038941889300339,47.819971280208762],[13.038492734353238,47.820375519867468],[13.038537649219148,47.821004336822725],[13.038357987060621,47.821049253277508],[13.038043577609509,47.820959422138586],[13.038043577609509,47.819926364027715],[13.037908832113519,47.819791617060865],[13.03705543618686,47.819701786158596],[13.036875774028333,47.819567039815269],[13.036920688894243,47.818758559236727],[13.036606280341427,47.818758559236727],[13.036336786654523,47.818983136963617],[13.036336786654523,47.819252631125075],[13.036471533947141,47.819477207921153],[13.036336786654523,47.819567039815269],[13.035797800178976,47.819791617060865],[13.035707968650563,47.819701786158596],[13.035393560097749,47.819701786158596],[13.035168983073348,47.819477207921153],[13.035348645231874,47.818983136963617],[13.034629995699502,47.818983136963617],[13.034315587146722,47.818533981744828],[13.033686769142763,47.818399234783385],[13.033686769142763,47.81812974222423],[13.033776599772878,47.818039910859234],[13.03373168490697,47.817815333274851],[13.033282529061538,47.817770417038204],[13.033327444825742,47.81750092423114],[13.033192698431456,47.817456007722491],[13.033237613297331,47.817590754719056],[13.033147781768919,47.817590754719056],[13.033147781768919,47.817456007722491],[13.033013036272928,47.817411092984621],[13.032968119610425,47.817231430025323],[13.032429133134878,47.817186515093177],[13.032384218269003,47.817545838891306],[13.031800316029283,47.817590754719056],[13.031665568736665,47.817321262185907],[13.03126132865544,47.81727634612502],[13.031306244419646,47.816961936833586],[13.031440990813932,47.816961936833586],[13.031396075948058,47.816872105860952],[13.031485906578139,47.816827190014742],[13.031485906578139,47.816467866068962],[13.031171498025325,47.816647528051092],[13.03099183586683,47.816647528051092],[13.030857088574214,47.816557697137732],[13.030857088574214,47.816422949873093],[13.03040793272878,47.816378034844767],[13.03027318723279,47.816243287717114],[13.030228270570253,47.816422949873093],[13.029779114724853,47.816602613217071],[13.029599452566329,47.816378034844767],[13.029374874643628,47.816378034844767],[13.029464707070337,47.816243287717114],[13.029329959777719,47.815928878805529],[13.028925719696494,47.815794132925191],[13.029105381855018,47.815524638908954],[13.029060466989112,47.815389893186037],[13.029195213383431,47.81525514590696],[13.028746058436298,47.81507548393293],[13.028746058436298,47.814671244028183],[13.028835889066411,47.81462632808784],[13.028835889066411,47.814491581240311],[13.028476563851061,47.814491581240311],[13.028296901692567,47.814536497297169],[13.02834181835507,47.81462632808784],[13.028207071062452,47.81462632808784],[13.02825198592836,47.814446665747823],[13.028162155298247,47.814132256815952],[13.027802830981258,47.813593270041679],[13.027263843607415,47.813548354978714],[13.027263843607415,47.812650043147784],[13.026724857131867,47.812650043147784],[13.02659011073758,47.812874620752588],[13.026724857131867,47.813054283705625],[13.026185870656354,47.813054283705625],[13.026140954892147,47.812964452005168],[13.02587146210354,47.812964452005168],[13.025916376969414,47.812560211954597],[13.025781630575128,47.812470381209252],[13.025781630575128,47.812290719252417],[13.025916376969414,47.812155971773635],[13.025916376969414,47.812021225754989],[13.025646884180841,47.811796648079245],[13.025422306258108,47.811751732065595],[13.025018066176882,47.812066140932302],[13.024479079701369,47.812021225754989],[13.024389248172955,47.81193139528385],[13.024389248172955,47.811347492227313],[13.024748573388273,47.811302577031768],[13.024838404018388,47.811347492227313],[13.024838404018388,47.811482238787512],[13.025018066176882,47.811482238787512],[13.025152812571202,47.811347492227313],[13.025152812571202,47.81121274592077],[13.024883319782594,47.811077999264604],[13.024748573388273,47.811122914051133],[13.024793488254183,47.810988167765188],[13.024434163937162,47.810583928016207],[13.023625683774709,47.810539012160234],[13.023625683774709,47.809910193940823],[13.023895176563318,47.80946103926901],[13.024074838721811,47.809326292291011],[13.024074838721811,47.808832221270421],[13.023850261697408,47.808652558793376],[13.023356190986101,47.808607643076975],[13.023131613063402,47.808742390109565],[13.02263754235206,47.808742390109565],[13.02263754235206,47.808877136792603],[13.022278217136742,47.808922052275904],[13.022143469844126,47.809101713820738],[13.022008724348135,47.809056799096091],[13.022053639214009,47.808517812131008],[13.021963807685598,47.808427981029674],[13.022053639214009,47.808158488000039],[13.022278217136742,47.808203402898215],[13.022368047766825,47.808068656277214],[13.022592625689558,47.80811357185641],[13.023895176563318,47.80788899417545],[13.023895176563318,47.807439838916963],[13.024074838721811,47.807439838916963],[13.024119755384348,47.807350007761144],[13.024074838721811,47.807080513964841],[13.024209586014429,47.80703559869896],[13.024299416644544,47.807125429795214],[13.024344333307047,47.80703559869896],[13.024434163937162,47.807080513964841],[13.024434163937162,47.806945768050689],[13.024523994567243,47.806900852064949],[13.024883319782594,47.806855936040357],[13.024793488254183,47.806766105081358],[13.024479079701369,47.806766105081358],[13.024434163937162,47.806855936040357],[13.024209586014429,47.80681102118362],[13.024029923855936,47.806631358954903],[13.023446021616216,47.806631358954903],[13.023446021616216,47.805957624889032],[13.023176527929277,47.805867794186476],[13.023176527929277,47.805508469822527],[13.023311275221895,47.805328806708403],[13.023221443693483,47.805373722846895],[13.023131613063402,47.805283891737801],[13.022951950904874,47.804879652237993],[13.022951950904874,47.804789820877815],[13.023041782433287,47.804789820877815],[13.02340110585201,47.805104230260362],[13.02340110585201,47.80523897612504],[13.023625683774709,47.805194061076755],[13.023625683774709,47.805014398081866],[13.024209586014429,47.804834736275637],[13.024164671148553,47.804610158294814],[13.024344333307047,47.804340664763629],[13.024434163937162,47.804385581153156],[13.024389248172955,47.804250834281461],[13.024703656725769,47.803936425163755],[13.024928234648469,47.803981341299497],[13.025152812571202,47.803666931757391],[13.025242644099615,47.803711846919391],[13.025197728335408,47.803577100713468],[13.025467222022314,47.803352522725788],[13.02528755986382,47.803172861205361],[13.02456891122978,47.803172861205361],[13.024344333307047,47.803083028703682],[13.024164671148553,47.802858452200283],[13.024164671148553,47.802723704987471],[13.024479079701369,47.802588958028487],[13.024613826095655,47.802409296280786],[13.024389248172955,47.802229633911722],[13.024434163937162,47.802139802795885],[13.024299416644544,47.802139802795885],[13.024299416644544,47.801825394175637],[13.024434163937162,47.801690647300177],[13.024119755384348,47.801600815855679],[13.024119755384348,47.801376237771692],[13.024209586014429,47.801286406990329],[13.024164671148553,47.801106744961658],[13.024748573388273,47.801016913714307],[13.024973151311006,47.800837251960431],[13.025242644099615,47.800792336123166],[13.025332474729696,47.801061828753987],[13.025601968416634,47.801106744961658],[13.025691799945047,47.800971998032374],[13.025961292733621,47.801016913714307],[13.025916376969414,47.801106744961658],[13.026051124262032,47.801106744961658],[13.026320617050642,47.80142115370753],[13.027353675135826,47.800792336123166],[13.027353675135826,47.800522843301167],[13.027218928741506,47.800433011044156],[13.027263843607415,47.800298264781077],[13.027129097213093,47.800163518168475],[13.0271740129773,47.799714363085059],[13.027308760269918,47.799714363085059],[13.027623168822732,47.800028771206421],[13.027578253058525,47.800163518168475],[13.02766808368864,47.800118602955571],[13.02766808368864,47.800208433945969],[13.028611311143679,47.800163518168475],[13.028701141773793,47.800073687100408],[13.028746058436298,47.799714363085059],[13.028970634562402,47.799444868895208],[13.028970634562402,47.799175375721127],[13.029419791306132,47.799130460257331],[13.030003692647554,47.798816050923641],[13.031306244419646,47.798771135752645],[13.03184523089516,47.798905881752546],[13.032114724582097,47.798591474076957],[13.032024893053686,47.797962656034976],[13.032114724582097,47.79787282478209],[13.032833373216105,47.79787282478209],[13.032968119610425,47.798007571301461],[13.032923204744517,47.79836689625953],[13.033013036272928,47.798501642100995],[13.033911347065496,47.79841181117655],[13.034135924988195,47.798501642100995],[13.034405417776803,47.79841181117655],[13.034405417776803,47.798905881752546],[13.035663053784688,47.798816050923641],[13.035618138020482,47.79908554475471],[13.035707968650563,47.799175375721127],[13.035707968650563,47.799489785294014],[13.036606280341427,47.799444868895208],[13.036561364577222,47.799804194171038],[13.036696111869841,47.799894025101651],[13.036696111869841,47.800298264781077],[13.036830858264127,47.800298264781077],[13.037145266816943,47.800163518168475],[13.037145266816943,47.799894025101651],[13.036965604658448,47.799759278044057],[13.037010520422655,47.799669446880408],[13.036875774028333,47.799669446880408],[13.036830858264127,47.799399954267827],[13.037145266816943,47.799579616164877],[13.037369844739676,47.799265207135633],[13.037145266816943,47.79922029114605],[13.037190182581147,47.799130460257331],[13.036785943398252,47.798950798013927],[13.036022378101709,47.798860967262641],[13.036067293865914,47.798636388799828],[13.035977463235799,47.798636388799828],[13.035977463235799,47.798546558108363],[13.035573223154573,47.79841181117655],[13.035707968650563,47.797962656034976],[13.035483390727865,47.797782993977336],[13.035483390727865,47.797288921774943],[13.035618138020482,47.797154175805595],[13.036606280341427,47.797154175805595],[13.036606280341427,47.796435527147835],[13.037145266816943,47.796435527147835],[13.03741475960555,47.796166032847196],[13.037504592032292,47.79621094906333],[13.037504592032292,47.796076202108829],[13.037863916349313,47.796031286983116],[13.038088494272012,47.796525357868461],[13.038133409137922,47.797064344965207],[13.038223239768003,47.797154175805595],[13.039256297853154,47.797154175805595],[13.039256297853154,47.797378754037382],[13.039031720828753,47.797558416285945],[13.039031720828753,47.798007571301461],[13.038717312275971,47.798007571301461],[13.038672395613435,47.798097401717925],[13.038941889300339,47.798097401717925],[13.039615623068505,47.798321980096837],[13.039705453698586,47.798636388799828],[13.039750368564496,47.798546558108363],[13.039885115857114,47.798591474076957],[13.040019863149732,47.79841181117655],[13.040379186568421,47.79836689625953],[13.040648681153657,47.798142318074817],[13.041052921234883,47.797513500027733],[13.04190631626321,47.796749935800861],[13.041951232027417,47.796525357868461],[13.04275971218987,47.796525357868461],[13.042939374348396,47.796435527147835],[13.043568192352321,47.796480441924068],[13.043837685140931,47.796121117799139],[13.043837685140931,47.795627047294268],[13.043927515771012,47.795537216227558],[13.044511418909062,47.795537216227558],[13.044960573856198,47.795896540166126],[13.045274983307309,47.795851624885159],[13.045274983307309,47.79477365071773],[13.045724139152743,47.794369410900543],[13.045858884648732,47.794414326859304],[13.046083462571431,47.794953312922132],[13.046263125628256,47.795132975712313],[13.046667365709482,47.795222806874413],[13.04716143731912,47.795132975712313],[13.04716143731912,47.79567196216594],[13.04729618281511,47.79567196216594],[13.04729618281511,47.795806708961841],[13.04716143731912,47.795806708961841],[13.047206352185029,47.795896540166126],[13.047116520656617,47.79598637121515],[13.048014832347448,47.79621094906333],[13.048598734587202,47.796166032847196],[13.048733480981488,47.796345696271906],[13.049272468355333,47.796435527147835],[13.050305526440484,47.796435527147835],[13.050395357070599,47.796525357868461],[13.050350441306394,47.796615189037183],[13.050485187700682,47.796615189037183],[13.050485187700682,47.796705020050659],[13.050395357070599,47.796705020050659],[13.050440271936475,47.797019428883338],[13.050934344444444,47.796794850908817],[13.051203837233052,47.796839767184835],[13.051428415155751,47.797693161810408],[13.051652993078484,47.797648246875532],[13.051652993078484,47.797423669205173],[13.051877570102853,47.797288921774943],[13.051832655236977,47.797199091167521],[13.052012317395471,47.797199091167521],[13.052102148025586,47.79733383822731],[13.052102148025586,47.797154175805595],[13.052281810184079,47.796974512762638],[13.052730966029511,47.797019428883338],[13.052955543952244,47.797244007094086],[13.052910628188039,47.79733383822731],[13.053090290346532,47.797378754037382],[13.053090290346532,47.797468584937597],[13.05300045881812,47.797468584937597],[13.053045374582325,47.797603331298426],[13.053449614663553,47.797558416285945],[13.053494530427757,47.797827908795718],[13.053359784033471,47.797827908795718],[13.053359784033471,47.797693161810408],[13.053269953403355,47.797693161810408],[13.053090290346532,47.797782993977336],[13.053135206110738,47.79787282478209],[13.052955543952244,47.797827908795718],[13.051563160651742,47.79845672726163],[13.04976653906664,47.799040629213295],[13.049811454830847,47.799579616164877],[13.051428415155751,47.79908554475471],[13.053314868269265,47.79836689625953],[13.053674192586286,47.797917740126223],[13.053808938980572,47.797962656034976],[13.053764024114697,47.79787282478209],[13.053988602037396,47.797693161810408],[13.054617419143025,47.797827908795718],[13.055156405618538,47.797603331298426],[13.055291152911156,47.797738077913259],[13.055291152911156,47.798052487132558],[13.055380984439568,47.798097401717925],[13.055336067777064,47.798950798013927],[13.055695392992382,47.798950798013927],[13.055785223622497,47.79908554475471],[13.055785223622497,47.799175375721127],[13.055560645699764,47.799265207135633],[13.055291152911156,47.79922029114605],[13.055291152911156,47.799355037791351],[13.055380984439568,47.799399954267827],[13.055470815069683,47.799399954267827],[13.055425900203774,47.799310123086322],[13.055560645699764,47.799310123086322],[13.055470815069683,47.799489785294014],[13.055560645699764,47.799669446880408],[13.055425900203774,47.799669446880408],[13.055425900203774,47.799759278044057],[13.055605562362301,47.799849109052339],[13.055560645699764,47.799759278044057],[13.055650477228177,47.799714363085059],[13.055785223622497,47.799804194171038],[13.055740307858292,47.799894025101651],[13.05587505515091,47.799849109052339],[13.05587505515091,47.799983855876981],[13.056009802443528,47.800028771206421],[13.056279295232102,47.799983855876981],[13.056279295232102,47.800837251960431],[13.056054717309403,47.800882167155436],[13.056009802443528,47.801555900075172],[13.056099633073609,47.801825394175637],[13.054886912829931,47.802049972128103],[13.054976744358342,47.802184718071544],[13.054976744358342,47.803038114204718],[13.054437756984498,47.803217776191168],[13.054617419143025,47.803936425163755],[13.054572504277116,47.804205917775363],[13.054437756984498,47.804161003040569],[13.054482672748703,47.804250834281461],[13.054168264195889,47.804520327071984],[13.054123348431684,47.804924566954767],[13.053708742690416,47.805173329741855],[13.053674192586286,47.805104230260362],[13.053045374582325,47.804969482839404],[13.052820796659626,47.804834736275637],[13.052686050265306,47.804610158294814],[13.0524165565784,47.804520327071984],[13.05210623086856,47.804585658721273],[13.052236895318204,47.804520327071984],[13.052012317395471,47.804026256189637],[13.05169790794436,47.803756763249325],[13.050844512916031,47.803442354158044],[13.050485187700682,47.803532184831575],[13.050530104363217,47.803666931757391],[13.050395357070599,47.803666931757391],[13.050440271936475,47.803532184831575],[13.049991116989373,47.803577100713468],[13.050072913985879,47.804026986870838],[13.049586876908148,47.804071172247703],[13.049541961143941,47.803981341299497],[13.049002974668428,47.803801677730263],[13.048374156664469,47.803846593982527],[13.048598734587202,47.803622015953174],[13.048553818822995,47.803487268910843],[13.049047890432634,47.803442354158044],[13.049002974668428,47.803307607253103],[13.04918263682692,47.802813536300349],[13.050305526440484,47.802813536300349],[13.050485187700682,47.802544043102394],[13.050709765623415,47.802588958028487],[13.050664849859208,47.802229633911722],[13.050799597151826,47.802139802795885],[13.050799597151826,47.801555900075172],[13.051024175074526,47.801510984859291],[13.051203837233052,47.801331323003829],[13.051203837233052,47.800882167155436],[13.051069089940434,47.800792336123166],[13.051069089940434,47.800567758164625],[13.050934344444444,47.800433012250991],[13.050664849859208,47.800477927192077],[13.050575019229093,47.800298264781077],[13.050619934993298,47.800073687100408],[13.050485187700682,47.800073687100408],[13.050440271936475,47.799983855876981],[13.050440271936475,47.799399954267827],[13.049586876908148,47.799669446880408],[13.04918263682692,47.799579616164877],[13.049002974668428,47.799444868895208],[13.048778396745695,47.799444868895208],[13.048688566115613,47.799489785294014],[13.048508903058789,47.799983855876981],[13.045005489620403,47.800882167155436],[13.044870743226083,47.80074742024707],[13.044735996831795,47.80074742024707],[13.044735996831795,47.800522843301167],[13.046263125628256,47.800208433945969],[13.048419072428674,47.799534699843733],[13.048508903058789,47.799489785294014],[13.048508903058789,47.799310123086322],[13.048419072428674,47.799175375721127],[13.047565677400346,47.799310123086322],[13.047520760737809,47.799040629213295],[13.047386014343523,47.799040629213295],[13.047430930107728,47.798950798013927],[13.046667365709482,47.798950798013927],[13.046667365709482,47.798097401717925],[13.046487702652659,47.798097401717925],[13.046308041392463,47.798321980096837],[13.045679223388536,47.798321980096837],[13.045544476994214,47.798501642100995],[13.04455633377497,47.798546558108363],[13.043972432433549,47.798232148861757],[13.043972432433549,47.797648246875532],[13.043747853612519,47.797648246875532],[13.043253782901177,47.797738077913259],[13.043253782901177,47.798232148861757],[13.043792770275022,47.79908554475471],[13.043792770275022,47.799714363085059],[13.043388530193795,47.799804194171038],[13.041277498259285,47.799804194171038],[13.041232583393377,47.799624531240319],[13.041367329787697,47.799399954267827],[13.041322414023492,47.799040629213295],[13.041187666730874,47.799040629213295],[13.041232583393377,47.798950798013927],[13.040963089706471,47.79868130529416],[13.040469018096832,47.798771135752645],[13.04028935593834,47.798950798013927],[13.040334271702546,47.799040629213295],[13.040199525308225,47.799040629213295],[13.040064778015607,47.799265207135633],[13.039705453698586,47.799310123086322],[13.039701175921209,47.799331510873529],[13.039660537934381,47.79868130529416],[13.03930121361736,47.798771135752645],[13.039076635694661,47.798636388799828],[13.038852057771928,47.798546558108363],[13.038807142906053,47.79868130529416],[13.038717312275971,47.79868130529416],[13.038762227141847,47.798816050923641],[13.038537649219148,47.79868130529416],[13.038762227141847,47.798995714236447],[13.038762227141847,47.799130460257331],[13.038582564983354,47.79908554475471],[13.038717312275971,47.799804194171038],[13.038941889300339,47.800118602955571],[13.038852057771928,47.801016913714307],[13.038582564983354,47.801331323003829],[13.038268156430538,47.801960140098181],[13.038043577609509,47.801960140098181],[13.038088494272012,47.801870309119685],[13.037908832113519,47.801690647300177],[13.037549506898168,47.801645732200754],[13.037369844739676,47.80142115370753],[13.037010520422655,47.801825394175637],[13.036785943398252,47.801825394175637],[13.036561364577222,47.802049972128103],[13.036651196105634,47.802678788971036],[13.036426618182935,47.802768620965026],[13.03611220873179,47.802454211926836],[13.036022378101709,47.802499126930655],[13.036067293865914,47.802364381199347],[13.035977463235799,47.802319464872227],[13.035977463235799,47.802184718071544],[13.035797800178976,47.802274549109711],[13.035797800178976,47.802409296280786],[13.035618138020482,47.802409296280786],[13.035528307390367,47.802274549109711],[13.034629995699502,47.802274549109711],[13.034495249305216,47.802409296280786],[13.03445033443934,47.802633874122598],[13.034854573622235,47.803397438159635],[13.034764742093824,47.803891510195939],[13.033821516435381,47.803127944973944],[13.033282529061538,47.802948283280145],[13.033327444825742,47.802588958028487],[13.033013036272928,47.802049972128103],[13.033013036272928,47.801690647300177],[13.032833373216105,47.801510984859291],[13.032698626821817,47.801555900075172],[13.032743541687692,47.801466069001115],[13.032518964663291,47.801286406990329],[13.032339301606466,47.801331323003829],[13.032294386740592,47.801600815855679],[13.03162065297246,47.801600815855679],[13.031485906578139,47.801780477985901],[13.031216412891233,47.801780477985901],[13.031216412891233,47.802409296280786],[13.030857088574214,47.802139802795885],[13.030902004338419,47.802049972128103],[13.030452849391283,47.802049972128103],[13.030542680021398,47.802588958028487],[13.030363017862872,47.802454211926836],[13.03027318723279,47.802499126930655],[13.03027318723279,47.802364381199347],[13.030138439940172,47.802364381199347],[13.029195213383431,47.802678788971036],[13.029195213383431,47.803217776191168],[13.029374874643628,47.803217776191168],[13.02955453770045,47.803532184831575],[13.029734199858947,47.803487268910843],[13.029734199858947,47.803577100713468],[13.029913862017471,47.803622015953174],[13.029868947151565,47.804295750145293],[13.030048609310089,47.804295750145293],[13.030228270570253,47.804565242702843],[13.030318102098665,47.804565242702843],[13.03027318723279,47.804744904837825],[13.03040793272878,47.804834736275637],[13.03040793272878,47.805283891737801],[13.030677427314016,47.805463553800593],[13.030542680021398,47.805598301146553],[13.029779114724853,47.805508469822527],[13.029644369228864,47.805598301146553],[13.029599452566329,47.805867794186476],[13.029285044013514,47.805822879078583],[13.029105381855018,47.805957624889032],[13.028656226009586,47.805912709858852],[13.028476563851061,47.806182203077555],[13.02834181835507,47.806227119081399],[13.028386733220978,47.80658644330061],[13.028566395379473,47.806900852064949],[13.028746058436298,47.806990682790904],[13.028746058436298,47.807529669917365],[13.028835889066411,47.807529669917365],[13.028880803932287,47.80766441612672],[13.029285044013514,47.80766441612672],[13.029374874643628,47.807844079005385],[13.029240129147636,47.807933909909963],[13.028656226009586,47.807933909909963],[13.027308760269918,47.807799163193138],[13.027308760269918,47.808472896901414],[13.027982493139753,47.808517812131008],[13.027982493139753,47.809146629713133],[13.028072323769834,47.809281377157269],[13.028162155298247,47.809371207989187],[13.028521479615266,47.809416123045203],[13.028566395379473,47.809505954247378],[13.028790973302204,47.809505954247378],[13.028835889066411,47.809730532176275],[13.028970634562402,47.809820362834586],[13.029285044013514,47.809820362834586],[13.029285044013514,47.810089856893782],[13.029150297619225,47.810089856893782],[13.029150297619225,47.810763589844989],[13.029015551224905,47.810898336713677],[13.029824031387358,47.810943252258831],[13.029958777781678,47.811751732065595],[13.030138439940172,47.811661901128296],[13.030767257944097,47.811661901128296],[13.030767257944097,47.812021225754989],[13.031081667395243,47.812021225754989],[13.031171498025325,47.812111057277299],[13.031036750732707,47.812515297204605],[13.031530822342345,47.812155971773635],[13.032069808817893,47.812335634799936],[13.032024893053686,47.81260512787226],[13.031935062423571,47.812650043147784],[13.031979978187776,47.812739874788861],[13.03184523089516,47.812694958987741],[13.03157573810655,47.813054283705625],[13.031979978187776,47.813099199195946],[13.032114724582097,47.813009368176459],[13.032069808817893,47.812919537001584],[13.032249470976385,47.812919537001584],[13.032249470976385,47.813278860768719],[13.032429133134878,47.813503439273667],[13.033102866903043,47.81345852413299],[13.033372359691652,47.813997509892808],[13.033462191220064,47.813997509892808],[13.033462191220064,47.814132256815952],[13.033552021850145,47.814132256815952],[13.033507106984271,47.813997509892808],[13.034135924988195,47.81368310125761],[13.034360502012598,47.81345852413299],[13.03480965785803,47.813368691925284],[13.03480965785803,47.814087341012652],[13.034719827227915,47.814132256815952],[13.034719827227915,47.814401750216476],[13.034764742093824,47.814491581240311],[13.03503423578073,47.814491581240311],[13.034899489386442,47.814716158723115],[13.035168983073348,47.814761075189011],[13.035213897939256,47.814895820733952],[13.035303728569337,47.81485090619443],[13.035303728569337,47.814985652712764],[13.035528307390367,47.814985652712764],[13.035573223154573,47.815210229868484],[13.035707968650563,47.81512039888144],[13.036471533947141,47.815165314997621],[13.036202040260202,47.816018710203558],[13.036875774028333,47.816018710203558],[13.037100351951066,47.816198373136615],[13.037504592032292,47.815883963953091],[13.037729169056695,47.815883963953091],[13.037908832113519,47.816288204068393],[13.038133409137922,47.816378034844767],[13.038313072194745,47.816692444052713],[13.039435960909978,47.816737358809029],[13.039480875775887,47.816602613217071],[13.039705453698586,47.816602613217071],[13.039705453698586,47.817096683905916],[13.039840200991204,47.817051768253975],[13.040154610442348,47.817321262185907],[13.040424103230958,47.817725501969086],[13.040693596019565,47.817725501969086],[13.040783426649647,47.817590754719056],[13.040963089706471,47.817635671111127],[13.041052921234883,47.81727634612502],[13.041412244653573,47.817051768253975],[13.041996146893325,47.817006853166419],[13.042130894185943,47.817321262185907],[13.042355472108643,47.817411092984621],[13.042355472108643,47.816512782225999],[13.042490219401261,47.816557697137732],[13.042490219401261,47.817366177001489],[13.04289445858419,47.817321262185907],[13.04347836082391,47.817051768253975],[13.043837685140931,47.817096683905916],[13.043927515771012,47.81727634612502],[13.04406226306363,47.81727634612502],[13.044017348197753,47.817366177001489],[13.044107178827836,47.817456007722491],[13.044331755852239,47.817411092984621],[13.044331755852239,47.817321262185907],[13.044691081067588,47.817366177001489],[13.044511418909062,47.817096683905916],[13.04455633377497,47.816961936833586],[13.044421588278981,47.816872105860952],[13.044421588278981,47.816692444052713],[13.044735996831795,47.816512782225999],[13.044735996831795,47.816378034844767],[13.044825828360207,47.816422949873093],[13.045005489620403,47.816288204068393],[13.045005489620403,47.816737358809029],[13.045095321148816,47.816692444052713],[13.045185151778897,47.816737358809029],[13.045140236913021,47.816827190014742],[13.045274983307309,47.816827190014742],[13.04549956123001,47.816422949873093],[13.045454644567506,47.816018710203558],[13.045634307624329,47.815839047855327],[13.045769054018617,47.815839047855327],[13.045903801311235,47.815614469799854],[13.045634307624329,47.815389893186037],[13.045948717075442,47.815524638908954],[13.046487702652659,47.815165314997621],[13.046891942733884,47.81507548393293],[13.04716143731912,47.815210229868484],[13.047520760737809,47.815704301138631],[13.047610592266222,47.815344977264125],[13.047745338660542,47.815210229868484],[13.047536429153016,47.814926113217815],[13.047790255323045,47.81525514590696],[13.048733480981488,47.815479723706801],[13.048778396745695,47.815749216749715],[13.048913143140016,47.815749216749715],[13.048868228274106,47.815839047855327],[13.048958058904221,47.815883963953091],[13.048958058904221,47.816198373136615],[13.049137721062715,47.816243287717114],[13.049272468355333,47.816018710203558],[13.04976653906664,47.815749216749715],[13.04976653906664,47.815524638908954],[13.049541961143941,47.815300060700118],[13.049586876908148,47.81507548393293],[13.049946201225167,47.815030567739001],[13.05003603185525,47.81512039888144],[13.050530104363217,47.81512039888144],[13.050664849859208,47.815030567739001],[13.05075468138762,47.814491581240311],[13.051248752997259,47.81435683524959],[13.051248752997259,47.813593270041679],[13.051518245785866,47.81368310125761],[13.05169790794436,47.813907679220776],[13.05192248586706,47.813817847790133],[13.051877570102853,47.81345852413299],[13.052102148025586,47.813413607746924],[13.052057233159676,47.813323777271329],[13.052191978655667,47.813323777271329],[13.052236895318204,47.813144115250687],[13.051877570102853,47.812739874788861],[13.052191978655667,47.812425465778325],[13.052775881793718,47.812425465778325],[13.052865713322129,47.81193139528385],[13.053314868269265,47.811616986204633],[13.053494530427757,47.811572070035595],[13.053764024114697,47.811706817219637],[13.053764024114697,47.811167830005388],[13.053539446191964,47.811257661194048],[13.053359784033471,47.81121274592077],[13.05300045881812,47.810853421129629],[13.052955543952244,47.810673759008317],[13.053314868269265,47.810359350157846],[13.053494530427757,47.810359350157846],[13.053539446191964,47.810449180935102],[13.054033516903271,47.810449180935102],[13.054078432667477,47.810583928016207],[13.05430301059021,47.810494096868723],[13.05430301059021,47.809730532176275],[13.054033516903271,47.809685616788819],[13.053898771407315,47.809550869790172],[13.054123348431684,47.809371207989187],[13.054617419143025,47.809326292291011],[13.054617419143025,47.809011883126011],[13.054931827695839,47.809056799096091],[13.05502165922425,47.809146629713133],[13.054976744358342,47.809236460778081],[13.055066574988457,47.809191544963369],[13.055066574988457,47.809281377157269],[13.055201322281075,47.809326292291011],[13.055291152911156,47.809236460778081],[13.055201322281075,47.809056799096091],[13.05524623714695,47.808922052275904],[13.055650477228177,47.808966967720352],[13.055650477228177,47.808787305106108],[13.055515730833889,47.808607643076975],[13.055605562362301,47.808427981029674],[13.055740307858292,47.808427981029674],[13.05587505515091,47.808607643076975],[13.056099633073609,47.808607643076975],[13.056054717309403,47.808338149772965],[13.056144547939484,47.808338149772965],[13.056144547939484,47.808023741262517],[13.055740307858292,47.808023741262517],[13.055785223622497,47.807574584755983],[13.056009802443528,47.807484753833265],[13.056054717309403,47.807350007761144],[13.055515730833889,47.807394922755137],[13.055291152911156,47.807125429795214],[13.055605562362301,47.806900852064949],[13.055560645699764,47.806766105081358],[13.055650477228177,47.806721190146945],[13.055605562362301,47.80658644330061],[13.055695392992382,47.806496611875481],[13.055650477228177,47.805688131711861],[13.05430301059021,47.805328806708403],[13.055425900203774,47.805598301146553],[13.056369125862217,47.805957624889032],[13.060501358202858,47.806361865049887],[13.060681020361352,47.806496611875481],[13.060995428914167,47.806541527004136],[13.061040343780075,47.807799163193138],[13.060905598284085,47.807709332055502],[13.060142032987541,47.807799163193138],[13.059333552825088,47.807709332055502],[13.059153890666561,47.807978825002351],[13.058974229406365,47.808922052275904],[13.05906406003648,47.809011883126011],[13.059737792906315,47.809101713820738],[13.05978270867052,47.808922052275904],[13.059872540198933,47.808922052275904],[13.059827624434726,47.808832221270421],[13.060321695146035,47.808877136792603],[13.060501358202858,47.808697473867561],[13.060456442438653,47.808832221270421],[13.060546273068734,47.808787305106108],[13.060770850991467,47.809056799096091],[13.061130175308486,47.809011883126011],[13.061130175308486,47.809640700759239],[13.060860681621548,47.809685616788819],[13.060905598284085,47.809955109737324],[13.060501358202858,47.810314434107646],[13.06036661091024,47.810314434107646],[13.060321695146035,47.810224603097311],[13.059827624434726,47.810224603097311],[13.059692878040405,47.810089856893782],[13.0596479622762,47.809730532176275],[13.059288637959179,47.809595785294135],[13.059108974902355,47.809416123045203],[13.058525072662636,47.809416123045203],[13.058120832581409,47.809685616788819],[13.05821066410982,47.809910193940823],[13.058569989325138,47.810224603097311],[13.058525072662636,47.810628843230035],[13.058390326268315,47.810853421129629],[13.05843524203252,47.811167830005388],[13.058345411402438,47.811527155034256],[13.058165749243946,47.811796648079245],[13.057851339792801,47.811661901128296],[13.057581846105895,47.811661901128296],[13.057222521788875,47.811841562847512],[13.057222521788875,47.811976309935581],[13.057402183947369,47.812155971773635],[13.057851339792801,47.812245803062815],[13.057851339792801,47.812739874788861],[13.057536931239987,47.812560211954597],[13.057312353317288,47.812560211954597],[13.057222521788875,47.812650043147784],[13.05717760602467,47.812874620752588],[13.057357269081493,47.813009368176459],[13.057357269081493,47.813593270041679],[13.05717760602467,47.813593270041679],[13.057087775394555,47.813907679220776],[13.056818281707649,47.814132256815952],[13.056773365943442,47.814446665747823],[13.056638620447453,47.814446665747823],[13.056638620447453,47.81435683524959],[13.05618946370369,47.814401750216476],[13.05618946370369,47.814581412711952],[13.055964885780991,47.814805989806239],[13.055740307858292,47.814940737044395],[13.055470815069683,47.814895820733952],[13.055470815069683,47.81512039888144],[13.055291152911156,47.815030567739001],[13.05502165922425,47.815210229868484],[13.055201322281075,47.815524638908954],[13.055380984439568,47.815434807862594],[13.055380984439568,47.815569555278699],[13.055291152911156,47.815569555278699],[13.055336067777064,47.815704301138631],[13.055201322281075,47.815614469799854],[13.054976744358342,47.815794132925191],[13.054931827695839,47.816108540842983],[13.054797082199849,47.816108540842983],[13.054841997065724,47.816198373136615],[13.054752166435643,47.816243287717114],[13.054752166435643,47.816602613217071],[13.054213179061799,47.816467866068962],[13.053674192586286,47.816647528051092],[13.052955543952244,47.816602613217071],[13.052865713322129,47.817051768253975],[13.052686050265306,47.81727634612502],[13.0524165565784,47.817321262185907],[13.052102148025586,47.817635669904689],[13.051877570102853,47.817950078735649],[13.05192248586706,47.81812974222423],[13.051787738574442,47.818039910859234],[13.051203837233052,47.818084826259572],[13.05075468138762,47.818578896717746],[13.05075468138762,47.818713643816075],[13.050440271936475,47.819028052754341],[13.050305526440484,47.818983136963617],[13.050350441306394,47.819072967902997],[13.050260609777983,47.819072967902997],[13.04976653906664,47.819611955100832],[13.049631791774022,47.819611955100832],[13.048419072428674,47.817680586257943],[13.047655508030427,47.816647528051092],[13.047475845871935,47.817141598915768],[13.047925000819037,47.817545838891306],[13.048239410270181,47.818399234783385],[13.048733480981488,47.819072967902997],[13.048688566115613,47.81920771492544],[13.048194495404273,47.819701786158596],[13.048014832347448,47.819656870950745],[13.048014832347448,47.81974670193074],[13.047925000819037,47.81974670193074],[13.047969916583241,47.819611955100832],[13.04788008595316,47.819656870950745],[13.047565677400346,47.819522123887644],[13.047386014343523,47.819656870950745],[13.04729618281511,47.819611955100832],[13.04729618281511,47.81974670193074],[13.047206352185029,47.819791617060865],[13.047071605790709,47.819791617060865],[13.047026690026502,47.819701786158596],[13.046263125628256,47.81974670193074],[13.046083462571431,47.820016195144603],[13.046128379233968,47.820150942131711],[13.04599363194135,47.820061111247981],[13.045903801311235,47.82024077286006],[13.044915658990289,47.82024077286006],[13.044691081067588,47.820375519867468],[13.044691081067588,47.820824674837191],[13.044915658990289,47.821183999995995],[13.044331755852239,47.82113908426097]],[[13.056099633073609,47.811841562847512],[13.055650477228177,47.811796648079245],[13.055515730833889,47.811976309935581],[13.056144547939484,47.812111057277299],[13.05618946370369,47.81193139528385],[13.056099633073609,47.811841562847512]],[[13.055470815069683,47.799983855876981],[13.055470815069683,47.799804194171038],[13.055336067777064,47.799804194171038],[13.055336067777064,47.799624531240319],[13.054976744358342,47.799759278044057],[13.054976744358342,47.799444868895208],[13.054797082199849,47.799399954267827],[13.054841997065724,47.799489785294014],[13.054707250671436,47.799534699843733],[13.054617419143025,47.799849109052339],[13.054797082199849,47.799894025101651],[13.05502165922425,47.800118602955571],[13.055515730833889,47.800118602955571],[13.055560645699764,47.799983855876981],[13.055470815069683,47.799983855876981]],[[13.038492734353238,47.798995714236447],[13.038268156430538,47.798726219939368],[13.038357987060621,47.798591474076957],[13.038537649219148,47.798636388799828],[13.038492734353238,47.798546558108363],[13.038627480747559,47.79845672726163],[13.038447817690736,47.798097401717925],[13.038313072194745,47.79827706510212],[13.038088494272012,47.79836689625953],[13.037729169056695,47.798232148861757],[13.03741475960555,47.798232148861757],[13.036741026735715,47.798546558108363],[13.03705543618686,47.798591474076957],[13.03705543618686,47.798726219939368],[13.036965604658448,47.798771135752645],[13.037145266816943,47.798860967262641],[13.037459676268087,47.79868130529416],[13.038223239768003,47.799130460257331],[13.038537649219148,47.79908554475471],[13.038492734353238,47.798995714236447]],[[13.038268156430538,47.797962656034976],[13.037863916349313,47.797827908795718],[13.038447817690736,47.798052487132558],[13.038268156430538,47.797962656034976]],[[13.038357987060621,47.79787282478209],[13.0379986627436,47.797648246875532],[13.0379986627436,47.797738077913259],[13.038402902824826,47.797917740126223],[13.038357987060621,47.79787282478209]]],[[[13.039670903594455,47.799482874895673],[13.039615623068505,47.799759278044057],[13.039480875775887,47.799938939905324],[13.039670903594455,47.799482874895673]]],[[[13.050395357070599,47.800567758164625],[13.050485187700682,47.800612674196053],[13.050575019229093,47.800657588981807],[13.050395357070599,47.800702504935565],[13.050395357070599,47.800567758164625]]],[[[13.053737073757842,47.80522999275648],[13.053988602037396,47.805373722846895],[13.053764024114697,47.805283891737801],[13.053737073757842,47.80522999275648]]],[[[13.043163952271096,47.805553385202295],[13.043092087048366,47.805589317840145],[13.043074120742684,47.805553385202295],[13.043163952271096,47.805553385202295]]],[[[13.043098306085072,47.805601755939101],[13.043388530193795,47.805643215845286],[13.043208868035302,47.805643215845286],[13.043119035608559,47.805643215845286],[13.043098306085072,47.805601755939101]]],[[[13.043792770275022,47.808652558793376],[13.04455633377497,47.808787305106108],[13.043786352710658,47.808658975062521],[13.043792770275022,47.808652558793376]]],[[[13.04657753418107,47.81368310125761],[13.046611457261161,47.813727075122493],[13.04657753418107,47.813862763826492],[13.04657753418107,47.81368310125761]]],[[[13.045903801311235,47.81435683524959],[13.046038547705557,47.814581412711952],[13.04601288193955,47.814684076888277],[13.045903801311235,47.81435683524959]]],[[[13.045892572370184,47.814828448005187],[13.045589391860124,47.815030567739001],[13.045454644567506,47.815030567739001],[13.045892572370184,47.814828448005187]]],[[[13.045373797090232,47.815273112190802],[13.045319899071515,47.815434807862594],[13.045319899071515,47.815300060700118],[13.045373797090232,47.815273112190802]]]]},"properties":{"OBJECTID":6,"Name and Size":"Location 1 : 15 - 20","Travel Time Start (Minutes)":15,"Travel Time End (Minutes)":20,"Facility ID":1,"Facility: Name":"Location 1","Facility: title":"Point","Facility: Breaks":null,"Facility: AdditionalTime":0,"Facility: AdditionalDistance":0,"Area (Square Kilometers)":2.5548027000000002}},{"type":"Feature","id":7,"geometry":{"type":"MultiPolygon","coordinates":[[[[13.040783426649647,47.817590754719056],[13.040693596019565,47.817725501969086],[13.040424103230958,47.817725501969086],[13.040154610442348,47.817321262185907],[13.039840200991204,47.817051768253975],[13.039705453698586,47.817096683905916],[13.039705453698586,47.816602613217071],[13.039480875775887,47.816602613217071],[13.039435960909978,47.816737358809029],[13.038313072194745,47.816692444052713],[13.038133409137922,47.816378034844767],[13.037908832113519,47.816288204068393],[13.037729169056695,47.815883963953091],[13.037504592032292,47.815883963953091],[13.037100351951066,47.816198373136615],[13.036875774028333,47.816018710203558],[13.036202040260202,47.816018710203558],[13.036471533947141,47.815165314997621],[13.035707968650563,47.81512039888144],[13.035573223154573,47.815210229868484],[13.035528307390367,47.814985652712764],[13.035303728569337,47.814985652712764],[13.035303728569337,47.81485090619443],[13.035213897939256,47.814895820733952],[13.035168983073348,47.814761075189011],[13.034899489386442,47.814716158723115],[13.03503423578073,47.814491581240311],[13.034764742093824,47.814491581240311],[13.034719827227915,47.814401750216476],[13.034719827227915,47.814132256815952],[13.03480965785803,47.814087341012652],[13.03480965785803,47.813368691925284],[13.034360502012598,47.81345852413299],[13.034135924988195,47.81368310125761],[13.033507106984271,47.813997509892808],[13.033552021850145,47.814132256815952],[13.033462191220064,47.814132256815952],[13.033462191220064,47.813997509892808],[13.033372359691652,47.813997509892808],[13.033102866903043,47.81345852413299],[13.032429133134878,47.813503439273667],[13.032249470976385,47.813278860768719],[13.032249470976385,47.812919537001584],[13.032069808817893,47.812919537001584],[13.032114724582097,47.813009368176459],[13.031979978187776,47.813099199195946],[13.03157573810655,47.813054283705625],[13.03184523089516,47.812694958987741],[13.031979978187776,47.812739874788861],[13.031935062423571,47.812650043147784],[13.032024893053686,47.81260512787226],[13.032069808817893,47.812335634799936],[13.031530822342345,47.812155971773635],[13.031036750732707,47.812515297204605],[13.031171498025325,47.812111057277299],[13.031081667395243,47.812021225754989],[13.030767257944097,47.812021225754989],[13.030767257944097,47.811661901128296],[13.030138439940172,47.811661901128296],[13.029958777781678,47.811751732065595],[13.029824031387358,47.810943252258831],[13.029015551224905,47.810898336713677],[13.029150297619225,47.810763589844989],[13.029150297619225,47.810089856893782],[13.029285044013514,47.810089856893782],[13.029285044013514,47.809820362834586],[13.028970634562402,47.809820362834586],[13.028835889066411,47.809730532176275],[13.028790973302204,47.809505954247378],[13.028566395379473,47.809505954247378],[13.028521479615266,47.809416123045203],[13.028162155298247,47.809371207989187],[13.028072323769834,47.809281377157269],[13.027982493139753,47.809146629713133],[13.027982493139753,47.808517812131008],[13.027308760269918,47.808472896901414],[13.027308760269918,47.807799163193138],[13.028656226009586,47.807933909909963],[13.029240129147636,47.807933909909963],[13.029374874643628,47.807844079005385],[13.029285044013514,47.80766441612672],[13.028880803932287,47.80766441612672],[13.028835889066411,47.807529669917365],[13.028746058436298,47.807529669917365],[13.028746058436298,47.806990682790904],[13.028566395379473,47.806900852064949],[13.028386733220978,47.80658644330061],[13.02834181835507,47.806227119081399],[13.028476563851061,47.806182203077555],[13.028656226009586,47.805912709858852],[13.029105381855018,47.805957624889032],[13.029285044013514,47.805822879078583],[13.029599452566329,47.805867794186476],[13.029644369228864,47.805598301146553],[13.029779114724853,47.805508469822527],[13.030542680021398,47.805598301146553],[13.030677427314016,47.805463553800593],[13.03040793272878,47.805283891737801],[13.03040793272878,47.804834736275637],[13.03027318723279,47.804744904837825],[13.030318102098665,47.804565242702843],[13.030228270570253,47.804565242702843],[13.030048609310089,47.804295750145293],[13.029868947151565,47.804295750145293],[13.029913862017471,47.803622015953174],[13.029734199858947,47.803577100713468],[13.029734199858947,47.803487268910843],[13.02955453770045,47.803532184831575],[13.029374874643628,47.803217776191168],[13.029195213383431,47.803217776191168],[13.029195213383431,47.802678788971036],[13.030138439940172,47.802364381199347],[13.03027318723279,47.802364381199347],[13.03027318723279,47.802499126930655],[13.030363017862872,47.802454211926836],[13.030542680021398,47.802588958028487],[13.030452849391283,47.802049972128103],[13.030902004338419,47.802049972128103],[13.030857088574214,47.802139802795885],[13.031216412891233,47.802409296280786],[13.031216412891233,47.801780477985901],[13.031485906578139,47.801780477985901],[13.03162065297246,47.801600815855679],[13.032294386740592,47.801600815855679],[13.032339301606466,47.801331323003829],[13.032518964663291,47.801286406990329],[13.032743541687692,47.801466069001115],[13.032698626821817,47.801555900075172],[13.032833373216105,47.801510984859291],[13.033013036272928,47.801690647300177],[13.033013036272928,47.802049972128103],[13.033327444825742,47.802588958028487],[13.033282529061538,47.802948283280145],[13.033821516435381,47.803127944973944],[13.034764742093824,47.803891510195939],[13.034854573622235,47.803397438159635],[13.03445033443934,47.802633874122598],[13.034495249305216,47.802409296280786],[13.034629995699502,47.802274549109711],[13.035528307390367,47.802274549109711],[13.035618138020482,47.802409296280786],[13.035797800178976,47.802409296280786],[13.035797800178976,47.802274549109711],[13.035977463235799,47.802184718071544],[13.035977463235799,47.802319464872227],[13.036067293865914,47.802364381199347],[13.036022378101709,47.802499126930655],[13.03611220873179,47.802454211926836],[13.036426618182935,47.802768620965026],[13.036651196105634,47.802678788971036],[13.036561364577222,47.802049972128103],[13.036785943398252,47.801825394175637],[13.037010520422655,47.801825394175637],[13.037369844739676,47.80142115370753],[13.037549506898168,47.801645732200754],[13.037908832113519,47.801690647300177],[13.038088494272012,47.801870309119685],[13.038043577609509,47.801960140098181],[13.038232223819174,47.801960140098181],[13.038088494272012,47.802139802795885],[13.0379986627436,47.802678788971036],[13.037504592032292,47.803487268910843],[13.036920688894243,47.803936425163755],[13.036651196105634,47.804340664763629],[13.036202040260202,47.804610158294814],[13.036022378101709,47.804969482839404],[13.035663053784688,47.804834736275637],[13.035258813703463,47.804834736275637],[13.035303728569337,47.804699989965691],[13.035124067309141,47.804744904837825],[13.035168983073348,47.804610158294814],[13.034764742093824,47.804250834281461],[13.034764742093824,47.80411608706018],[13.034629995699502,47.80411608706018],[13.034180839854104,47.804565242702843],[13.03422575561831,47.804655073847989],[13.034091009223989,47.804610158294814],[13.034046094358114,47.804699989965691],[13.033911347065496,47.804699989965691],[13.033776599772878,47.804610158294814],[13.033552021850145,47.805014398081866],[13.034629995699502,47.805957624889032],[13.034585079935297,47.806272033839697],[13.034405417776803,47.806406780898378],[13.03422575561831,47.806406780898378],[13.034046094358114,47.806676273966993],[13.03386643130129,47.806676273966993],[13.033821516435381,47.80681102118362],[13.03373168490697,47.80681102118362],[13.03373168490697,47.806945768050689],[13.034001177695577,47.806945768050689],[13.033956261931371,47.806855936040357],[13.034360502012598,47.806900852064949],[13.034764742093824,47.807799163193138],[13.034405417776803,47.807978825002351],[13.033956261931371,47.807978825002351],[13.03373168490697,47.808203402898215],[13.032698626821817,47.808023741262517],[13.032698626821817,47.808832221270421],[13.032833373216105,47.808922052275904],[13.033147781768919,47.808877136792603],[13.033237613297331,47.808966967720352],[13.033552021850145,47.808877136792603],[13.033552021850145,47.809371207989187],[13.033686769142763,47.809550869790172],[13.034046094358114,47.809505954247378],[13.03422575561831,47.809595785294135],[13.03422575561831,47.809416123045203],[13.034360502012598,47.809326292291011],[13.034719827227915,47.809505954247378],[13.034719827227915,47.808922052275904],[13.035124067309141,47.808922052275904],[13.035393560097749,47.808652558793376],[13.035393560097749,47.808742390109565],[13.036381703317026,47.809640700759239],[13.036561364577222,47.809640700759239],[13.036561364577222,47.810224603097311],[13.036426618182935,47.810539012160234],[13.036202040260202,47.810718674144447],[13.036022378101709,47.811033083232687],[13.035887630809091,47.810943252258831],[13.035887630809091,47.810808506110035],[13.0357528853131,47.810853421129629],[13.035438475861955,47.810718674144447],[13.035438475861955,47.811482238787512],[13.035618138020482,47.811482238787512],[13.035797800178976,47.811347492227313],[13.035797800178976,47.81121274592077],[13.035887630809091,47.811257661194048],[13.036022378101709,47.811077999264604],[13.036022378101709,47.811167830005388],[13.03669611097151,47.811706817219637],[13.036741026735715,47.812425465778325],[13.037459676268087,47.812380549705267],[13.037729169056695,47.812425465778325],[13.037818999686776,47.812560211954597],[13.038223239768003,47.812380549705267],[13.038627480747559,47.812425465778325],[13.038672395613435,47.812829706274535],[13.038852057771928,47.813009368176459],[13.039166467223072,47.813009368176459],[13.03930121361736,47.812874620752588],[13.03930121361736,47.813413607746924],[13.0395707073043,47.81368310125761],[13.040109693779813,47.813548354978714],[13.040379186568421,47.813907679220776],[13.041008004572346,47.813907679220776],[13.041097836100759,47.813772931714865],[13.04145716131611,47.813772931714865],[13.041816484734799,47.814087341012652],[13.041951232027417,47.814042425773764],[13.042130894185943,47.814087341012652],[13.042265640580231,47.813907679220776],[13.042220724816024,47.81260512787226],[13.042310556344438,47.812515297204605],[13.042535134267171,47.812515297204605],[13.042849542819985,47.812739874788861],[13.043163952271096,47.812739874788861],[13.043163952271096,47.812964452005168],[13.043298698665383,47.813054283705625],[13.043253782901177,47.81318903006003],[13.04334361442959,47.813233946037073],[13.043523275689786,47.813233946037073],[13.043568192352321,47.813009368176459],[13.043523275689786,47.813278860768719],[13.043792770275022,47.81368310125761],[13.043972432433549,47.813772931714865],[13.044152093693745,47.813728016807303],[13.044152093693745,47.813638186272335],[13.043972432433549,47.813638186272335],[13.043702938746609,47.813144115250687],[13.043792770275022,47.813278860768719],[13.044013263558153,47.813278860768719],[13.044197010356248,47.81368310125761],[13.044286840986363,47.81368310125761],[13.044511418909062,47.813593270041679],[13.044592485575262,47.813309534854383],[13.044915658990289,47.813503439273667],[13.045050405384609,47.813503439273667],[13.045050405384609,47.813368691925284],[13.045140236913021,47.813413607746924],[13.045230068441432,47.813278860768719],[13.045364813937391,47.813323777271329],[13.045364813937391,47.813099199195946],[13.045230068441432,47.813009368176459],[13.045274983307309,47.812111057277299],[13.045050405384609,47.811976309935581],[13.044825828360207,47.811616986204633],[13.044825828360207,47.811527155034256],[13.045005489620403,47.811437323105174],[13.045679223388536,47.811616986204633],[13.045724139152743,47.811706817219637],[13.045589391860124,47.811886478783464],[13.045679223388536,47.812021225754989],[13.046352957156667,47.812245803062815],[13.046442787786782,47.812425465778325],[13.04657753418107,47.812380549705267],[13.04657753418107,47.812829706274535],[13.046981774262296,47.812694958987741],[13.046981774262296,47.812560211954597],[13.047430930107728,47.812560211954597],[13.047386014343523,47.812200888040941],[13.047700422896337,47.812155971773635],[13.048194495404273,47.812200888040941],[13.048329240900262,47.812335634799936],[13.048508903058789,47.812290719252417],[13.04846398819288,47.811661901128296],[13.048598734587202,47.811572070035595],[13.048598734587202,47.811302577031768],[13.048239410270181,47.81121274592077],[13.048329240900262,47.810718674144447],[13.048014832347448,47.810673759008317],[13.04788008595316,47.810494096868723],[13.048014832347448,47.810494096868723],[13.048598734587202,47.810134771931594],[13.049047890432634,47.810134771931594],[13.049497046278066,47.810000026098308],[13.049721624200766,47.810000026098308],[13.049676708436559,47.810089856893782],[13.049991116989373,47.810314434107646],[13.049946201225167,47.809910193940823],[13.050080947619454,47.809505954247378],[13.05003603185525,47.809416123045203],[13.049901286359258,47.809416123045203],[13.049856369696755,47.809011883126011],[13.050125864281991,47.808922052275904],[13.050125864281991,47.808427981029674],[13.05003603185525,47.808427981029674],[13.050080947619454,47.807978825002351],[13.05075468138762,47.80766441612672],[13.05075468138762,47.807484753833265],[13.050619934993298,47.807305092124977],[13.050485187700682,47.807305092124977],[13.050530104363217,47.807215260736108],[13.050395357070599,47.807080513964841],[13.051024175074526,47.80703559869896],[13.051069089940434,47.806361865049887],[13.050619934993298,47.806451696104673],[13.050575019229093,47.806182203077555],[13.05075468138762,47.805912709858852],[13.050619934993298,47.805957624889032],[13.050530104363217,47.805822879078583],[13.050305526440484,47.805822879078583],[13.049991116989373,47.805957624889032],[13.049676708436559,47.805957624889032],[13.049721624200766,47.805194061076755],[13.049497046278066,47.805014398081866],[13.049407214749653,47.805059313888869],[13.049407214749653,47.804924566954767],[13.049272468355333,47.804834736275637],[13.048913143140016,47.804879652237993],[13.048598734587202,47.804744904837825],[13.048419072428674,47.804475412005679],[13.048329240900262,47.804520327071984],[13.048374156664469,47.804385581153156],[13.048284326034388,47.804340664763629],[13.048059748111655,47.804385581153156],[13.048059748111655,47.804520327071984],[13.047430930107728,47.805194061076755],[13.04716143731912,47.805194061076755],[13.04671228057539,47.805014398081866],[13.046487702652659,47.804610158294814],[13.04716143731912,47.803981341299497],[13.047341098579317,47.803981341299497],[13.047386014343523,47.803846593982527],[13.047341098579317,47.803711846919391],[13.047206352185029,47.803756763249325],[13.047251267949235,47.803666931757391],[13.047116520656617,47.803622015953174],[13.046622449945277,47.803666931757391],[13.046891942733884,47.803397438159635],[13.046847027868008,47.803262691741537],[13.046981774262296,47.803083028703682],[13.046352957156667,47.802588958028487],[13.046487702652659,47.802544043102394],[13.046487702652659,47.802454211926836],[13.046667365709482,47.802499126930655],[13.04671228057539,47.802274549109711],[13.046308041392463,47.802049972128103],[13.045724139152743,47.801915225231753],[13.045634307624329,47.801690647300177],[13.045724139152743,47.801645732200754],[13.045679223388536,47.801466069001115],[13.045769054018617,47.801466069001115],[13.045769054018617,47.801376237771692],[13.045589391860124,47.801241492144804],[13.045274983307309,47.801376237771692],[13.045005489620403,47.801376237771692],[13.045005489620403,47.801151659923676],[13.044870743226083,47.801151659923676],[13.044825828360207,47.801286406990329],[13.044646165303384,47.801241492144804],[13.044646165303384,47.801466069001115],[13.044780911697671,47.80142115370753],[13.044735996831795,47.801825394175637],[13.04455633377497,47.801870309119685],[13.044466503144857,47.801690647300177],[13.044376671616444,47.80173556296414],[13.044421588278981,47.801600815855679],[13.044197010356248,47.801600815855679],[13.043568192352321,47.801960140098181],[13.04347836082391,47.801825394175637],[13.04334361442959,47.801825394175637],[13.043388530193795,47.80173556296414],[13.043074120742684,47.80142115370753],[13.04275971218987,47.801555900075172],[13.042220724816024,47.801466069001115],[13.042130894185943,47.801510984859291],[13.042130894185943,47.801645732200754],[13.041771569868924,47.801690647300177],[13.041636822576306,47.802005056132536],[13.040828343312183,47.802319464872227],[13.040244441072431,47.802678788971036],[13.039840200991204,47.802319464872227],[13.039840200991204,47.802229633911722],[13.039750368564496,47.802229633911722],[13.039795285226999,47.802094886878031],[13.039705453698586,47.802049972128103],[13.039121552357164,47.802274549109711],[13.039031720828753,47.802139802795885],[13.039031720828753,47.801780477985901],[13.038852057771928,47.801825394175637],[13.038627480747559,47.802049972128103],[13.038287067763902,47.801922316928341],[13.038582564983354,47.801331323003829],[13.038852057771928,47.801016913714307],[13.038941889300339,47.800118602955571],[13.039480875775887,47.799938939905324],[13.039615623068505,47.799759278044057],[13.039705453698586,47.799310123086322],[13.040064778015607,47.799265207135633],[13.040199525308225,47.799040629213295],[13.040334271702546,47.799040629213295],[13.04028935593834,47.798950798013927],[13.040469018096832,47.798771135752645],[13.040963089706471,47.79868130529416],[13.041232583393377,47.798950798013927],[13.041187666730874,47.799040629213295],[13.041322414023492,47.799040629213295],[13.041367329787697,47.799399954267827],[13.041232583393377,47.799624531240319],[13.041277498259285,47.799804194171038],[13.043388530193795,47.799804194171038],[13.043792770275022,47.799714363085059],[13.043792770275022,47.79908554475471],[13.043253782901177,47.798232148861757],[13.043253782901177,47.797738077913259],[13.043747853612519,47.797648246875532],[13.043972432433549,47.797648246875532],[13.043972432433549,47.798232148861757],[13.04455633377497,47.798546558108363],[13.045544476994214,47.798501642100995],[13.045679223388536,47.798321980096837],[13.046308041392463,47.798321980096837],[13.046487702652659,47.798097401717925],[13.046667365709482,47.798097401717925],[13.046667365709482,47.798950798013927],[13.047430930107728,47.798950798013927],[13.047386014343523,47.799040629213295],[13.047520760737809,47.799040629213295],[13.047565677400346,47.799310123086322],[13.048419072428674,47.799175375721127],[13.048508903058789,47.799310123086322],[13.048508903058789,47.799489785294014],[13.048419072428674,47.799534699843733],[13.046263125628256,47.800208433945969],[13.044735996831795,47.800522843301167],[13.044735996831795,47.80074742024707],[13.044870743226083,47.80074742024707],[13.045005489620403,47.800882167155436],[13.048508903058789,47.799983855876981],[13.048688566115613,47.799489785294014],[13.048778396745695,47.799444868895208],[13.049002974668428,47.799444868895208],[13.04918263682692,47.799579616164877],[13.049586876908148,47.799669446880408],[13.050440271936475,47.799399954267827],[13.050440271936475,47.799983855876981],[13.050485187700682,47.800073687100408],[13.050619934993298,47.800073687100408],[13.050575019229093,47.800298264781077],[13.050664849859208,47.800477927192077],[13.050934344444444,47.800433012250991],[13.051069089940434,47.800567758164625],[13.051069089940434,47.800792336123166],[13.051203837233052,47.800882167155436],[13.051203837233052,47.801331323003829],[13.051024175074526,47.801510984859291],[13.050799597151826,47.801555900075172],[13.050799597151826,47.802139802795885],[13.050664849859208,47.802229633911722],[13.050709765623415,47.802588958028487],[13.050485187700682,47.802544043102394],[13.050305526440484,47.802813536300349],[13.04918263682692,47.802813536300349],[13.049002974668428,47.803307607253103],[13.049047890432634,47.803442354158044],[13.048553818822995,47.803487268910843],[13.048598734587202,47.803622015953174],[13.048374156664469,47.803846593982527],[13.049002974668428,47.803801677730263],[13.049541961143941,47.803981341299497],[13.049586876908148,47.804071172247703],[13.050080947619454,47.804026256189637],[13.05111400570464,47.804520327071984],[13.05133858362734,47.804520327071984],[13.051428415155751,47.804565242702843],[13.051383499391545,47.804655073847989],[13.051518245785866,47.804610158294814],[13.051563160651742,47.804699989965691],[13.0524165565784,47.804520327071984],[13.052686050265306,47.804610158294814],[13.052820796659626,47.804834736275637],[13.053045374582325,47.804969482839404],[13.053674192586286,47.805104230260362],[13.053764024114697,47.805283891737801],[13.053988602037396,47.805373722846895],[13.05430301059021,47.805328806708403],[13.055650477228177,47.805688131711861],[13.055695392992382,47.806496611875481],[13.055605562362301,47.80658644330061],[13.055650477228177,47.806721190146945],[13.055560645699764,47.806766105081358],[13.055605562362301,47.806900852064949],[13.055291152911156,47.807125429795214],[13.055515730833889,47.807394922755137],[13.056054717309403,47.807350007761144],[13.056009802443528,47.807484753833265],[13.055785223622497,47.807574584755983],[13.055740307858292,47.808023741262517],[13.056144547939484,47.808023741262517],[13.056144547939484,47.808338149772965],[13.056054717309403,47.808338149772965],[13.056099633073609,47.808607643076975],[13.05587505515091,47.808607643076975],[13.055740307858292,47.808427981029674],[13.055605562362301,47.808427981029674],[13.055515730833889,47.808607643076975],[13.055650477228177,47.808787305106108],[13.055650477228177,47.808966967720352],[13.05524623714695,47.808922052275904],[13.055201322281075,47.809056799096091],[13.055291152911156,47.809236460778081],[13.055201322281075,47.809326292291011],[13.055066574988457,47.809281377157269],[13.055066574988457,47.809191544963369],[13.054976744358342,47.809236460778081],[13.05502165922425,47.809146629713133],[13.054931827695839,47.809056799096091],[13.054617419143025,47.809011883126011],[13.054617419143025,47.809326292291011],[13.054123348431684,47.809371207989187],[13.053898771407315,47.809550869790172],[13.054033516903271,47.809685616788819],[13.05430301059021,47.809730532176275],[13.05430301059021,47.810494096868723],[13.054078432667477,47.810583928016207],[13.054033516903271,47.810449180935102],[13.053539446191964,47.810449180935102],[13.053494530427757,47.810359350157846],[13.053314868269265,47.810359350157846],[13.052955543952244,47.810673759008317],[13.05300045881812,47.810853421129629],[13.053359784033471,47.81121274592077],[13.053539446191964,47.811257661194048],[13.053764024114697,47.811167830005388],[13.053764024114697,47.811706817219637],[13.053494530427757,47.811572070035595],[13.053314868269265,47.811616986204633],[13.052865713322129,47.81193139528385],[13.052775881793718,47.812425465778325],[13.052191978655667,47.812425465778325],[13.051877570102853,47.812739874788861],[13.052236895318204,47.813144115250687],[13.052191978655667,47.813323777271329],[13.052057233159676,47.813323777271329],[13.052102148025586,47.813413607746924],[13.051877570102853,47.81345852413299],[13.05192248586706,47.813817847790133],[13.05169790794436,47.813907679220776],[13.051518245785866,47.81368310125761],[13.051248752997259,47.813593270041679],[13.051248752997259,47.81435683524959],[13.05075468138762,47.814491581240311],[13.050664849859208,47.815030567739001],[13.050530104363217,47.81512039888144],[13.05003603185525,47.81512039888144],[13.049946201225167,47.815030567739001],[13.049586876908148,47.81507548393293],[13.049541961143941,47.815300060700118],[13.04976653906664,47.815524638908954],[13.04976653906664,47.815749216749715],[13.049272468355333,47.816018710203558],[13.049137721062715,47.816243287717114],[13.048958058904221,47.816198373136615],[13.048958058904221,47.815883963953091],[13.048868228274106,47.815839047855327],[13.048913143140016,47.815749216749715],[13.048778396745695,47.815749216749715],[13.048733480981488,47.815479723706801],[13.047790255323045,47.81525514590696],[13.04657753418107,47.81368310125761],[13.04657753418107,47.813862763826492],[13.046128379233968,47.814311919037287],[13.046038547705557,47.814401750216476],[13.045903801311235,47.81435683524959],[13.046038547705557,47.814761075189011],[13.045454644567506,47.815030567739001],[13.045409729701598,47.81525514590696],[13.045319899071515,47.815300060700118],[13.045319899071515,47.815434807862594],[13.045634307624329,47.815389893186037],[13.045903801311235,47.815614469799854],[13.045769054018617,47.815839047855327],[13.045634307624329,47.815839047855327],[13.045454644567506,47.816018710203558],[13.04549956123001,47.816422949873093],[13.045274983307309,47.816827190014742],[13.045140236913021,47.816827190014742],[13.045185151778897,47.816737358809029],[13.045095321148816,47.816692444052713],[13.045005489620403,47.816737358809029],[13.045005489620403,47.816288204068393],[13.044825828360207,47.816422949873093],[13.044735996831795,47.816378034844767],[13.044735996831795,47.816512782225999],[13.044421588278981,47.816692444052713],[13.044421588278981,47.816872105860952],[13.04455633377497,47.816961936833586],[13.044511418909062,47.817096683905916],[13.044691081067588,47.817366177001489],[13.044331755852239,47.817321262185907],[13.044331755852239,47.817411092984621],[13.044107178827836,47.817456007722491],[13.044017348197753,47.817366177001489],[13.04406226306363,47.81727634612502],[13.043927515771012,47.81727634612502],[13.043837685140931,47.817096683905916],[13.04347836082391,47.817051768253975],[13.04289445858419,47.817321262185907],[13.042490219401261,47.817366177001489],[13.042490219401261,47.816557697137732],[13.042355472108643,47.816512782225999],[13.042355472108643,47.817411092984621],[13.042130894185943,47.817321262185907],[13.041996146893325,47.817006853166419],[13.041412244653573,47.817051768253975],[13.041052921234883,47.81727634612502],[13.040963089706471,47.817635671111127],[13.040783426649647,47.817590754719056]],[[13.043388530193795,47.81507548393293],[13.042624964897252,47.815344977264125],[13.04275971218987,47.815569555278699],[13.042939374348396,47.815569555278699],[13.042939374348396,47.815704301138631],[13.043837685140931,47.815883963953091],[13.043927515771012,47.815300060700118],[13.043792770275022,47.815344977264125],[13.043658022982404,47.81512039888144],[13.043388530193795,47.81507548393293]],[[13.044646165303384,47.814671244028183],[13.04406226306363,47.814895820733952],[13.044017348197753,47.815030567739001],[13.044197010356248,47.81525514590696],[13.044780911697671,47.815434807862594],[13.044960573856198,47.815165314997621],[13.044960573856198,47.814940737044395],[13.044780911697671,47.814671244028183],[13.044646165303384,47.814671244028183]],[[13.050485187700682,47.800612674196053],[13.050395357070599,47.800567758164625],[13.050395357070599,47.800702504935565],[13.050575019229093,47.800657588981807],[13.050485187700682,47.800612674196053]]],[[[13.044241925222156,47.813144115250687],[13.044230696281106,47.813132886089818],[13.044241925222156,47.813099199195946],[13.044441549742883,47.813218974250148],[13.044241925222156,47.813144115250687]]],[[[13.043092087048366,47.805589317840145],[13.043098306085072,47.805601755939101],[13.043074120742684,47.805598301146553],[13.043092087048366,47.805589317840145]]],[[[13.048778396745695,47.806316949765915],[13.048958058904221,47.806316949765915],[13.049047890432634,47.806496611875481],[13.048958058904221,47.806676273966993],[13.048778396745695,47.806676273966993],[13.048643650351407,47.806451696104673],[13.048778396745695,47.806316949765915]]],[[[13.035079150646638,47.80811357185641],[13.035618138020482,47.808203402898215],[13.035842715943181,47.80824831896421],[13.035348645231874,47.808607643076975],[13.035079150646638,47.80811357185641]]],[[[13.043747853612519,47.808652558793376],[13.043786352710658,47.808658975062521],[13.043658022982404,47.808787305106108],[13.043747853612519,47.808652558793376]]],[[[13.047251267949235,47.809955109737324],[13.047610592266222,47.810000026098308],[13.047655508030427,47.810269519225209],[13.047835170188955,47.810449180935102],[13.047430930107728,47.810763589844989],[13.047251267949235,47.810763589844989],[13.046802112103803,47.810494096868723],[13.047071605790709,47.810000026098308],[13.047251267949235,47.809955109737324]]],[[[13.043972432433549,47.813144115250687],[13.044022338339165,47.813164077258918],[13.043985264867386,47.813182613747273],[13.043972432433549,47.813144115250687]]],[[[13.04406226306363,47.813180046859955],[13.044197010356248,47.813233946037073],[13.04406226306363,47.813233946037073],[13.04406226306363,47.813180046859955]]]]},"properties":{"OBJECTID":7,"Name and Size":"Location 1 : 10 - 15","Travel Time Start (Minutes)":10,"Travel Time End (Minutes)":15,"Facility ID":1,"Facility: Name":"Location 1","Facility: title":"Point","Facility: Breaks":null,"Facility: AdditionalTime":0,"Facility: AdditionalDistance":0,"Area (Square Kilometers)":1.66132725}},{"type":"Feature","id":8,"geometry":{"type":"MultiPolygon","coordinates":[[[[13.041816484734799,47.814087341012652],[13.04145716131611,47.813772931714865],[13.041097836100759,47.813772931714865],[13.041008004572346,47.813907679220776],[13.040379186568421,47.813907679220776],[13.040109693779813,47.813548354978714],[13.0395707073043,47.81368310125761],[13.03930121361736,47.813413607746924],[13.03930121361736,47.812874620752588],[13.039166467223072,47.813009368176459],[13.038852057771928,47.813009368176459],[13.038672395613435,47.812829706274535],[13.038627480747559,47.812425465778325],[13.038223239768003,47.812380549705267],[13.037818999686776,47.812560211954597],[13.037729169056695,47.812425465778325],[13.037459676268087,47.812380549705267],[13.036741026735715,47.812425465778325],[13.03669611097151,47.811706817219637],[13.036022378101709,47.811167830005388],[13.036022378101709,47.811077999264604],[13.035887630809091,47.811257661194048],[13.035797800178976,47.81121274592077],[13.035797800178976,47.811347492227313],[13.035618138020482,47.811482238787512],[13.035438475861955,47.811482238787512],[13.035438475861955,47.810718674144447],[13.0357528853131,47.810853421129629],[13.035887630809091,47.810808506110035],[13.035887630809091,47.810943252258831],[13.036022378101709,47.811033083232687],[13.036202040260202,47.810718674144447],[13.036426618182935,47.810539012160234],[13.036561364577222,47.810224603097311],[13.036561364577222,47.809640700759239],[13.036381703317026,47.809640700759239],[13.035393560097749,47.808742390109565],[13.035393560097749,47.808652558793376],[13.035124067309141,47.808922052275904],[13.034719827227915,47.808922052275904],[13.034719827227915,47.809505954247378],[13.034360502012598,47.809326292291011],[13.03422575561831,47.809416123045203],[13.03422575561831,47.809595785294135],[13.034046094358114,47.809505954247378],[13.033686769142763,47.809550869790172],[13.033552021850145,47.809371207989187],[13.033552021850145,47.808877136792603],[13.033237613297331,47.808966967720352],[13.033147781768919,47.808877136792603],[13.032833373216105,47.808922052275904],[13.032698626821817,47.808832221270421],[13.032698626821817,47.808023741262517],[13.03373168490697,47.808203402898215],[13.033956261931371,47.807978825002351],[13.034405417776803,47.807978825002351],[13.034764742093824,47.807799163193138],[13.034360502012598,47.806900852064949],[13.033956261931371,47.806855936040357],[13.034001177695577,47.806945768050689],[13.03373168490697,47.806945768050689],[13.03373168490697,47.80681102118362],[13.033821516435381,47.80681102118362],[13.03386643130129,47.806676273966993],[13.034046094358114,47.806676273966993],[13.03422575561831,47.806406780898378],[13.034405417776803,47.806406780898378],[13.034585079935297,47.806272033839697],[13.034629995699502,47.805957624889032],[13.033552021850145,47.805014398081866],[13.033776599772878,47.804610158294814],[13.033911347065496,47.804699989965691],[13.034046094358114,47.804699989965691],[13.034091009223989,47.804610158294814],[13.03422575561831,47.804655073847989],[13.034180839854104,47.804565242702843],[13.034629995699502,47.80411608706018],[13.034764742093824,47.80411608706018],[13.034764742093824,47.804250834281461],[13.035168983073348,47.804610158294814],[13.035124067309141,47.804744904837825],[13.035303728569337,47.804699989965691],[13.035258813703463,47.804834736275637],[13.035663053784688,47.804834736275637],[13.036022378101709,47.804969482839404],[13.036202040260202,47.804610158294814],[13.036651196105634,47.804340664763629],[13.036920688894243,47.803936425163755],[13.037504592032292,47.803487268910843],[13.0379986627436,47.802678788971036],[13.038088494272012,47.802139802795885],[13.038268156430538,47.801915225231753],[13.038627480747559,47.802049972128103],[13.038852057771928,47.801825394175637],[13.039031720828753,47.801780477985901],[13.039031720828753,47.802139802795885],[13.039121552357164,47.802274549109711],[13.039705453698586,47.802049972128103],[13.039795285226999,47.802094886878031],[13.039750368564496,47.802229633911722],[13.039840200991204,47.802229633911722],[13.039840200991204,47.802319464872227],[13.040244441072431,47.802678788971036],[13.040828343312183,47.802319464872227],[13.041636822576306,47.802005056132536],[13.041771569868924,47.801690647300177],[13.042130894185943,47.801645732200754],[13.042130894185943,47.801510984859291],[13.042220724816024,47.801466069001115],[13.04275971218987,47.801555900075172],[13.043074120742684,47.80142115370753],[13.043388530193795,47.80173556296414],[13.04334361442959,47.801825394175637],[13.04347836082391,47.801825394175637],[13.043568192352321,47.801960140098181],[13.044197010356248,47.801600815855679],[13.044421588278981,47.801600815855679],[13.044376671616444,47.80173556296414],[13.044466503144857,47.801690647300177],[13.04455633377497,47.801870309119685],[13.044735996831795,47.801825394175637],[13.044780911697671,47.80142115370753],[13.044646165303384,47.801466069001115],[13.044646165303384,47.801241492144804],[13.044825828360207,47.801286406990329],[13.044870743226083,47.801151659923676],[13.045005489620403,47.801151659923676],[13.045005489620403,47.801376237771692],[13.045274983307309,47.801376237771692],[13.045589391860124,47.801241492144804],[13.045769054018617,47.801376237771692],[13.045769054018617,47.801466069001115],[13.045679223388536,47.801466069001115],[13.045724139152743,47.801645732200754],[13.045634307624329,47.801690647300177],[13.045724139152743,47.801915225231753],[13.046308041392463,47.802049972128103],[13.04671228057539,47.802274549109711],[13.046667365709482,47.802499126930655],[13.046487702652659,47.802454211926836],[13.046487702652659,47.802544043102394],[13.046352957156667,47.802588958028487],[13.046981774262296,47.803083028703682],[13.046847027868008,47.803262691741537],[13.046891942733884,47.803397438159635],[13.046622449945277,47.803666931757391],[13.047116520656617,47.803622015953174],[13.047251267949235,47.803666931757391],[13.047206352185029,47.803756763249325],[13.047341098579317,47.803711846919391],[13.047386014343523,47.803846593982527],[13.047341098579317,47.803981341299497],[13.04716143731912,47.803981341299497],[13.046487702652659,47.804610158294814],[13.04671228057539,47.805014398081866],[13.04716143731912,47.805194061076755],[13.047430930107728,47.805194061076755],[13.048059748111655,47.804520327071984],[13.048059748111655,47.804385581153156],[13.048284326034388,47.804340664763629],[13.048374156664469,47.804385581153156],[13.048329240900262,47.804520327071984],[13.048419072428674,47.804475412005679],[13.048598734587202,47.804744904837825],[13.048913143140016,47.804879652237993],[13.049272468355333,47.804834736275637],[13.049407214749653,47.804924566954767],[13.049407214749653,47.805059313888869],[13.049497046278066,47.805014398081866],[13.049721624200766,47.805194061076755],[13.049676708436559,47.805957624889032],[13.049991116989373,47.805957624889032],[13.050305526440484,47.805822879078583],[13.050530104363217,47.805822879078583],[13.050619934993298,47.805957624889032],[13.05075468138762,47.805912709858852],[13.050575019229093,47.806182203077555],[13.050619934993298,47.806451696104673],[13.051069089940434,47.806361865049887],[13.051024175074526,47.80703559869896],[13.050395357070599,47.807080513964841],[13.050530104363217,47.807215260736108],[13.050485187700682,47.807305092124977],[13.050619934993298,47.807305092124977],[13.05075468138762,47.807484753833265],[13.05075468138762,47.80766441612672],[13.050080947619454,47.807978825002351],[13.05003603185525,47.808427981029674],[13.050125864281991,47.808427981029674],[13.050125864281991,47.808922052275904],[13.049856369696755,47.809011883126011],[13.049901286359258,47.809416123045203],[13.05003603185525,47.809416123045203],[13.050080947619454,47.809505954247378],[13.049946201225167,47.809910193940823],[13.049991116989373,47.810314434107646],[13.049676708436559,47.810089856893782],[13.049721624200766,47.810000026098308],[13.049497046278066,47.810000026098308],[13.049047890432634,47.810134771931594],[13.048598734587202,47.810134771931594],[13.048014832347448,47.810494096868723],[13.04788008595316,47.810494096868723],[13.048014832347448,47.810673759008317],[13.048329240900262,47.810718674144447],[13.048239410270181,47.81121274592077],[13.048598734587202,47.811302577031768],[13.048598734587202,47.811572070035595],[13.04846398819288,47.811661901128296],[13.048508903058789,47.812290719252417],[13.048329240900262,47.812335634799936],[13.048194495404273,47.812200888040941],[13.047700422896337,47.812155971773635],[13.047386014343523,47.812200888040941],[13.047430930107728,47.812560211954597],[13.046981774262296,47.812560211954597],[13.046981774262296,47.812694958987741],[13.04657753418107,47.812829706274535],[13.04657753418107,47.812380549705267],[13.046442787786782,47.812425465778325],[13.046352957156667,47.812245803062815],[13.045679223388536,47.812021225754989],[13.045589391860124,47.811886478783464],[13.045724139152743,47.811706817219637],[13.045679223388536,47.811616986204633],[13.045005489620403,47.811437323105174],[13.044825828360207,47.811527155034256],[13.044825828360207,47.811616986204633],[13.045050405384609,47.811976309935581],[13.045274983307309,47.812111057277299],[13.045230068441432,47.813009368176459],[13.045364813937391,47.813099199195946],[13.045364813937391,47.813323777271329],[13.045230068441432,47.813278860768719],[13.045140236913021,47.813413607746924],[13.045050405384609,47.813368691925284],[13.045050405384609,47.813503439273667],[13.044915658990289,47.813503439273667],[13.044241925222156,47.813099199195946],[13.044197010356248,47.813233946037073],[13.043972432433549,47.813144115250687],[13.044017348197753,47.813278860768719],[13.043792770275022,47.813278860768719],[13.043702938746609,47.813144115250687],[13.043747853612519,47.812964452005168],[13.043568192352321,47.813009368176459],[13.043523275689786,47.813233946037073],[13.04334361442959,47.813233946037073],[13.043253782901177,47.81318903006003],[13.043298698665383,47.813054283705625],[13.043163952271096,47.812964452005168],[13.043163952271096,47.812739874788861],[13.042849542819985,47.812739874788861],[13.042535134267171,47.812515297204605],[13.042310556344438,47.812515297204605],[13.042220724816024,47.81260512787226],[13.042265640580231,47.813907679220776],[13.042130894185943,47.814087341012652],[13.041951232027417,47.814042425773764],[13.041816484734799,47.814087341012652]],[[13.04087325817806,47.803127944973944],[13.040918173942265,47.803307607253103],[13.041097836100759,47.803352522725788],[13.041008004572346,47.803262691741537],[13.04087325817806,47.803127944973944]],[[13.043747853612519,47.811751732065595],[13.043658022982404,47.811841562847512],[13.043927515771012,47.81193139528385],[13.043837685140931,47.811796648079245],[13.043747853612519,47.811751732065595]],[[13.043837685140931,47.812919537001584],[13.043837685140931,47.813009368176459],[13.043927515771012,47.813009368176459],[13.043927515771012,47.813099199195946],[13.044017348197753,47.813099199195946],[13.044017348197753,47.812964452005168],[13.044197010356248,47.813054283705625],[13.044152093693745,47.812919537001584],[13.044421588278981,47.812874620752588],[13.044421588278981,47.812694958987741],[13.043927515771012,47.812919537001584],[13.043837685140931,47.812919537001584]],[[13.044691081067588,47.809595785294135],[13.044735996831795,47.809955109737324],[13.045095321148816,47.809865278708784],[13.044870743226083,47.809640700759239],[13.044915658990289,47.809550869790172],[13.044825828360207,47.809550869790172],[13.044691081067588,47.809595785294135]],[[13.048778396745695,47.806316949765915],[13.048643650351407,47.806451696104673],[13.048778396745695,47.806676273966993],[13.048958058904221,47.806676273966993],[13.049047890432634,47.806496611875481],[13.048958058904221,47.806316949765915],[13.048778396745695,47.806316949765915]],[[13.043972432433549,47.811976309935581],[13.043882600905135,47.811976309935581],[13.04406226306363,47.812380549705267],[13.043927515771012,47.812335634799936],[13.043972432433549,47.812425465778325],[13.043882600905135,47.812425465778325],[13.043837685140931,47.812560211954597],[13.044197010356248,47.812739874788861],[13.044152093693745,47.81260512787226],[13.044376671616444,47.812650043147784],[13.044376671616444,47.812560211954597],[13.044241925222156,47.812560211954597],[13.044286840986363,47.812425465778325],[13.044107178827836,47.812200888040941],[13.043972432433549,47.811976309935581]],[[13.035079150646638,47.80811357185641],[13.035348645231874,47.808607643076975],[13.035842715943181,47.80824831896421],[13.035618138020482,47.808203402898215],[13.035079150646638,47.80811357185641]],[[13.041142751864964,47.802948283280145],[13.041187666730874,47.803083028703682],[13.041546991946191,47.803083028703682],[13.041996146893325,47.802903366854537],[13.042085979320035,47.802723704987471],[13.0415919068121,47.802723704987471],[13.041502076181985,47.802768620965026],[13.041546991946191,47.802858452200283],[13.041412244653573,47.802813536300349],[13.04145716131611,47.802903366854537],[13.041322414023492,47.802858452200283],[13.041322414023492,47.802948283280145],[13.041142751864964,47.802948283280145]],[[13.047071605790709,47.810000026098308],[13.046802112103803,47.810494096868723],[13.047251267949235,47.810763589844989],[13.047430930107728,47.810763589844989],[13.047835170188955,47.810449180935102],[13.047655508030427,47.810269519225209],[13.047610592266222,47.810000026098308],[13.047251267949235,47.809955109737324],[13.047071605790709,47.810000026098308]],[[13.042265640580231,47.810179688137183],[13.042490219401261,47.810179688137183],[13.04275971218987,47.809820362834586],[13.04334361442959,47.810000026098308],[13.043433445059703,47.808922052275904],[13.043658022982404,47.808877136792603],[13.043676609125651,47.808830671959349],[13.043792770275022,47.809101713820738],[13.044107178827836,47.80946103926901],[13.044107178827836,47.809595785294135],[13.044241925222156,47.809505954247378],[13.044197010356248,47.809640700759239],[13.044466503144857,47.809640700759239],[13.044421588278981,47.809505954247378],[13.044601250437475,47.80946103926901],[13.045005489620403,47.80946103926901],[13.044966111969904,47.809067258709504],[13.045005489620403,47.809101713820738],[13.045319899071515,47.809056799096091],[13.045274983307309,47.808517812131008],[13.04549956123001,47.808517812131008],[13.045589391860124,47.808383065119095],[13.046083462571431,47.808427981029674],[13.04599363194135,47.807978825002351],[13.046038547705557,47.807574584755983],[13.045230068441432,47.807619500762449],[13.045409729701598,47.807394922755137],[13.045409729701598,47.807170344983412],[13.045274983307309,47.80703559869896],[13.044735996831795,47.806990682790904],[13.044825828360207,47.806406780898378],[13.044691081067588,47.806406780898378],[13.044601250437475,47.806272033839697],[13.044466503144857,47.806316949765915],[13.044421588278981,47.806227119081399],[13.044286840986363,47.806227119081399],[13.044331755852239,47.806406780898378],[13.044107178827836,47.806406780898378],[13.04347836082391,47.806182203077555],[13.043281855253808,47.806210274905744],[13.043253782901177,47.806182203077555],[13.043074120742684,47.806137287034858],[13.042984290112603,47.806092372159995],[13.043208868035302,47.805643215845286],[13.043074120742684,47.805688131711861],[13.043074120742684,47.805598301146553],[13.043388530193795,47.805643215845286],[13.04334361442959,47.805418638946506],[13.043253782901177,47.805418638946506],[13.043208868035302,47.805328806708403],[13.043523275689786,47.805508469822527],[13.043972432433549,47.805463553800593],[13.043972432433549,47.804924566954767],[13.043882600905135,47.804969482839404],[13.043702938746609,47.804744904837825],[13.043613108116528,47.804789820877815],[13.043658022982404,47.804655073847989],[13.043568192352321,47.804655073847989],[13.043388530193795,47.804385581153156],[13.043253782901177,47.804385581153156],[13.043163952271096,47.805014398081866],[13.042984290112603,47.805059313888869],[13.04289445858419,47.805283891737801],[13.042925338172083,47.805469169210468],[13.042490219401261,47.805643215845286],[13.042490219401261,47.805890252027517],[13.042445302738757,47.805822879078583],[13.042490219401261,47.805553385202295],[13.042310556344438,47.805373722846895],[13.041861401397336,47.805373722846895],[13.041816484734799,47.805014398081866],[13.04190631626321,47.804924566954767],[13.0415919068121,47.804969482839404],[13.041546991946191,47.804879652237993],[13.041502076181985,47.805014398081866],[13.041412244653573,47.805014398081866],[13.04145716131611,47.804924566954767],[13.041367329787697,47.804924566954767],[13.041008004572346,47.804520327071984],[13.040693596019565,47.804744904837825],[13.040334271702546,47.804295750145293],[13.040244441072431,47.804340664763629],[13.04028935593834,47.804205917775363],[13.040109693779813,47.804026256189637],[13.039840200991204,47.804161003040569],[13.039435960909978,47.804699989965691],[13.039256297853154,47.804565242702843],[13.039076635694661,47.804610158294814],[13.039076635694661,47.804520327071984],[13.038537649219148,47.80411608706018],[13.038313072194745,47.804475412005679],[13.03763933842658,47.804744904837825],[13.03763933842658,47.805777962725166],[13.037459676268087,47.805867794186476],[13.037190182581147,47.806451696104673],[13.036785943398252,47.80788899417545],[13.03705543618686,47.808158488000039],[13.037190182581147,47.808472896901414],[13.037459676268087,47.808517812131008],[13.037504592032292,47.808697473867561],[13.038223239768003,47.808697473867561],[13.038313072194745,47.808787305106108],[13.038133409137922,47.808922052275904],[13.038088494272012,47.809505954247378],[13.038268156430538,47.809505954247378],[13.038672395613435,47.809146629713133],[13.038627480747559,47.809056799096091],[13.038896974434465,47.809101713820738],[13.038941889300339,47.8085627279251],[13.039031720828753,47.808607643076975],[13.038986805064546,47.809191544963369],[13.039211382987279,47.809191544963369],[13.039211382987279,47.809730532176275],[13.039346129381567,47.809865278708784],[13.039885115857114,47.809865278708784],[13.040154610442348,47.810179688137183],[13.04145716131611,47.81004494121381],[13.041726654104718,47.810269519225209],[13.041983612700159,47.81031234488988],[13.041951232027417,47.810539012160234],[13.042085979320035,47.810718674144447],[13.042714796425663,47.810673759008317],[13.042669880661457,47.810628843230035],[13.042580050031376,47.810449180935102],[13.042265640580231,47.810314434107646],[13.042265640580231,47.810179688137183]]],[[[13.043747853612519,47.808652558793376],[13.044646165303384,47.808787305106108],[13.044802393111061,47.808924005200836],[13.04455633377497,47.808787305106108],[13.043747853612519,47.808652558793376]]],[[[13.04275971218987,47.806092372159995],[13.043074120742684,47.806137287034858],[13.043163952271096,47.806227119081399],[13.04275971218987,47.806092372159995]]],[[[13.04202785293128,47.810219318808926],[13.042041062657532,47.810179688137183],[13.042265640580231,47.810179688137183],[13.04202785293128,47.810219318808926]]],[[[13.042669880661457,47.805822879078583],[13.042714796425663,47.805822879078583],[13.042669880661457,47.805957624889032],[13.042669880661457,47.805822879078583]]],[[[13.042508184808646,47.805917201182631],[13.042669880661457,47.805957624889032],[13.042535134267171,47.805957624889032],[13.042508184808646,47.805917201182631]]],[[[13.043074120742684,47.805598301146553],[13.043074120742684,47.805553385202295],[13.043163952271096,47.805553385202295],[13.043074120742684,47.805598301146553]]],[[[13.042928805669078,47.805489975243084],[13.042939374348396,47.805553385202295],[13.042888041918092,47.805591883895893],[13.042928805669078,47.805489975243084]]]]},"properties":{"OBJECTID":8,"Name and Size":"Location 1 : 5 - 10","Travel Time Start (Minutes)":5,"Travel Time End (Minutes)":10,"Facility ID":1,"Facility: Name":"Location 1","Facility: title":"Point","Facility: Breaks":null,"Facility: AdditionalTime":0,"Facility: AdditionalDistance":0,"Area (Square Kilometers)":0.89179271999999998}},{"type":"Feature","id":9,"geometry":{"type":"Polygon","coordinates":[[[13.041726654104718,47.810269519225209],[13.04145716131611,47.81004494121381],[13.040154610442348,47.810179688137183],[13.039885115857114,47.809865278708784],[13.039346129381567,47.809865278708784],[13.039211382987279,47.809730532176275],[13.039211382987279,47.809191544963369],[13.038986805064546,47.809191544963369],[13.039031720828753,47.808607643076975],[13.038941889300339,47.8085627279251],[13.038896974434465,47.809101713820738],[13.038627480747559,47.809056799096091],[13.038672395613435,47.809146629713133],[13.038268156430538,47.809505954247378],[13.038088494272012,47.809505954247378],[13.038133409137922,47.808922052275904],[13.038313072194745,47.808787305106108],[13.038223239768003,47.808697473867561],[13.037504592032292,47.808697473867561],[13.037459676268087,47.808517812131008],[13.037190182581147,47.808472896901414],[13.03705543618686,47.808158488000039],[13.036785943398252,47.80788899417545],[13.037190182581147,47.806451696104673],[13.037459676268087,47.805867794186476],[13.03763933842658,47.805777962725166],[13.03763933842658,47.804744904837825],[13.038313072194745,47.804475412005679],[13.038537649219148,47.80411608706018],[13.039076635694661,47.804520327071984],[13.039076635694661,47.804610158294814],[13.039256297853154,47.804565242702843],[13.039435960909978,47.804699989965691],[13.039840200991204,47.804161003040569],[13.040109693779813,47.804026256189637],[13.04028935593834,47.804205917775363],[13.040244441072431,47.804340664763629],[13.040334271702546,47.804295750145293],[13.040693596019565,47.804744904837825],[13.041008004572346,47.804520327071984],[13.041367329787697,47.804924566954767],[13.04145716131611,47.804924566954767],[13.041412244653573,47.805014398081866],[13.041502076181985,47.805014398081866],[13.041546991946191,47.804879652237993],[13.0415919068121,47.804969482839404],[13.04190631626321,47.804924566954767],[13.041816484734799,47.805014398081866],[13.041861401397336,47.805373722846895],[13.042310556344438,47.805373722846895],[13.042490219401261,47.805553385202295],[13.042445302738757,47.805822879078583],[13.042535134267171,47.805957624889032],[13.042669880661457,47.805957624889032],[13.04275971218987,47.805688131711861],[13.042939374348396,47.805553385202295],[13.04289445858419,47.805283891737801],[13.042984290112603,47.805059313888869],[13.043163952271096,47.805014398081866],[13.043253782901177,47.804385581153156],[13.043388530193795,47.804385581153156],[13.043568192352321,47.804655073847989],[13.043658022982404,47.804655073847989],[13.043613108116528,47.804789820877815],[13.043702938746609,47.804744904837825],[13.043882600905135,47.804969482839404],[13.043972432433549,47.804924566954767],[13.043972432433549,47.805463553800593],[13.043523275689786,47.805508469822527],[13.043208868035302,47.805328806708403],[13.043163952271096,47.805553385202295],[13.043074120742684,47.805553385202295],[13.043074120742684,47.805777962725166],[13.04289445858419,47.806047456039629],[13.04275971218987,47.806002541087082],[13.04275971218987,47.806092372159995],[13.043163952271096,47.806227119081399],[13.04347836082391,47.806182203077555],[13.044107178827836,47.806406780898378],[13.044331755852239,47.806406780898378],[13.044286840986363,47.806227119081399],[13.044421588278981,47.806227119081399],[13.044466503144857,47.806316949765915],[13.044601250437475,47.806272033839697],[13.044691081067588,47.806406780898378],[13.044825828360207,47.806406780898378],[13.044735996831795,47.806990682790904],[13.045274983307309,47.80703559869896],[13.045409729701598,47.807170344983412],[13.045409729701598,47.807394922755137],[13.045230068441432,47.807619500762449],[13.046038547705557,47.807574584755983],[13.04599363194135,47.807978825002351],[13.046083462571431,47.808427981029674],[13.045589391860124,47.808383065119095],[13.04549956123001,47.808517812131008],[13.045274983307309,47.808517812131008],[13.045319899071515,47.809056799096091],[13.045005489620403,47.809101713820738],[13.044646165303384,47.808787305106108],[13.043747853612519,47.808652558793376],[13.043658022982404,47.808877136792603],[13.043433445059703,47.808922052275904],[13.04334361442959,47.810000026098308],[13.04275971218987,47.809820362834586],[13.042490219401261,47.810179688137183],[13.042041062657532,47.810179688137183],[13.041996146893325,47.810314434107646],[13.041726654104718,47.810269519225209]],[[13.043568192352321,47.806451696104673],[13.043388530193795,47.806361865049887],[13.043208868035302,47.806541527004136],[13.043208868035302,47.806676273966993],[13.043702938746609,47.80681102118362],[13.043747853612519,47.806451696104673],[13.043568192352321,47.806451696104673]]]},"properties":{"OBJECTID":9,"Name and Size":"Location 1 : 0 - 5","Travel Time Start (Minutes)":0,"Travel Time End (Minutes)":5,"Facility ID":1,"Facility: Name":"Location 1","Facility: title":"Point","Facility: Breaks":null,"Facility: AdditionalTime":0,"Facility: AdditionalDistance":0,"Area (Square Kilometers)":0.29619092000000002}}]}